observation_id,respondent_id,alternative_index,label,optimized_for,time_minutes,cost_rupiah,transfers,access_km,comfort,reliability,age,gender,occupation,income,vehicle_ownership,trip_purpose,transit_frequency,pref_time,pref_cost,pref_comfort,pref_accessibility,pref_reliability,chosen
0,657b594f-1d4a-48ca-89eb-10e190342b2f,0,Tercepat,time,85.60,5000.0,2.0,1.63,2.62,3.07,,,,,,,,,,,,,1
0,657b594f-1d4a-48ca-89eb-10e190342b2f,1,Rekomendasi,alternative,88.13,10000.0,2.0,1.93,2.88,3.29,,,,,,,,,,,,,0
0,657b594f-1d4a-48ca-89eb-10e190342b2f,2,Kendaraan Pribadi,private_vehicle,16.50,2551.0,0.0,0.00,4.00,3.00,,,,,,,,,,,,,0
1,38804b74-2ba0-4309-8b28-388586d0a3e7,0,Rekomendasi,time,28.63,5000.0,0.0,0.21,4.78,4.96,<18,Perempuan,Wiraswasta,5-10 juta,Mobil,Kerja,Beberapa kali seminggu,3.0,4.0,2.0,4.0,4.0,1
1,38804b74-2ba0-4309-8b28-388586d0a3e7,1,Kendaraan Pribadi,private_vehicle,33.80,2815.0,0.0,0.00,4.00,3.00,<18,Perempuan,Wiraswasta,5-10 juta,Mobil,Kerja,Beberapa kali seminggu,3.0,4.0,2.0,4.0,4.0,0
1,38804b74-2ba0-4309-8b28-388586d0a3e7,2,Preferensi Saya,preference,28.63,5000.0,0.0,0.21,4.78,4.96,<18,Perempuan,Wiraswasta,5-10 juta,Mobil,Kerja,Beberapa kali seminggu,3.0,4.0,2.0,4.0,4.0,0
2,543998fb-e431-4dbb-8506-69d8773616ed,0,Rekomendasi,time,69.64,10000.0,2.0,0.67,2.70,3.27,18-25,Laki-laki,Pelajar/Mahasiswa,<1 juta,Tidak punya,Sekolah/Kuliah,Beberapa kali seminggu,5.0,5.0,5.0,5.0,5.0,0
2,543998fb-e431-4dbb-8506-69d8773616ed,1,Termurah,cost,71.29,5000.0,2.0,1.01,2.41,2.84,18-25,Laki-laki,Pelajar/Mahasiswa,<1 juta,Tidak punya,Sekolah/Kuliah,Beberapa kali seminggu,5.0,5.0,5.0,5.0,5.0,1
2,543998fb-e431-4dbb-8506-69d8773616ed,2,Kendaraan Pribadi,private_vehicle,33.20,2770.0,0.0,0.00,4.00,3.00,18-25,Laki-laki,Pelajar/Mahasiswa,<1 juta,Tidak punya,Sekolah/Kuliah,Beberapa kali seminggu,5.0,5.0,5.0,5.0,5.0,0
2,543998fb-e431-4dbb-8506-69d8773616ed,3,Preferensi Saya,preference,33.20,2770.0,0.0,0.00,4.00,3.00,18-25,Laki-laki,Pelajar/Mahasiswa,<1 juta,Tidak punya,Sekolah/Kuliah,Beberapa kali seminggu,5.0,5.0,5.0,5.0,5.0,0
3,ae321474-fe61-442a-9891-17ecbdca53e2,0,Rekomendasi,time,30.43,5000.0,0.0,0.72,3.54,3.46,18-25,Laki-laki,Pelajar/Mahasiswa,1-3 juta,Motor dan mobil,Sekolah/Kuliah,Beberapa kali seminggu,5.0,3.0,5.0,3.0,5.0,1
3,ae321474-fe61-442a-9891-17ecbdca53e2,1,Termurah,cost,38.80,0.0,0.0,0.76,2.50,2.49,18-25,Laki-laki,Pelajar/Mahasiswa,1-3 juta,Motor dan mobil,Sekolah/Kuliah,Beberapa kali seminggu,5.0,3.0,5.0,3.0,5.0,0
3,ae321474-fe61-442a-9891-17ecbdca53e2,2,Kendaraan Pribadi,private_vehicle,9.50,790.0,0.0,0.00,4.00,3.00,18-25,Laki-laki,Pelajar/Mahasiswa,1-3 juta,Motor dan mobil,Sekolah/Kuliah,Beberapa kali seminggu,5.0,3.0,5.0,3.0,5.0,0
3,ae321474-fe61-442a-9891-17ecbdca53e2,3,Preferensi Saya,preference,9.50,790.0,0.0,0.00,4.00,3.00,18-25,Laki-laki,Pelajar/Mahasiswa,1-3 juta,Motor dan mobil,Sekolah/Kuliah,Beberapa kali seminggu,5.0,3.0,5.0,3.0,5.0,0
4,78b68e37-1801-4f55-97be-77c096634558,0,Rekomendasi,time,47.63,5000.0,0.0,0.42,3.39,3.61,18-25,Laki-laki,Pelajar/Mahasiswa,5-10 juta,Motor dan mobil,Sekolah/Kuliah,Beberapa kali seminggu,,,,,,1
4,78b68e37-1801-4f55-97be-77c096634558,1,Kendaraan Pribadi,private_vehicle,30.20,2515.0,0.0,0.00,4.00,3.00,18-25,Laki-laki,Pelajar/Mahasiswa,5-10 juta,Motor dan mobil,Sekolah/Kuliah,Beberapa kali seminggu,,,,,,0
5,b38afdb4-49a8-404a-9787-42d99a365b52,0,Rekomendasi,time,53.51,10000.0,1.0,0.18,3.79,4.17,18-25,Perempuan,Pelajar/Mahasiswa,1-3 juta,Motor,Sekolah/Kuliah,Setiap hari,3.0,3.0,3.0,3.0,3.0,1
5,b38afdb4-49a8-404a-9787-42d99a365b52,1,Termurah,cost,55.62,5000.0,1.0,0.52,3.37,3.57,18-25,Perempuan,Pelajar/Mahasiswa,1-3 juta,Motor,Sekolah/Kuliah,Setiap hari,3.0,3.0,3.0,3.0,3.0,0
5,b38afdb4-49a8-404a-9787-42d99a365b52,2,Kendaraan Pribadi,private_vehicle,27.60,2302.0,0.0,0.00,4.00,3.00,18-25,Perempuan,Pelajar/Mahasiswa,1-3 juta,Motor,Sekolah/Kuliah,Setiap hari,3.0,3.0,3.0,3.0,3.0,0
5,b38afdb4-49a8-404a-9787-42d99a365b52,3,Preferensi Saya,preference,27.60,2302.0,0.0,0.00,4.00,3.00,18-25,Perempuan,Pelajar/Mahasiswa,1-3 juta,Motor,Sekolah/Kuliah,Setiap hari,3.0,3.0,3.0,3.0,3.0,0
6,ccb09cc9-6b8b-486d-9b1f-f977e08f70fa,0,Kendaraan Pribadi,private_vehicle,122.70,10222.0,0.0,0.00,4.00,3.00,<18,Laki-laki,Pelajar/Mahasiswa,<1 juta,Motor,Lainnya,Jarang/tidak pernah,5.0,5.0,5.0,3.0,5.0,1
6,ccb09cc9-6b8b-486d-9b1f-f977e08f70fa,1,Preferensi Saya,preference,122.70,10222.0,0.0,0.00,4.00,3.00,<18,Laki-laki,Pelajar/Mahasiswa,<1 juta,Motor,Lainnya,Jarang/tidak pernah,5.0,5.0,5.0,3.0,5.0,0
7,3b99966b-d90b-40f7-9883-3568c82c13b9,0,Rekomendasi,time,66.25,5000.0,1.0,0.20,2.65,3.02,18-25,Laki-laki,Pelajar/Mahasiswa,<1 juta,Motor,Sekolah/Kuliah,Beberapa kali sebulan,,,,,,1
7,3b99966b-d90b-40f7-9883-3568c82c13b9,1,Kendaraan Pribadi,private_vehicle,37.40,3115.0,0.0,0.00,4.00,3.00,18-25,Laki-laki,Pelajar/Mahasiswa,<1 juta,Motor,Sekolah/Kuliah,Beberapa kali sebulan,,,,,,0
8,c9f08fc9-b07f-42e7-8b4b-a523add821c2,0,Rekomendasi,time,89.57,10000.0,2.0,1.08,2.65,3.17,<18,Perempuan,Pelajar/Mahasiswa,1-3 juta,Mobil,Sekolah/Kuliah,Jarang/tidak pernah,5.0,3.0,5.0,3.0,5.0,1
8,c9f08fc9-b07f-42e7-8b4b-a523add821c2,1,Termurah,cost,91.34,5000.0,2.0,1.42,2.43,2.84,<18,Perempuan,Pelajar/Mahasiswa,1-3 juta,Mobil,Sekolah/Kuliah,Jarang/tidak pernah,5.0,3.0,5.0,3.0,5.0,0
8,c9f08fc9-b07f-42e7-8b4b-a523add821c2,2,Kendaraan Pribadi,private_vehicle,34.60,2880.0,0.0,0.00,4.00,3.00,<18,Perempuan,Pelajar/Mahasiswa,1-3 juta,Mobil,Sekolah/Kuliah,Jarang/tidak pernah,5.0,3.0,5.0,3.0,5.0,0
8,c9f08fc9-b07f-42e7-8b4b-a523add821c2,3,Preferensi Saya,preference,34.60,2880.0,0.0,0.00,4.00,3.00,<18,Perempuan,Pelajar/Mahasiswa,1-3 juta,Mobil,Sekolah/Kuliah,Jarang/tidak pernah,5.0,3.0,5.0,3.0,5.0,0
9,e4bdfa4f-d092-5c3b-84f5-3062f4f29d02,0,Rekomendasi,time,50.51,10000.0,1.0,0.18,3.73,4.12,18-25,Perempuan,Pelajar/Mahasiswa,1-3 juta,Motor,Sekolah/Kuliah,Setiap hari,3.0,3.0,3.0,3.0,3.0,1
9,e4bdfa4f-d092-5c3b-84f5-3062f4f29d02,1,Termurah,cost,52.62,5000.0,1.0,0.52,3.30,3.49,18-25,Perempuan,Pelajar/Mahasiswa,1-3 juta,Motor,Sekolah/Kuliah,Setiap hari,3.0,3.0,3.0,3.0,3.0,0
9,e4bdfa4f-d092-5c3b-84f5-3062f4f29d02,2,Kendaraan Pribadi,private_vehicle,25.90,2158.0,0.0,0.00,4.00,3.00,18-25,Perempuan,Pelajar/Mahasiswa,1-3 juta,Motor,Sekolah/Kuliah,Setiap hari,3.0,3.0,3.0,3.0,3.0,0
9,e4bdfa4f-d092-5c3b-84f5-3062f4f29d02,3,Preferensi Saya,preference,25.90,2158.0,0.0,0.00,4.00,3.00,18-25,Perempuan,Pelajar/Mahasiswa,1-3 juta,Motor,Sekolah/Kuliah,Setiap hari,3.0,3.0,3.0,3.0,3.0,0
10,6c8c38e3-85f1-42ab-8ad1-7c26b6c04fb8,0,Kendaraan Pribadi,private_vehicle,0.00,0.0,0.0,0.00,0.00,0.00,18-25,Perempuan,Pelajar/Mahasiswa,<1 juta,Motor,Sekolah/Kuliah,Beberapa kali sebulan,5.0,5.0,5.0,4.0,5.0,1
10,6c8c38e3-85f1-42ab-8ad1-7c26b6c04fb8,1,Preferensi Saya,preference,0.00,0.0,0.0,0.00,0.00,0.00,18-25,Perempuan,Pelajar/Mahasiswa,<1 juta,Motor,Sekolah/Kuliah,Beberapa kali sebulan,5.0,5.0,5.0,4.0,5.0,0
11,42750a80-5340-478a-a0c5-45eaaf1c2c3a,0,Rekomendasi,time,89.56,10000.0,2.0,0.93,2.74,3.29,18-25,Perempuan,Pelajar/Mahasiswa,<1 juta,Motor dan mobil,Sekolah/Kuliah,Jarang/tidak pernah,5.0,3.0,5.0,5.0,5.0,0
11,42750a80-5340-478a-a0c5-45eaaf1c2c3a,1,Termurah,cost,91.33,5000.0,2.0,1.27,2.52,2.95,18-25,Perempuan,Pelajar/Mahasiswa,<1 juta,Motor dan mobil,Sekolah/Kuliah,Jarang/tidak pernah,5.0,3.0,5.0,5.0,5.0,0
11,42750a80-5340-478a-a0c5-45eaaf1c2c3a,2,Kendaraan Pribadi,private_vehicle,30.70,2558.0,0.0,0.00,4.00,3.00,18-25,Perempuan,Pelajar/Mahasiswa,<1 juta,Motor dan mobil,Sekolah/Kuliah,Jarang/tidak pernah,5.0,3.0,5.0,5.0,5.0,1
11,42750a80-5340-478a-a0c5-45eaaf1c2c3a,3,Preferensi Saya,preference,30.70,2558.0,0.0,0.00,4.00,3.00,18-25,Perempuan,Pelajar/Mahasiswa,<1 juta,Motor dan mobil,Sekolah/Kuliah,Jarang/tidak pernah,5.0,3.0,5.0,5.0,5.0,0
12,0b15243c-bc52-4b4c-9f59-ea7570338e01,0,Kendaraan Pribadi,private_vehicle,67.90,5658.0,0.0,0.00,4.00,3.00,18-25,Laki-laki,Pelajar/Mahasiswa,<1 juta,Motor,Sekolah/Kuliah,Beberapa kali seminggu,5.0,5.0,5.0,5.0,5.0,1
12,0b15243c-bc52-4b4c-9f59-ea7570338e01,1,Preferensi Saya,preference,67.90,5658.0,0.0,0.00,4.00,3.00,18-25,Laki-laki,Pelajar/Mahasiswa,<1 juta,Motor,Sekolah/Kuliah,Beberapa kali seminggu,5.0,5.0,5.0,5.0,5.0,0
13,f5bea473-50eb-45e0-bf9d-5eced2e6bfd3,0,Rekomendasi,time,80.50,5000.0,1.0,0.86,2.67,2.92,18-25,Perempuan,Pelajar/Mahasiswa,<1 juta,Motor,Sekolah/Kuliah,Beberapa kali sebulan,3.0,3.0,3.0,5.0,5.0,0
13,f5bea473-50eb-45e0-bf9d-5eced2e6bfd3,1,Termurah,alternative,88.04,10000.0,2.0,1.20,2.48,2.92,18-25,Perempuan,Pelajar/Mahasiswa,<1 juta,Motor,Sekolah/Kuliah,Beberapa kali sebulan,3.0,3.0,3.0,5.0,5.0,0
13,f5bea473-50eb-45e0-bf9d-5eced2e6bfd3,2,Kendaraan Pribadi,private_vehicle,34.10,2840.0,0.0,0.00,4.00,3.00,18-25,Perempuan,Pelajar/Mahasiswa,<1 juta,Motor,Sekolah/Kuliah,Beberapa kali sebulan,3.0,3.0,3.0,5.0,5.0,1
13,f5bea473-50eb-45e0-bf9d-5eced2e6bfd3,3,Preferensi Saya,preference,34.10,2840.0,0.0,0.00,4.00,3.00,18-25,Perempuan,Pelajar/Mahasiswa,<1 juta,Motor,Sekolah/Kuliah,Beberapa kali sebulan,3.0,3.0,3.0,5.0,5.0,0
14,ba96ee92-4109-4f6d-8f5f-3a0d3c109295,0,Rekomendasi,time,13.84,0.0,0.0,0.00,4.00,3.00,18-25,Perempuan,Pelajar/Mahasiswa,<1 juta,Mobil,Sekolah/Kuliah,Beberapa kali seminggu,,,,,,1
14,ba96ee92-4109-4f6d-8f5f-3a0d3c109295,1,Kendaraan Pribadi,private_vehicle,0.00,0.0,0.0,0.00,0.00,0.00,18-25,Perempuan,Pelajar/Mahasiswa,<1 juta,Mobil,Sekolah/Kuliah,Beberapa kali seminggu,,,,,,0
15,aed07363-0193-48cf-bb47-e209f319c050,0,Kendaraan Pribadi,private_vehicle,0.00,0.0,0.0,0.00,0.00,0.00,,,,,,,,,,,,,1
16,7cafd262-d9c2-59f5-8832-1f0ca799e5f7,0,Kendaraan Pribadi,private_vehicle,0.00,0.0,0.0,0.00,0.00,0.00,,,,,,,,,,,,,1
17,79481eba-a48c-4093-8263-cf7ddf70f363,0,Rekomendasi,time,37.45,5000.0,0.0,0.33,3.40,3.60,<18,Perempuan,Karyawan,>10 juta,Motor dan mobil,Kerja,Jarang/tidak pernah,5.0,3.0,5.0,5.0,5.0,0
17,79481eba-a48c-4093-8263-cf7ddf70f363,1,Kendaraan Pribadi,private_vehicle,19.10,1595.0,0.0,0.00,4.00,3.00,<18,Perempuan,Karyawan,>10 juta,Motor dan mobil,Kerja,Jarang/tidak pernah,5.0,3.0,5.0,5.0,5.0,0
17,79481eba-a48c-4093-8263-cf7ddf70f363,2,Preferensi Saya,preference,19.10,1595.0,0.0,0.00,4.00,3.00,<18,Perempuan,Karyawan,>10 juta,Motor dan mobil,Kerja,Jarang/tidak pernah,5.0,3.0,5.0,5.0,5.0,1
18,31e38237-a8cd-4eec-ab07-922eb8017778,0,Rekomendasi,time,48.42,5000.0,1.0,0.51,2.93,3.48,<18,Perempuan,Pelajar/Mahasiswa,<1 juta,Motor,Sekolah/Kuliah,Jarang/tidak pernah,4.0,3.0,3.0,4.0,5.0,0
18,31e38237-a8cd-4eec-ab07-922eb8017778,1,Termurah,cost,59.37,5000.0,1.0,0.85,2.66,3.00,<18,Perempuan,Pelajar/Mahasiswa,<1 juta,Motor,Sekolah/Kuliah,Jarang/tidak pernah,4.0,3.0,3.0,4.0,5.0,0
18,31e38237-a8cd-4eec-ab07-922eb8017778,2,Kendaraan Pribadi,private_vehicle,7.10,588.0,0.0,0.00,4.00,3.00,<18,Perempuan,Pelajar/Mahasiswa,<1 juta,Motor,Sekolah/Kuliah,Jarang/tidak pernah,4.0,3.0,3.0,4.0,5.0,1
18,31e38237-a8cd-4eec-ab07-922eb8017778,3,Preferensi Saya,preference,7.10,588.0,0.0,0.00,4.00,3.00,<18,Perempuan,Pelajar/Mahasiswa,<1 juta,Motor,Sekolah/Kuliah,Jarang/tidak pernah,4.0,3.0,3.0,4.0,5.0,0
19,d0567775-6c0b-4574-a23a-683c4bbace3d,0,Kendaraan Pribadi,private_vehicle,0.00,0.0,0.0,0.00,0.00,0.00,18-25,Perempuan,Pelajar/Mahasiswa,<1 juta,Motor,Sekolah/Kuliah,Beberapa kali sebulan,3.0,4.0,5.0,3.0,5.0,1
19,d0567775-6c0b-4574-a23a-683c4bbace3d,1,Preferensi Saya,preference,0.00,0.0,0.0,0.00,0.00,0.00,18-25,Perempuan,Pelajar/Mahasiswa,<1 juta,Motor,Sekolah/Kuliah,Beberapa kali sebulan,3.0,4.0,5.0,3.0,5.0,0
20,763179a8-b5db-49d8-8aae-c6a1b3005111,0,Kendaraan Pribadi,private_vehicle,0.00,0.0,0.0,0.00,0.00,0.00,,,,,,,,3.0,3.0,3.0,3.0,3.0,1
20,763179a8-b5db-49d8-8aae-c6a1b3005111,1,Preferensi Saya,preference,0.00,0.0,0.0,0.00,0.00,0.00,,,,,,,,3.0,3.0,3.0,3.0,3.0,0
21,b5ca0ad3-157f-46b2-9be5-9a17edb9537b,0,Kendaraan Pribadi,private_vehicle,45408.90,3784075.0,0.0,0.00,4.00,3.00,18-25,Laki-laki,Pelajar/Mahasiswa,<1 juta,Motor,Sekolah/Kuliah,Jarang/tidak pernah,3.0,3.0,3.0,3.0,3.0,1
21,b5ca0ad3-157f-46b2-9be5-9a17edb9537b,1,Preferensi Saya,preference,45408.90,3784075.0,0.0,0.00,4.00,3.00,18-25,Laki-laki,Pelajar/Mahasiswa,<1 juta,Motor,Sekolah/Kuliah,Jarang/tidak pernah,3.0,3.0,3.0,3.0,3.0,0
22,95f87bcb-5830-477b-8a7d-9c95d08d0304,0,Kendaraan Pribadi,private_vehicle,0.00,0.0,0.0,0.00,0.00,0.00,18-25,Perempuan,Pelajar/Mahasiswa,<1 juta,Motor,Sekolah/Kuliah,Beberapa kali sebulan,3.0,5.0,4.0,3.0,5.0,1
22,95f87bcb-5830-477b-8a7d-9c95d08d0304,1,Preferensi Saya,preference,0.00,0.0,0.0,0.00,0.00,0.00,18-25,Perempuan,Pelajar/Mahasiswa,<1 juta,Motor,Sekolah/Kuliah,Beberapa kali sebulan,3.0,5.0,4.0,3.0,5.0,0
23,3ecac3be-7820-4039-9554-b5c59dd4850c,0,Rekomendasi,time,26.07,0.0,0.0,0.74,2.17,2.85,<18,Laki-laki,Pelajar/Mahasiswa,<1 juta,Tidak punya,Sekolah/Kuliah,Setiap hari,5.0,5.0,3.0,5.0,5.0,1
23,3ecac3be-7820-4039-9554-b5c59dd4850c,1,Tercepat,alternative,26.79,0.0,0.0,0.76,2.17,2.85,<18,Laki-laki,Pelajar/Mahasiswa,<1 juta,Tidak punya,Sekolah/Kuliah,Setiap hari,5.0,5.0,3.0,5.0,5.0,0
23,3ecac3be-7820-4039-9554-b5c59dd4850c,2,Kendaraan Pribadi,private_vehicle,6.50,542.0,0.0,0.00,4.00,3.00,<18,Laki-laki,Pelajar/Mahasiswa,<1 juta,Tidak punya,Sekolah/Kuliah,Setiap hari,5.0,5.0,3.0,5.0,5.0,0
23,3ecac3be-7820-4039-9554-b5c59dd4850c,3,Preferensi Saya,preference,6.50,542.0,0.0,0.00,4.00,3.00,<18,Laki-laki,Pelajar/Mahasiswa,<1 juta,Tidak punya,Sekolah/Kuliah,Setiap hari,5.0,5.0,3.0,5.0,5.0,0
24,2b35a342-89ef-4aee-b2e0-1bb42905cd03,0,Kendaraan Pribadi,private_vehicle,45409.10,3784090.0,0.0,0.00,4.00,3.00,18-25,Laki-laki,Pelajar/Mahasiswa,<1 juta,Motor,Sekolah/Kuliah,Jarang/tidak pernah,5.0,5.0,5.0,5.0,5.0,1
24,2b35a342-89ef-4aee-b2e0-1bb42905cd03,1,Preferensi Saya,preference,45409.10,3784090.0,0.0,0.00,4.00,3.00,18-25,Laki-laki,Pelajar/Mahasiswa,<1 juta,Motor,Sekolah/Kuliah,Jarang/tidak pernah,5.0,5.0,5.0,5.0,5.0,0
25,518b7a8c-7bd8-4d4b-8660-8dd68bb8c00e,0,Rekomendasi,time,74.82,10000.0,2.0,0.35,2.92,3.63,18-25,Perempuan,Pelajar/Mahasiswa,1-3 juta,Tidak punya,Sekolah/Kuliah,Beberapa kali seminggu,4.0,2.0,5.0,4.0,5.0,1
25,518b7a8c-7bd8-4d4b-8660-8dd68bb8c00e,1,Termurah,cost,76.59,5000.0,2.0,0.69,2.65,3.22,18-25,Perempuan,Pelajar/Mahasiswa,1-3 juta,Tidak punya,Sekolah/Kuliah,Beberapa kali seminggu,4.0,2.0,5.0,4.0,5.0,0
25,518b7a8c-7bd8-4d4b-8660-8dd68bb8c00e,2,Kendaraan Pribadi,private_vehicle,33.70,2808.0,0.0,0.00,4.00,3.00,18-25,Perempuan,Pelajar/Mahasiswa,1-3 juta,Tidak punya,Sekolah/Kuliah,Beberapa kali seminggu,4.0,2.0,5.0,4.0,5.0,0
25,518b7a8c-7bd8-4d4b-8660-8dd68bb8c00e,3,Preferensi Saya,preference,33.70,2808.0,0.0,0.00,4.00,3.00,18-25,Perempuan,Pelajar/Mahasiswa,1-3 juta,Tidak punya,Sekolah/Kuliah,Beberapa kali seminggu,4.0,2.0,5.0,4.0,5.0,0
26,04cbac75-80df-4c0d-a9f2-2165f65c1920,0,Rekomendasi,time,31.73,5000.0,0.0,0.04,4.96,4.99,18-25,Laki-laki,Pelajar/Mahasiswa,<1 juta,Motor,Lainnya,Beberapa kali sebulan,3.0,3.0,3.0,4.0,3.0,1
26,04cbac75-80df-4c0d-a9f2-2165f65c1920,1,Kendaraan Pribadi,private_vehicle,30.10,2508.0,0.0,0.00,4.00,3.00,18-25,Laki-laki,Pelajar/Mahasiswa,<1 juta,Motor,Lainnya,Beberapa kali sebulan,3.0,3.0,3.0,4.0,3.0,0
26,04cbac75-80df-4c0d-a9f2-2165f65c1920,2,Preferensi Saya,preference,30.10,2508.0,0.0,0.00,4.00,3.00,18-25,Laki-laki,Pelajar/Mahasiswa,<1 juta,Motor,Lainnya,Beberapa kali sebulan,3.0,3.0,3.0,4.0,3.0,0
27,a24d9e35-3c96-4f95-8055-7316e9769181,0,Rekomendasi,time,25.25,5000.0,0.0,0.30,3.36,3.64,18-25,Laki-laki,Pelajar/Mahasiswa,>10 juta,Motor dan mobil,Sekolah/Kuliah,Beberapa kali sebulan,5.0,3.0,5.0,5.0,5.0,1
27,a24d9e35-3c96-4f95-8055-7316e9769181,1,Kendaraan Pribadi,private_vehicle,12.10,1008.0,0.0,0.00,4.00,3.00,18-25,Laki-laki,Pelajar/Mahasiswa,>10 juta,Motor dan mobil,Sekolah/Kuliah,Beberapa kali sebulan,5.0,3.0,5.0,5.0,5.0,0
27,a24d9e35-3c96-4f95-8055-7316e9769181,2,Preferensi Saya,preference,12.10,1008.0,0.0,0.00,4.00,3.00,18-25,Laki-laki,Pelajar/Mahasiswa,>10 juta,Motor dan mobil,Sekolah/Kuliah,Beberapa kali sebulan,5.0,3.0,5.0,5.0,5.0,0
28,2fa218f9-2d23-4970-a1b8-cc3f57856ccf,0,Rekomendasi,time,25.30,5000.0,0.0,0.31,3.36,3.64,18-25,Laki-laki,Pelajar/Mahasiswa,3-5 juta,Motor dan mobil,Sekolah/Kuliah,Beberapa kali sebulan,3.0,4.0,5.0,5.0,5.0,1
28,2fa218f9-2d23-4970-a1b8-cc3f57856ccf,1,Kendaraan Pribadi,private_vehicle,12.10,1008.0,0.0,0.00,4.00,3.00,18-25,Laki-laki,Pelajar/Mahasiswa,3-5 juta,Motor dan mobil,Sekolah/Kuliah,Beberapa kali sebulan,3.0,4.0,5.0,5.0,5.0,0
28,2fa218f9-2d23-4970-a1b8-cc3f57856ccf,2,Preferensi Saya,preference,12.10,1008.0,0.0,0.00,4.00,3.00,18-25,Laki-laki,Pelajar/Mahasiswa,3-5 juta,Motor dan mobil,Sekolah/Kuliah,Beberapa kali sebulan,3.0,4.0,5.0,5.0,5.0,0
29,a5f921df-4bca-46f0-9f95-9479ae8f899b,0,Rekomendasi,time,29.84,5000.0,0.0,0.40,4.60,4.92,18-25,Perempuan,Pelajar/Mahasiswa,<1 juta,Motor,Lainnya,Jarang/tidak pernah,4.0,5.0,5.0,5.0,5.0,1
29,a5f921df-4bca-46f0-9f95-9479ae8f899b,1,Kendaraan Pribadi,private_vehicle,30.20,2512.0,0.0,0.00,4.00,3.00,18-25,Perempuan,Pelajar/Mahasiswa,<1 juta,Motor,Lainnya,Jarang/tidak pernah,4.0,5.0,5.0,5.0,5.0,0
29,a5f921df-4bca-46f0-9f95-9479ae8f899b,2,Preferensi Saya,preference,29.84,5000.0,0.0,0.40,4.60,4.92,18-25,Perempuan,Pelajar/Mahasiswa,<1 juta,Motor,Lainnya,Jarang/tidak pernah,4.0,5.0,5.0,5.0,5.0,0
30,a3e41bb6-ddb5-450c-9300-54ef42a100b4,0,Rekomendasi,time,65.56,5000.0,0.0,2.63,3.69,3.31,<18,Perempuan,Pelajar/Mahasiswa,<1 juta,Tidak punya,Sekolah/Kuliah,Beberapa kali seminggu,,,,,,1
30,a3e41bb6-ddb5-450c-9300-54ef42a100b4,1,Kendaraan Pribadi,private_vehicle,22.70,1890.0,0.0,0.00,4.00,3.00,<18,Perempuan,Pelajar/Mahasiswa,<1 juta,Tidak punya,Sekolah/Kuliah,Beberapa kali seminggu,,,,,,0
31,fd6971aa-39c4-4c6e-a165-2c2c7c3fc2dc,0,Rekomendasi,time,47.70,5000.0,1.0,0.45,2.94,3.47,<18,Perempuan,Pelajar/Mahasiswa,<1 juta,Tidak punya,Sekolah/Kuliah,Beberapa kali seminggu,,,,,,1
31,fd6971aa-39c4-4c6e-a165-2c2c7c3fc2dc,1,Termurah,cost,52.67,5000.0,1.0,0.59,2.54,3.10,<18,Perempuan,Pelajar/Mahasiswa,<1 juta,Tidak punya,Sekolah/Kuliah,Beberapa kali seminggu,,,,,,0
31,fd6971aa-39c4-4c6e-a165-2c2c7c3fc2dc,2,Kendaraan Pribadi,private_vehicle,8.50,710.0,0.0,0.00,4.00,3.00,<18,Perempuan,Pelajar/Mahasiswa,<1 juta,Tidak punya,Sekolah/Kuliah,Beberapa kali seminggu,,,,,,0
32,f158d3c9-c095-442f-9882-bfd77270c288,0,Rekomendasi,time,33.39,5000.0,0.0,0.29,3.39,3.61,<18,Perempuan,Pelajar/Mahasiswa,<1 juta,Tidak punya,Sekolah/Kuliah,Beberapa kali seminggu,5.0,4.0,5.0,5.0,4.0,1
32,f158d3c9-c095-442f-9882-bfd77270c288,1,Kendaraan Pribadi,private_vehicle,25.40,2118.0,0.0,0.00,4.00,3.00,<18,Perempuan,Pelajar/Mahasiswa,<1 juta,Tidak punya,Sekolah/Kuliah,Beberapa kali seminggu,5.0,4.0,5.0,5.0,4.0,0
32,f158d3c9-c095-442f-9882-bfd77270c288,2,Preferensi Saya,preference,25.40,2118.0,0.0,0.00,4.00,3.00,<18,Perempuan,Pelajar/Mahasiswa,<1 juta,Tidak punya,Sekolah/Kuliah,Beberapa kali seminggu,5.0,4.0,5.0,5.0,4.0,0
33,7a862d58-90fd-5a7b-a065-9d0743439930,0,Rekomendasi,time,47.70,5000.0,1.0,0.45,2.94,3.47,<18,Perempuan,Pelajar/Mahasiswa,<1 juta,Tidak punya,Sekolah/Kuliah,Beberapa kali seminggu,,,,,,1
33,7a862d58-90fd-5a7b-a065-9d0743439930,1,Termurah,cost,52.67,5000.0,1.0,0.59,2.54,3.10,<18,Perempuan,Pelajar/Mahasiswa,<1 juta,Tidak punya,Sekolah/Kuliah,Beberapa kali seminggu,,,,,,0
33,7a862d58-90fd-5a7b-a065-9d0743439930,2,Kendaraan Pribadi,private_vehicle,17.60,1468.0,0.0,0.00,4.00,3.00,<18,Perempuan,Pelajar/Mahasiswa,<1 juta,Tidak punya,Sekolah/Kuliah,Beberapa kali seminggu,,,,,,0
34,8526a850-16d2-42ac-a51d-59da0af4d628,0,Rekomendasi,time,67.96,5000.0,1.0,0.30,2.61,3.02,<18,Laki-laki,Pelajar/Mahasiswa,<1 juta,Motor,Sekolah/Kuliah,Beberapa kali seminggu,,,,,,1
34,8526a850-16d2-42ac-a51d-59da0af4d628,1,Termurah,alternative,69.93,5000.0,1.0,0.50,2.59,3.06,<18,Laki-laki,Pelajar/Mahasiswa,<1 juta,Motor,Sekolah/Kuliah,Beberapa kali seminggu,,,,,,0
34,8526a850-16d2-42ac-a51d-59da0af4d628,2,Kendaraan Pribadi,private_vehicle,39.30,4588.0,0.0,0.00,4.00,3.00,<18,Laki-laki,Pelajar/Mahasiswa,<1 juta,Motor,Sekolah/Kuliah,Beberapa kali seminggu,,,,,,0
35,6c2a9869-f264-4810-8747-38443fc6bcf8,0,Rekomendasi,time,5.42,0.0,0.0,0.00,2.50,4.50,<18,Perempuan,Pelajar/Mahasiswa,<1 juta,Tidak punya,Sekolah/Kuliah,Beberapa kali seminggu,3.0,3.0,5.0,4.0,5.0,1
35,6c2a9869-f264-4810-8747-38443fc6bcf8,1,Kendaraan Pribadi,private_vehicle,2.40,285.0,0.0,0.00,4.00,3.00,<18,Perempuan,Pelajar/Mahasiswa,<1 juta,Tidak punya,Sekolah/Kuliah,Beberapa kali seminggu,3.0,3.0,5.0,4.0,5.0,0
35,6c2a9869-f264-4810-8747-38443fc6bcf8,2,Preferensi Saya,preference,2.40,285.0,0.0,0.00,4.00,3.00,<18,Perempuan,Pelajar/Mahasiswa,<1 juta,Tidak punya,Sekolah/Kuliah,Beberapa kali seminggu,3.0,3.0,5.0,4.0,5.0,0
36,45ff895f-b310-4942-9ed9-bf60425c3da1,0,Kendaraan Pribadi,private_vehicle,32460.70,3787080.0,0.0,0.00,4.00,3.00,18-25,Laki-laki,Pelajar/Mahasiswa,<1 juta,Motor,Sekolah/Kuliah,Beberapa kali seminggu,4.0,4.0,5.0,3.0,4.0,1
36,45ff895f-b310-4942-9ed9-bf60425c3da1,1,Preferensi Saya,preference,32460.70,3787080.0,0.0,0.00,4.00,3.00,18-25,Laki-laki,Pelajar/Mahasiswa,<1 juta,Motor,Sekolah/Kuliah,Beberapa kali seminggu,4.0,4.0,5.0,3.0,4.0,0
37,43ea6dee-917b-4755-b89a-e81e4d929edf,0,Kendaraan Pribadi,private_vehicle,0.00,0.0,0.0,0.00,0.00,0.00,18-25,Perempuan,Pelajar/Mahasiswa,<1 juta,Tidak punya,Sekolah/Kuliah,Beberapa kali seminggu,3.0,5.0,5.0,3.0,5.0,1
37,43ea6dee-917b-4755-b89a-e81e4d929edf,1,Preferensi Saya,preference,0.00,0.0,0.0,0.00,0.00,0.00,18-25,Perempuan,Pelajar/Mahasiswa,<1 juta,Tidak punya,Sekolah/Kuliah,Beberapa kali seminggu,3.0,5.0,5.0,3.0,5.0,0
38,db0e00f7-2087-5732-b41b-a4df15e74d49,0,Kendaraan Pribadi,private_vehicle,0.00,0.0,0.0,0.00,0.00,0.00,18-25,Perempuan,Pelajar/Mahasiswa,<1 juta,Tidak punya,Sekolah/Kuliah,Beberapa kali seminggu,3.0,5.0,5.0,3.0,5.0,1
38,db0e00f7-2087-5732-b41b-a4df15e74d49,1,Preferensi Saya,preference,0.00,0.0,0.0,0.00,0.00,0.00,18-25,Perempuan,Pelajar/Mahasiswa,<1 juta,Tidak punya,Sekolah/Kuliah,Beberapa kali seminggu,3.0,5.0,5.0,3.0,5.0,0
39,55179cdc-0ea8-511f-ace6-6fe0e8a7ea6b,0,Kendaraan Pribadi,private_vehicle,0.00,0.0,0.0,0.00,0.00,0.00,18-25,Perempuan,Pelajar/Mahasiswa,<1 juta,Tidak punya,Sekolah/Kuliah,Beberapa kali seminggu,3.0,5.0,5.0,3.0,5.0,1
39,55179cdc-0ea8-511f-ace6-6fe0e8a7ea6b,1,Preferensi Saya,preference,0.00,0.0,0.0,0.00,0.00,0.00,18-25,Perempuan,Pelajar/Mahasiswa,<1 juta,Tidak punya,Sekolah/Kuliah,Beberapa kali seminggu,3.0,5.0,5.0,3.0,5.0,0
40,491c6cd5-9166-4dd9-ac1c-ebd8130801f5,0,Rekomendasi,time,26.78,5000.0,0.0,0.29,3.37,3.63,18-25,Laki-laki,Pelajar/Mahasiswa,1-3 juta,Motor,Sekolah/Kuliah,Beberapa kali seminggu,,,,,,1
40,491c6cd5-9166-4dd9-ac1c-ebd8130801f5,1,Kendaraan Pribadi,private_vehicle,10.90,1272.0,0.0,0.00,4.00,3.00,18-25,Laki-laki,Pelajar/Mahasiswa,1-3 juta,Motor,Sekolah/Kuliah,Beberapa kali seminggu,,,,,,0
41,d7870cd0-cbeb-5823-9b07-3c4aeb920ead,0,Rekomendasi,time,26.78,5000.0,0.0,0.29,3.37,3.63,18-25,Laki-laki,Pelajar/Mahasiswa,1-3 juta,Motor,Sekolah/Kuliah,Beberapa kali seminggu,,,,,,1
41,d7870cd0-cbeb-5823-9b07-3c4aeb920ead,1,Kendaraan Pribadi,private_vehicle,7.40,862.0,0.0,0.00,4.00,3.00,18-25,Laki-laki,Pelajar/Mahasiswa,1-3 juta,Motor,Sekolah/Kuliah,Beberapa kali seminggu,,,,,,0
42,950bdad8-cd20-4dee-b4dd-caf576aff5b3,0,Kendaraan Pribadi,private_vehicle,32435.60,3784155.0,0.0,0.00,4.00,3.00,18-25,Laki-laki,Pelajar/Mahasiswa,<1 juta,Motor,Sekolah/Kuliah,Jarang/tidak pernah,,,,,,1
43,c37af11d-2e82-4e2f-8acb-6b763f418e9e,0,Kendaraan Pribadi,private_vehicle,0.00,0.0,0.0,0.00,0.00,0.00,,,,,,,,,,,,,1
44,24319e5b-1921-42bd-84d8-af618bf03ede,0,Kendaraan Pribadi,private_vehicle,70.70,8242.0,0.0,0.00,4.00,3.00,,,,,,,,,,,,,1
45,9fa7f5aa-036b-58c3-886d-c748a4de125e,0,Kendaraan Pribadi,private_vehicle,0.00,0.0,0.0,0.00,0.00,0.00,18-25,Laki-laki,Pelajar/Mahasiswa,1-3 juta,Motor,Sekolah/Kuliah,Beberapa kali seminggu,,,,,,1
46,231df460-36c8-45a2-ad4d-9cb653acfd9a,0,Kendaraan Pribadi,private_vehicle,0.00,0.0,0.0,0.00,0.00,0.00,18-25,Laki-laki,Pelajar/Mahasiswa,<1 juta,Motor,Sekolah/Kuliah,Setiap hari,5.0,5.0,5.0,4.0,5.0,1
46,231df460-36c8-45a2-ad4d-9cb653acfd9a,1,Preferensi Saya,preference,0.00,0.0,0.0,0.00,0.00,0.00,18-25,Laki-laki,Pelajar/Mahasiswa,<1 juta,Motor,Sekolah/Kuliah,Setiap hari,5.0,5.0,5.0,4.0,5.0,0
47,48f53a38-42cb-54fa-8719-af5ce1dfca2a,0,Kendaraan Pribadi,private_vehicle,0.00,0.0,0.0,0.00,0.00,0.00,18-25,Laki-laki,Pelajar/Mahasiswa,1-3 juta,Motor,Sekolah/Kuliah,Beberapa kali seminggu,,,,,,1
48,43d4e91e-824e-5e46-a24d-66ece69727e2,0,Kendaraan Pribadi,private_vehicle,32435.80,3784178.0,0.0,0.00,4.00,3.00,18-25,Laki-laki,Pelajar/Mahasiswa,1-3 juta,Motor,Sekolah/Kuliah,Beberapa kali seminggu,,,,,,1
49,c0af9d68-744a-57d7-add5-5067eec403c2,0,Kendaraan Pribadi,private_vehicle,32435.80,3784178.0,0.0,0.00,4.00,3.00,18-25,Laki-laki,Pelajar/Mahasiswa,1-3 juta,Motor,Sekolah/Kuliah,Beberapa kali seminggu,,,,,,1
50,c03cd66c-ed41-5199-bde5-d752653e3b53,0,Kendaraan Pribadi,private_vehicle,32435.80,3784178.0,0.0,0.00,4.00,3.00,18-25,Laki-laki,Pelajar/Mahasiswa,1-3 juta,Motor,Sekolah/Kuliah,Beberapa kali seminggu,,,,,,1
51,aafe1d81-84d8-45c0-b421-0c7bab64f259,0,Kendaraan Pribadi,private_vehicle,0.00,0.0,0.0,0.00,0.00,0.00,18-25,Laki-laki,Pelajar/Mahasiswa,<1 juta,Mobil,Sekolah/Kuliah,Beberapa kali sebulan,4.0,3.0,4.0,4.0,3.0,1
51,aafe1d81-84d8-45c0-b421-0c7bab64f259,1,Preferensi Saya,preference,0.00,0.0,0.0,0.00,0.00,0.00,18-25,Laki-laki,Pelajar/Mahasiswa,<1 juta,Mobil,Sekolah/Kuliah,Beberapa kali sebulan,4.0,3.0,4.0,4.0,3.0,0
52,23c06752-ca0d-52bd-bdf8-828e00640038,0,Kendaraan Pribadi,private_vehicle,32460.70,3787080.0,0.0,0.00,4.00,3.00,18-25,Laki-laki,Pelajar/Mahasiswa,<1 juta,Motor,Sekolah/Kuliah,Beberapa kali seminggu,4.0,4.0,5.0,3.0,4.0,1
52,23c06752-ca0d-52bd-bdf8-828e00640038,1,Preferensi Saya,preference,32460.70,3787080.0,0.0,0.00,4.00,3.00,18-25,Laki-laki,Pelajar/Mahasiswa,<1 juta,Motor,Sekolah/Kuliah,Beberapa kali seminggu,4.0,4.0,5.0,3.0,4.0,0
53,d1a6817b-c66a-5aa2-ac94-69ae35818bc1,0,Kendaraan Pribadi,private_vehicle,0.00,0.0,0.0,0.00,0.00,0.00,18-25,Laki-laki,Pelajar/Mahasiswa,<1 juta,Motor,Sekolah/Kuliah,Jarang/tidak pernah,3.0,3.0,3.0,3.0,3.0,1
53,d1a6817b-c66a-5aa2-ac94-69ae35818bc1,1,Preferensi Saya,preference,0.00,0.0,0.0,0.00,0.00,0.00,18-25,Laki-laki,Pelajar/Mahasiswa,<1 juta,Motor,Sekolah/Kuliah,Jarang/tidak pernah,3.0,3.0,3.0,3.0,3.0,0
54,5d17b0a2-3b68-4185-a54f-b596bdeb2f6d,0,Kendaraan Pribadi,private_vehicle,0.00,0.0,0.0,0.00,0.00,0.00,18-25,Laki-laki,Pelajar/Mahasiswa,<1 juta,Motor,Sekolah/Kuliah,Setiap hari,5.0,5.0,5.0,5.0,5.0,1
54,5d17b0a2-3b68-4185-a54f-b596bdeb2f6d,1,Preferensi Saya,preference,0.00,0.0,0.0,0.00,0.00,0.00,18-25,Laki-laki,Pelajar/Mahasiswa,<1 juta,Motor,Sekolah/Kuliah,Setiap hari,5.0,5.0,5.0,5.0,5.0,0
55,508ad9ca-523b-485d-8a3c-49ce16a9553c,0,Kendaraan Pribadi,private_vehicle,32436.40,3784250.0,0.0,0.00,4.00,3.00,18-25,Laki-laki,Pelajar/Mahasiswa,<1 juta,Motor,Sekolah/Kuliah,Setiap hari,3.0,3.0,3.0,3.0,3.0,1
55,508ad9ca-523b-485d-8a3c-49ce16a9553c,1,Preferensi Saya,preference,32436.40,3784250.0,0.0,0.00,4.00,3.00,18-25,Laki-laki,Pelajar/Mahasiswa,<1 juta,Motor,Sekolah/Kuliah,Setiap hari,3.0,3.0,3.0,3.0,3.0,0
56,e2990ec1-891b-49a2-aa4b-c46decd3fbec,0,Rekomendasi,time,7.50,0.0,0.0,0.00,2.50,4.50,18-25,Laki-laki,Pelajar/Mahasiswa,1-3 juta,Mobil,Sekolah/Kuliah,Beberapa kali seminggu,4.0,4.0,5.0,3.0,3.0,1
56,e2990ec1-891b-49a2-aa4b-c46decd3fbec,1,Kendaraan Pribadi,private_vehicle,0.00,0.0,0.0,0.00,0.00,0.00,18-25,Laki-laki,Pelajar/Mahasiswa,1-3 juta,Mobil,Sekolah/Kuliah,Beberapa kali seminggu,4.0,4.0,5.0,3.0,3.0,0
56,e2990ec1-891b-49a2-aa4b-c46decd3fbec,2,Preferensi Saya,preference,7.50,0.0,0.0,0.00,2.50,4.50,18-25,Laki-laki,Pelajar/Mahasiswa,1-3 juta,Mobil,Sekolah/Kuliah,Beberapa kali seminggu,4.0,4.0,5.0,3.0,3.0,0
57,1c1b8438-5600-43bb-a7c2-c545fbc93ae0,0,Kendaraan Pribadi,private_vehicle,0.00,0.0,0.0,0.00,0.00,0.00,18-25,Laki-laki,Pelajar/Mahasiswa,<1 juta,Motor,Sekolah/Kuliah,Setiap hari,,,,,,1
58,686d32eb-3742-4e82-a1f0-77f80efbfead,0,Kendaraan Pribadi,private_vehicle,32435.80,3784175.0,0.0,0.00,4.00,3.00,18-25,Laki-laki,Pelajar/Mahasiswa,<1 juta,Tidak punya,Sekolah/Kuliah,Beberapa kali sebulan,5.0,4.0,4.0,4.0,3.0,0
58,686d32eb-3742-4e82-a1f0-77f80efbfead,1,Preferensi Saya,preference,32435.80,3784175.0,0.0,0.00,4.00,3.00,18-25,Laki-laki,Pelajar/Mahasiswa,<1 juta,Tidak punya,Sekolah/Kuliah,Beberapa kali sebulan,5.0,4.0,4.0,4.0,3.0,1
59,2b780cfa-9cfa-554d-a0eb-e024002ab89a,0,Rekomendasi,time,7.45,0.0,0.0,0.00,2.50,4.50,18-25,Laki-laki,Pelajar/Mahasiswa,<1 juta,Tidak punya,Sekolah/Kuliah,Beberapa kali sebulan,5.0,4.0,4.0,4.0,3.0,1
59,2b780cfa-9cfa-554d-a0eb-e024002ab89a,1,Kendaraan Pribadi,private_vehicle,0.00,0.0,0.0,0.00,0.00,0.00,18-25,Laki-laki,Pelajar/Mahasiswa,<1 juta,Tidak punya,Sekolah/Kuliah,Beberapa kali sebulan,5.0,4.0,4.0,4.0,3.0,0
59,2b780cfa-9cfa-554d-a0eb-e024002ab89a,2,Preferensi Saya,preference,7.45,0.0,0.0,0.00,2.50,4.50,18-25,Laki-laki,Pelajar/Mahasiswa,<1 juta,Tidak punya,Sekolah/Kuliah,Beberapa kali sebulan,5.0,4.0,4.0,4.0,3.0,0
60,572c6055-f6d6-55a6-ab14-d9fd00782cae,0,Rekomendasi,time,22.82,0.0,0.0,0.00,4.00,3.00,18-25,Laki-laki,Pelajar/Mahasiswa,<1 juta,Motor,Sekolah/Kuliah,Beberapa kali seminggu,4.0,4.0,5.0,3.0,4.0,1
60,572c6055-f6d6-55a6-ab14-d9fd00782cae,1,Kendaraan Pribadi,private_vehicle,0.00,0.0,0.0,0.00,0.00,0.00,18-25,Laki-laki,Pelajar/Mahasiswa,<1 juta,Motor,Sekolah/Kuliah,Beberapa kali seminggu,4.0,4.0,5.0,3.0,4.0,0
60,572c6055-f6d6-55a6-ab14-d9fd00782cae,2,Preferensi Saya,preference,22.82,0.0,0.0,0.00,4.00,3.00,18-25,Laki-laki,Pelajar/Mahasiswa,<1 juta,Motor,Sekolah/Kuliah,Beberapa kali seminggu,4.0,4.0,5.0,3.0,4.0,0
61,d1776ede-5e5d-4046-857c-2437f980b398,0,Kendaraan Pribadi,private_vehicle,32442.50,3784955.0,0.0,0.00,4.00,3.00,<18,Perempuan,Pelajar/Mahasiswa,<1 juta,Tidak punya,Sekolah/Kuliah,Beberapa kali seminggu,3.0,4.0,5.0,5.0,5.0,1
61,d1776ede-5e5d-4046-857c-2437f980b398,1,Preferensi Saya,preference,32442.50,3784955.0,0.0,0.00,4.00,3.00,<18,Perempuan,Pelajar/Mahasiswa,<1 juta,Tidak punya,Sekolah/Kuliah,Beberapa kali seminggu,3.0,4.0,5.0,5.0,5.0,0
62,80cc5409-a032-5fa8-bf6a-0ca72b5652ac,0,Kendaraan Pribadi,private_vehicle,32442.50,3784955.0,0.0,0.00,4.00,3.00,<18,Perempuan,Pelajar/Mahasiswa,<1 juta,Tidak punya,Sekolah/Kuliah,Beberapa kali seminggu,3.0,4.0,5.0,5.0,5.0,1
62,80cc5409-a032-5fa8-bf6a-0ca72b5652ac,1,Preferensi Saya,preference,32442.50,3784955.0,0.0,0.00,4.00,3.00,<18,Perempuan,Pelajar/Mahasiswa,<1 juta,Tidak punya,Sekolah/Kuliah,Beberapa kali seminggu,3.0,4.0,5.0,5.0,5.0,0
63,a8c98f55-b9b5-4554-aba6-c621be51e762,0,Kendaraan Pribadi,private_vehicle,32450.10,3785850.0,0.0,0.00,4.00,3.00,,,,,,,,,,,,,1
64,f1443221-a144-5ea6-bee5-0261711b4d84,0,Kendaraan Pribadi,private_vehicle,32450.10,3785850.0,0.0,0.00,4.00,3.00,,,,,,,,,,,,,1
65,5a14bbeb-554f-4acf-b040-20a3b867c3dc,0,Rekomendasi,time,41.75,5000.0,0.0,1.30,4.08,3.82,18-25,Laki-laki,Pelajar/Mahasiswa,<1 juta,Motor,Sekolah/Kuliah,Jarang/tidak pernah,5.0,5.0,5.0,4.0,4.0,0
65,5a14bbeb-554f-4acf-b040-20a3b867c3dc,1,Kendaraan Pribadi,private_vehicle,17.80,2075.0,0.0,0.00,4.00,3.00,18-25,Laki-laki,Pelajar/Mahasiswa,<1 juta,Motor,Sekolah/Kuliah,Jarang/tidak pernah,5.0,5.0,5.0,4.0,4.0,1
65,5a14bbeb-554f-4acf-b040-20a3b867c3dc,2,Preferensi Saya,preference,17.80,2075.0,0.0,0.00,4.00,3.00,18-25,Laki-laki,Pelajar/Mahasiswa,<1 juta,Motor,Sekolah/Kuliah,Jarang/tidak pernah,5.0,5.0,5.0,4.0,4.0,0
66,fb52297e-629a-4529-ae3f-545c5d2981cd,0,Kendaraan Pribadi,private_vehicle,32409.00,3781045.0,0.0,0.00,4.00,3.00,,,,,,,,5.0,5.0,5.0,5.0,5.0,1
66,fb52297e-629a-4529-ae3f-545c5d2981cd,1,Preferensi Saya,preference,32409.00,3781045.0,0.0,0.00,4.00,3.00,,,,,,,,5.0,5.0,5.0,5.0,5.0,0
67,0fba1c28-b4fc-5f1c-8a4a-a165f1d69461,0,Kendaraan Pribadi,private_vehicle,32409.00,3781045.0,0.0,0.00,4.00,3.00,,,,,,,,5.0,5.0,5.0,5.0,5.0,1
67,0fba1c28-b4fc-5f1c-8a4a-a165f1d69461,1,Preferensi Saya,preference,32409.00,3781045.0,0.0,0.00,4.00,3.00,,,,,,,,5.0,5.0,5.0,5.0,5.0,0
68,76be77b3-c323-5c5a-85fc-236ea50f45d7,0,Kendaraan Pribadi,private_vehicle,0.00,0.0,0.0,0.00,0.00,0.00,<18,Perempuan,Pelajar/Mahasiswa,<1 juta,Tidak punya,Sekolah/Kuliah,Beberapa kali seminggu,3.0,4.0,5.0,4.0,5.0,1
68,76be77b3-c323-5c5a-85fc-236ea50f45d7,1,Preferensi Saya,preference,0.00,0.0,0.0,0.00,0.00,0.00,<18,Perempuan,Pelajar/Mahasiswa,<1 juta,Tidak punya,Sekolah/Kuliah,Beberapa kali seminggu,3.0,4.0,5.0,4.0,5.0,0
69,dfce148f-f587-4077-a112-747e1d222e10,0,Rekomendasi,time,55.86,5000.0,0.0,0.92,3.44,3.35,18-25,Laki-laki,Pelajar/Mahasiswa,<1 juta,Motor,Sekolah/Kuliah,Jarang/tidak pernah,5.0,5.0,4.0,5.0,5.0,0
69,dfce148f-f587-4077-a112-747e1d222e10,1,Kendaraan Pribadi,private_vehicle,25.90,3022.0,0.0,0.00,4.00,3.00,18-25,Laki-laki,Pelajar/Mahasiswa,<1 juta,Motor,Sekolah/Kuliah,Jarang/tidak pernah,5.0,5.0,4.0,5.0,5.0,1
69,dfce148f-f587-4077-a112-747e1d222e10,2,Preferensi Saya,preference,25.90,3022.0,0.0,0.00,4.00,3.00,18-25,Laki-laki,Pelajar/Mahasiswa,<1 juta,Motor,Sekolah/Kuliah,Jarang/tidak pernah,5.0,5.0,4.0,5.0,5.0,0
70,18f05e27-ef30-51af-b6f6-997fdbc20ecb,0,Rekomendasi,time,81.94,10000.0,1.0,0.52,3.57,3.80,18-25,Laki-laki,Pelajar/Mahasiswa,<1 juta,Motor,Sekolah/Kuliah,Jarang/tidak pernah,5.0,5.0,4.0,5.0,5.0,0
70,18f05e27-ef30-51af-b6f6-997fdbc20ecb,1,Termurah,cost,82.21,5000.0,1.0,0.52,3.22,3.45,18-25,Laki-laki,Pelajar/Mahasiswa,<1 juta,Motor,Sekolah/Kuliah,Jarang/tidak pernah,5.0,5.0,4.0,5.0,5.0,0
70,18f05e27-ef30-51af-b6f6-997fdbc20ecb,2,Kendaraan Pribadi,private_vehicle,39.20,4570.0,0.0,0.00,4.00,3.00,18-25,Laki-laki,Pelajar/Mahasiswa,<1 juta,Motor,Sekolah/Kuliah,Jarang/tidak pernah,5.0,5.0,4.0,5.0,5.0,1
70,18f05e27-ef30-51af-b6f6-997fdbc20ecb,3,Preferensi Saya,preference,39.20,4570.0,0.0,0.00,4.00,3.00,18-25,Laki-laki,Pelajar/Mahasiswa,<1 juta,Motor,Sekolah/Kuliah,Jarang/tidak pernah,5.0,5.0,4.0,5.0,5.0,0
71,333ccf89-1ba8-510a-a131-5d7834a8c83d,0,Rekomendasi,time,40.40,5000.0,0.0,0.85,3.44,3.28,18-25,Laki-laki,Pelajar/Mahasiswa,<1 juta,Motor,Sekolah/Kuliah,Jarang/tidak pernah,5.0,5.0,4.0,5.0,5.0,0
71,333ccf89-1ba8-510a-a131-5d7834a8c83d,1,Kendaraan Pribadi,private_vehicle,17.00,1982.0,0.0,0.00,4.00,3.00,18-25,Laki-laki,Pelajar/Mahasiswa,<1 juta,Motor,Sekolah/Kuliah,Jarang/tidak pernah,5.0,5.0,4.0,5.0,5.0,1
71,333ccf89-1ba8-510a-a131-5d7834a8c83d,2,Preferensi Saya,preference,17.00,1982.0,0.0,0.00,4.00,3.00,18-25,Laki-laki,Pelajar/Mahasiswa,<1 juta,Motor,Sekolah/Kuliah,Jarang/tidak pernah,5.0,5.0,4.0,5.0,5.0,0
72,c1b1c33f-97ea-50e0-82cc-564600da5973,0,Rekomendasi,time,72.96,10000.0,1.0,0.55,3.42,3.65,18-25,Laki-laki,Pelajar/Mahasiswa,<1 juta,Motor,Sekolah/Kuliah,Jarang/tidak pernah,5.0,5.0,4.0,5.0,5.0,0
72,c1b1c33f-97ea-50e0-82cc-564600da5973,1,Termurah,cost,73.24,5000.0,1.0,0.55,3.02,3.25,18-25,Laki-laki,Pelajar/Mahasiswa,<1 juta,Motor,Sekolah/Kuliah,Jarang/tidak pernah,5.0,5.0,4.0,5.0,5.0,0
72,c1b1c33f-97ea-50e0-82cc-564600da5973,2,Kendaraan Pribadi,private_vehicle,28.70,3350.0,0.0,0.00,4.00,3.00,18-25,Laki-laki,Pelajar/Mahasiswa,<1 juta,Motor,Sekolah/Kuliah,Jarang/tidak pernah,5.0,5.0,4.0,5.0,5.0,1
72,c1b1c33f-97ea-50e0-82cc-564600da5973,3,Preferensi Saya,preference,28.70,3350.0,0.0,0.00,4.00,3.00,18-25,Laki-laki,Pelajar/Mahasiswa,<1 juta,Motor,Sekolah/Kuliah,Jarang/tidak pernah,5.0,5.0,4.0,5.0,5.0,0
73,7857b82a-cfc9-582b-9b01-e6f236dfa1dd,0,Rekomendasi,time,69.70,5000.0,0.0,1.76,3.57,3.26,18-25,Laki-laki,Pelajar/Mahasiswa,<1 juta,Motor,Sekolah/Kuliah,Jarang/tidak pernah,5.0,5.0,4.0,5.0,5.0,0
73,7857b82a-cfc9-582b-9b01-e6f236dfa1dd,1,Kendaraan Pribadi,private_vehicle,31.00,3620.0,0.0,0.00,4.00,3.00,18-25,Laki-laki,Pelajar/Mahasiswa,<1 juta,Motor,Sekolah/Kuliah,Jarang/tidak pernah,5.0,5.0,4.0,5.0,5.0,1
73,7857b82a-cfc9-582b-9b01-e6f236dfa1dd,2,Preferensi Saya,preference,31.00,3620.0,0.0,0.00,4.00,3.00,18-25,Laki-laki,Pelajar/Mahasiswa,<1 juta,Motor,Sekolah/Kuliah,Jarang/tidak pernah,5.0,5.0,4.0,5.0,5.0,0
74,d2bc084c-3d31-5063-b9b1-60929e7c5c00,0,Rekomendasi,time,58.12,5000.0,0.0,2.18,3.63,3.18,18-25,Laki-laki,Pelajar/Mahasiswa,<1 juta,Motor,Sekolah/Kuliah,Jarang/tidak pernah,5.0,5.0,4.0,5.0,5.0,0
74,d2bc084c-3d31-5063-b9b1-60929e7c5c00,1,Termurah,cost,104.15,0.0,2.0,1.51,1.77,2.28,18-25,Laki-laki,Pelajar/Mahasiswa,<1 juta,Motor,Sekolah/Kuliah,Jarang/tidak pernah,5.0,5.0,4.0,5.0,5.0,0
74,d2bc084c-3d31-5063-b9b1-60929e7c5c00,2,Kendaraan Pribadi,private_vehicle,16.00,1870.0,0.0,0.00,4.00,3.00,18-25,Laki-laki,Pelajar/Mahasiswa,<1 juta,Motor,Sekolah/Kuliah,Jarang/tidak pernah,5.0,5.0,4.0,5.0,5.0,1
74,d2bc084c-3d31-5063-b9b1-60929e7c5c00,3,Preferensi Saya,preference,16.00,1870.0,0.0,0.00,4.00,3.00,18-25,Laki-laki,Pelajar/Mahasiswa,<1 juta,Motor,Sekolah/Kuliah,Jarang/tidak pernah,5.0,5.0,4.0,5.0,5.0,0
75,26fe1de9-a736-506c-a461-92a25c678997,0,Rekomendasi,time,66.18,0.0,0.0,4.11,3.49,2.74,18-25,Laki-laki,Pelajar/Mahasiswa,<1 juta,Motor,Sekolah/Kuliah,Jarang/tidak pernah,5.0,5.0,4.0,5.0,5.0,0
75,26fe1de9-a736-506c-a461-92a25c678997,1,Kendaraan Pribadi,private_vehicle,16.30,1902.0,0.0,0.00,4.00,3.00,18-25,Laki-laki,Pelajar/Mahasiswa,<1 juta,Motor,Sekolah/Kuliah,Jarang/tidak pernah,5.0,5.0,4.0,5.0,5.0,1
75,26fe1de9-a736-506c-a461-92a25c678997,2,Preferensi Saya,preference,16.30,1902.0,0.0,0.00,4.00,3.00,18-25,Laki-laki,Pelajar/Mahasiswa,<1 juta,Motor,Sekolah/Kuliah,Jarang/tidak pernah,5.0,5.0,4.0,5.0,5.0,0
76,4d547101-f49e-44c6-a664-f7002ba5fb39,0,Rekomendasi,time,57.99,5000.0,1.0,0.76,3.57,3.73,18-25,Laki-laki,Pelajar/Mahasiswa,<1 juta,Motor,Sekolah/Kuliah,Beberapa kali seminggu,,,,,,1
76,4d547101-f49e-44c6-a664-f7002ba5fb39,1,Preferensi Saya,preference,58.32,5000.0,1.0,0.79,3.57,3.73,18-25,Laki-laki,Pelajar/Mahasiswa,<1 juta,Motor,Sekolah/Kuliah,Beberapa kali seminggu,,,,,,0
76,4d547101-f49e-44c6-a664-f7002ba5fb39,2,Kendaraan Pribadi,private_vehicle,22.70,2652.0,0.0,0.00,4.00,3.00,18-25,Laki-laki,Pelajar/Mahasiswa,<1 juta,Motor,Sekolah/Kuliah,Beberapa kali seminggu,,,,,,0
77,6cab52cf-7add-5003-be20-b2af7abeeb48,0,Rekomendasi,time,9.65,0.0,0.0,0.00,3.45,3.55,18-25,Laki-laki,Pelajar/Mahasiswa,<1 juta,Motor,Sekolah/Kuliah,Jarang/tidak pernah,5.0,5.0,4.0,5.0,5.0,0
77,6cab52cf-7add-5003-be20-b2af7abeeb48,1,Kendaraan Pribadi,private_vehicle,2.70,320.0,0.0,0.00,4.00,3.00,18-25,Laki-laki,Pelajar/Mahasiswa,<1 juta,Motor,Sekolah/Kuliah,Jarang/tidak pernah,5.0,5.0,4.0,5.0,5.0,1
77,6cab52cf-7add-5003-be20-b2af7abeeb48,2,Preferensi Saya,preference,9.65,0.0,0.0,0.00,3.45,3.55,18-25,Laki-laki,Pelajar/Mahasiswa,<1 juta,Motor,Sekolah/Kuliah,Jarang/tidak pernah,5.0,5.0,4.0,5.0,5.0,0
78,bd047505-d1f1-4140-8acc-1ec873c4ede2,0,Rekomendasi,time,34.60,10000.0,0.0,0.06,4.56,4.60,,,,,,,,4.0,5.0,4.0,5.0,4.0,1
78,bd047505-d1f1-4140-8acc-1ec873c4ede2,1,Kendaraan Pribadi,private_vehicle,20.60,2400.0,0.0,0.00,4.00,3.00,,,,,,,,4.0,5.0,4.0,5.0,4.0,0
78,bd047505-d1f1-4140-8acc-1ec873c4ede2,2,Preferensi Saya,preference,20.60,2400.0,0.0,0.00,4.00,3.00,,,,,,,,4.0,5.0,4.0,5.0,4.0,0
79,24b713cf-37b4-4cdd-bf6d-7a516298e9b7,0,Rekomendasi,time,60.31,10000.0,1.0,1.07,3.61,3.75,18-25,Laki-laki,Pelajar/Mahasiswa,>10 juta,Mobil,Sekolah/Kuliah,Beberapa kali sebulan,,,,,,1
79,24b713cf-37b4-4cdd-bf6d-7a516298e9b7,1,Termurah,cost,61.01,5000.0,1.0,1.07,3.11,3.24,18-25,Laki-laki,Pelajar/Mahasiswa,>10 juta,Mobil,Sekolah/Kuliah,Beberapa kali sebulan,,,,,,0
79,24b713cf-37b4-4cdd-bf6d-7a516298e9b7,2,Preferensi Saya,preference,61.96,5000.0,1.0,1.23,3.12,3.32,18-25,Laki-laki,Pelajar/Mahasiswa,>10 juta,Mobil,Sekolah/Kuliah,Beberapa kali sebulan,,,,,,0
79,24b713cf-37b4-4cdd-bf6d-7a516298e9b7,3,Kendaraan Pribadi,private_vehicle,20.60,2402.0,0.0,0.00,4.00,3.00,18-25,Laki-laki,Pelajar/Mahasiswa,>10 juta,Mobil,Sekolah/Kuliah,Beberapa kali sebulan,,,,,,0
80,3074d4b3-6be1-4dcb-8ae9-94a63fc11ead,0,Kendaraan Pribadi,private_vehicle,62.80,7332.0,0.0,0.00,4.00,3.00,<18,Perempuan,Pelajar/Mahasiswa,<1 juta,Motor,Sekolah/Kuliah,Setiap hari,5.0,3.0,5.0,3.0,5.0,1
80,3074d4b3-6be1-4dcb-8ae9-94a63fc11ead,1,Preferensi Saya,preference,62.80,7332.0,0.0,0.00,4.00,3.00,<18,Perempuan,Pelajar/Mahasiswa,<1 juta,Motor,Sekolah/Kuliah,Setiap hari,5.0,3.0,5.0,3.0,5.0,0
81,3a537367-0da0-44a5-b876-a60ba9194789,0,Kendaraan Pribadi,private_vehicle,92.70,10810.0,0.0,0.00,4.00,3.00,,,,,,,,5.0,5.0,3.0,5.0,5.0,1
81,3a537367-0da0-44a5-b876-a60ba9194789,1,Preferensi Saya,preference,92.70,10810.0,0.0,0.00,4.00,3.00,,,,,,,,5.0,5.0,3.0,5.0,5.0,0
82,8c66deca-a2f1-40c3-953b-4cb284206a64,0,Rekomendasi,time,65.96,10000.0,2.0,0.30,2.64,3.35,,,,,,,,,,,,,1
82,8c66deca-a2f1-40c3-953b-4cb284206a64,1,Termurah,cost,67.73,5000.0,2.0,0.64,2.34,2.90,,,,,,,,,,,,,0
82,8c66deca-a2f1-40c3-953b-4cb284206a64,2,Kendaraan Pribadi,private_vehicle,21.70,2535.0,0.0,0.00,4.00,3.00,,,,,,,,,,,,,0
83,4760b0ad-bde5-44ce-ab85-18364ab6bc9e,0,Kendaraan Pribadi,private_vehicle,86.10,10045.0,0.0,0.00,4.00,3.00,<18,Laki-laki,Pelajar/Mahasiswa,<1 juta,Motor dan mobil,Sekolah/Kuliah,Beberapa kali seminggu,,,,,,1
84,39dc4dc7-7f69-4ba5-87bc-f43fff838002,0,Kendaraan Pribadi,private_vehicle,53.00,6185.0,0.0,0.00,4.00,3.00,26-35,Laki-laki,PNS/TNI/Polri,>10 juta,Motor,Sekolah/Kuliah,Jarang/tidak pernah,4.0,3.0,5.0,3.0,5.0,1
84,39dc4dc7-7f69-4ba5-87bc-f43fff838002,1,Preferensi Saya,preference,53.00,6185.0,0.0,0.00,4.00,3.00,26-35,Laki-laki,PNS/TNI/Polri,>10 juta,Motor,Sekolah/Kuliah,Jarang/tidak pernah,4.0,3.0,5.0,3.0,5.0,0
85,a15e6638-3204-4166-bf4a-df2f97a7cdb8,0,Kendaraan Pribadi,private_vehicle,77.90,9085.0,0.0,0.00,4.00,3.00,18-25,Perempuan,Pelajar/Mahasiswa,<1 juta,Tidak punya,Sekolah/Kuliah,Setiap hari,4.0,3.0,4.0,5.0,5.0,0
85,a15e6638-3204-4166-bf4a-df2f97a7cdb8,1,Preferensi Saya,preference,77.90,9085.0,0.0,0.00,4.00,3.00,18-25,Perempuan,Pelajar/Mahasiswa,<1 juta,Tidak punya,Sekolah/Kuliah,Setiap hari,4.0,3.0,4.0,5.0,5.0,1
86,a447bea9-3c06-5bce-b9f9-c6444e2cf820,0,Kendaraan Pribadi,private_vehicle,53.00,6185.0,0.0,0.00,4.00,3.00,26-35,Laki-laki,PNS/TNI/Polri,>10 juta,Motor,Sekolah/Kuliah,Jarang/tidak pernah,4.0,3.0,5.0,3.0,5.0,1
86,a447bea9-3c06-5bce-b9f9-c6444e2cf820,1,Preferensi Saya,preference,53.00,6185.0,0.0,0.00,4.00,3.00,26-35,Laki-laki,PNS/TNI/Polri,>10 juta,Motor,Sekolah/Kuliah,Jarang/tidak pernah,4.0,3.0,5.0,3.0,5.0,0
87,950bbcb3-9312-563c-b714-5098c457d942,0,Kendaraan Pribadi,private_vehicle,86.10,10045.0,0.0,0.00,4.00,3.00,<18,Laki-laki,Pelajar/Mahasiswa,<1 juta,Motor dan mobil,Sekolah/Kuliah,Beberapa kali seminggu,,,,,,1
88,296a8dd8-1dd0-4749-8d37-a6c6e5681014,0,Rekomendasi,time,117.68,5000.0,2.0,1.92,2.73,3.26,,,,,,,,,,,,,1
88,296a8dd8-1dd0-4749-8d37-a6c6e5681014,1,Kendaraan Pribadi,private_vehicle,39.60,4618.0,0.0,0.00,4.00,3.00,,,,,,,,,,,,,0
89,e3b69822-8712-4bd2-bbfd-671509cf2755,0,Rekomendasi,time,47.73,5000.0,1.0,0.56,2.91,3.49,<18,Perempuan,Pelajar/Mahasiswa,<1 juta,Motor,Lainnya,Beberapa kali seminggu,3.0,3.0,3.0,3.0,4.0,1
89,e3b69822-8712-4bd2-bbfd-671509cf2755,1,Termurah,cost,54.91,5000.0,1.0,0.85,2.66,3.00,<18,Perempuan,Pelajar/Mahasiswa,<1 juta,Motor,Lainnya,Beberapa kali seminggu,3.0,3.0,3.0,3.0,4.0,0
89,e3b69822-8712-4bd2-bbfd-671509cf2755,2,Kendaraan Pribadi,private_vehicle,7.40,858.0,0.0,0.00,4.00,3.00,<18,Perempuan,Pelajar/Mahasiswa,<1 juta,Motor,Lainnya,Beberapa kali seminggu,3.0,3.0,3.0,3.0,4.0,0
89,e3b69822-8712-4bd2-bbfd-671509cf2755,3,Preferensi Saya,preference,7.40,858.0,0.0,0.00,4.00,3.00,<18,Perempuan,Pelajar/Mahasiswa,<1 juta,Motor,Lainnya,Beberapa kali seminggu,3.0,3.0,3.0,3.0,4.0,0
90,ec063c25-0fa8-407f-9d1f-dcd22682313a,0,Rekomendasi,time,13.60,0.0,0.0,0.00,3.97,3.03,18-25,Perempuan,Pelajar/Mahasiswa,<1 juta,Tidak punya,Sekolah/Kuliah,Beberapa kali seminggu,4.0,4.0,4.0,4.0,4.0,1
90,ec063c25-0fa8-407f-9d1f-dcd22682313a,1,Kendaraan Pribadi,private_vehicle,2.40,280.0,0.0,0.00,4.00,3.00,18-25,Perempuan,Pelajar/Mahasiswa,<1 juta,Tidak punya,Sekolah/Kuliah,Beberapa kali seminggu,4.0,4.0,4.0,4.0,4.0,0
90,ec063c25-0fa8-407f-9d1f-dcd22682313a,2,Preferensi Saya,preference,13.60,0.0,0.0,0.00,3.97,3.03,18-25,Perempuan,Pelajar/Mahasiswa,<1 juta,Tidak punya,Sekolah/Kuliah,Beberapa kali seminggu,4.0,4.0,4.0,4.0,4.0,0
91,b2ecf424-3b22-40aa-b6b7-ef7c11d84f12,0,Kendaraan Pribadi,private_vehicle,17.00,1980.0,0.0,0.00,4.00,3.00,36-50,Perempuan,PNS/TNI/Polri,5-10 juta,Mobil,Kerja,Jarang/tidak pernah,4.0,5.0,5.0,4.0,5.0,1
91,b2ecf424-3b22-40aa-b6b7-ef7c11d84f12,1,Preferensi Saya,preference,17.00,1980.0,0.0,0.00,4.00,3.00,36-50,Perempuan,PNS/TNI/Polri,5-10 juta,Mobil,Kerja,Jarang/tidak pernah,4.0,5.0,5.0,4.0,5.0,0
92,ce24805f-b4e5-47d9-ba4d-3a2f6f755304,0,Kendaraan Pribadi,private_vehicle,32435.50,3784138.0,0.0,0.00,4.00,3.00,26-35,Perempuan,Pelajar/Mahasiswa,3-5 juta,Motor,Sekolah/Kuliah,Jarang/tidak pernah,5.0,5.0,5.0,5.0,5.0,1
92,ce24805f-b4e5-47d9-ba4d-3a2f6f755304,1,Preferensi Saya,preference,32435.50,3784138.0,0.0,0.00,4.00,3.00,26-35,Perempuan,Pelajar/Mahasiswa,3-5 juta,Motor,Sekolah/Kuliah,Jarang/tidak pernah,5.0,5.0,5.0,5.0,5.0,0
93,d9c04834-8d32-5219-b841-5dfc218a597c,0,Kendaraan Pribadi,private_vehicle,24.80,2898.0,0.0,0.00,4.00,3.00,26-35,Perempuan,Pelajar/Mahasiswa,3-5 juta,Motor,Sekolah/Kuliah,Jarang/tidak pernah,5.0,5.0,5.0,5.0,5.0,1
93,d9c04834-8d32-5219-b841-5dfc218a597c,1,Preferensi Saya,preference,24.80,2898.0,0.0,0.00,4.00,3.00,26-35,Perempuan,Pelajar/Mahasiswa,3-5 juta,Motor,Sekolah/Kuliah,Jarang/tidak pernah,5.0,5.0,5.0,5.0,5.0,0
94,2778e4a5-13ee-52f3-81f3-d8dd9b146547,0,Kendaraan Pribadi,private_vehicle,24.80,2898.0,0.0,0.00,4.00,3.00,26-35,Perempuan,Pelajar/Mahasiswa,3-5 juta,Motor,Sekolah/Kuliah,Jarang/tidak pernah,5.0,5.0,5.0,5.0,5.0,1
94,2778e4a5-13ee-52f3-81f3-d8dd9b146547,1,Preferensi Saya,preference,24.80,2898.0,0.0,0.00,4.00,3.00,26-35,Perempuan,Pelajar/Mahasiswa,3-5 juta,Motor,Sekolah/Kuliah,Jarang/tidak pernah,5.0,5.0,5.0,5.0,5.0,0
95,80f82332-414c-4d3a-8b0b-7eec6148498c,0,Kendaraan Pribadi,private_vehicle,76.50,8930.0,0.0,0.00,4.00,3.00,18-25,Laki-laki,Pelajar/Mahasiswa,<1 juta,Motor,Sekolah/Kuliah,Jarang/tidak pernah,5.0,5.0,4.0,3.0,5.0,1
95,80f82332-414c-4d3a-8b0b-7eec6148498c,1,Preferensi Saya,preference,76.50,8930.0,0.0,0.00,4.00,3.00,18-25,Laki-laki,Pelajar/Mahasiswa,<1 juta,Motor,Sekolah/Kuliah,Jarang/tidak pernah,5.0,5.0,4.0,3.0,5.0,0
96,e26424b6-9731-49b5-a15a-407702373fa3,0,Rekomendasi,time,45.78,0.0,0.0,2.38,3.08,2.79,26-35,Laki-laki,Karyawan,>10 juta,Motor dan mobil,Kerja,Beberapa kali sebulan,,,,,,1
96,e26424b6-9731-49b5-a15a-407702373fa3,1,Tercepat,alternative,46.50,0.0,0.0,2.40,3.07,2.80,26-35,Laki-laki,Karyawan,>10 juta,Motor dan mobil,Kerja,Beberapa kali sebulan,,,,,,0
96,e26424b6-9731-49b5-a15a-407702373fa3,2,Kendaraan Pribadi,private_vehicle,20.70,1728.0,0.0,0.00,4.00,3.00,26-35,Laki-laki,Karyawan,>10 juta,Motor dan mobil,Kerja,Beberapa kali sebulan,,,,,,0
97,9c766be6-8c56-5c33-af24-26344956fac8,0,Rekomendasi,time,45.78,0.0,0.0,2.38,3.08,2.79,26-35,Laki-laki,Karyawan,>10 juta,Motor dan mobil,Kerja,Beberapa kali sebulan,3.0,3.0,3.0,3.0,3.0,1
97,9c766be6-8c56-5c33-af24-26344956fac8,1,Termurah,alternative,46.50,0.0,0.0,2.40,3.07,2.80,26-35,Laki-laki,Karyawan,>10 juta,Motor dan mobil,Kerja,Beberapa kali sebulan,3.0,3.0,3.0,3.0,3.0,0
97,9c766be6-8c56-5c33-af24-26344956fac8,2,Kendaraan Pribadi,private_vehicle,20.70,1728.0,0.0,0.00,4.00,3.00,26-35,Laki-laki,Karyawan,>10 juta,Motor dan mobil,Kerja,Beberapa kali sebulan,3.0,3.0,3.0,3.0,3.0,0
97,9c766be6-8c56-5c33-af24-26344956fac8,3,Preferensi Saya,preference,20.70,1728.0,0.0,0.00,4.00,3.00,26-35,Laki-laki,Karyawan,>10 juta,Motor dan mobil,Kerja,Beberapa kali sebulan,3.0,3.0,3.0,3.0,3.0,0
98,8e0836bb-6e3c-4aa3-9845-13874f58d3bd,0,Kendaraan Pribadi,private_vehicle,15.70,1305.0,0.0,0.00,4.00,3.00,<18,Perempuan,Pelajar/Mahasiswa,<1 juta,Motor dan mobil,Sekolah/Kuliah,Beberapa kali sebulan,3.0,4.0,4.0,5.0,5.0,1
98,8e0836bb-6e3c-4aa3-9845-13874f58d3bd,1,Preferensi Saya,preference,15.70,1305.0,0.0,0.00,4.00,3.00,<18,Perempuan,Pelajar/Mahasiswa,<1 juta,Motor dan mobil,Sekolah/Kuliah,Beberapa kali sebulan,3.0,4.0,4.0,5.0,5.0,0
99,8eeefecd-2fe3-4d8d-8615-cfac41ae6662,0,Rekomendasi,time,25.51,5000.0,0.0,0.70,3.17,3.83,>50,Perempuan,PNS/TNI/Polri,>10 juta,Motor dan mobil,Kerja,Jarang/tidak pernah,5.0,5.0,5.0,5.0,5.0,1
99,8eeefecd-2fe3-4d8d-8615-cfac41ae6662,1,Termurah,cost,25.75,0.0,0.0,0.76,2.56,2.50,>50,Perempuan,PNS/TNI/Polri,>10 juta,Motor dan mobil,Kerja,Jarang/tidak pernah,5.0,5.0,5.0,5.0,5.0,0
99,8eeefecd-2fe3-4d8d-8615-cfac41ae6662,2,Kendaraan Pribadi,private_vehicle,5.50,455.0,0.0,0.00,4.00,3.00,>50,Perempuan,PNS/TNI/Polri,>10 juta,Motor dan mobil,Kerja,Jarang/tidak pernah,5.0,5.0,5.0,5.0,5.0,0
99,8eeefecd-2fe3-4d8d-8615-cfac41ae6662,3,Preferensi Saya,preference,5.50,455.0,0.0,0.00,4.00,3.00,>50,Perempuan,PNS/TNI/Polri,>10 juta,Motor dan mobil,Kerja,Jarang/tidak pernah,5.0,5.0,5.0,5.0,5.0,0
100,57ea59a6-ad6c-47ce-8e88-1542e4db33ed,0,Rekomendasi,time,73.63,5000.0,1.0,1.30,3.17,3.34,36-50,Perempuan,Lainnya,3-5 juta,Mobil,Kerja,Beberapa kali sebulan,4.0,4.0,3.0,4.0,3.0,1
100,57ea59a6-ad6c-47ce-8e88-1542e4db33ed,1,Termurah,cost,85.95,5000.0,1.0,1.64,2.93,3.00,36-50,Perempuan,Lainnya,3-5 juta,Mobil,Kerja,Beberapa kali sebulan,4.0,4.0,3.0,4.0,3.0,0
100,57ea59a6-ad6c-47ce-8e88-1542e4db33ed,2,Kendaraan Pribadi,private_vehicle,46.30,3862.0,0.0,0.00,4.00,3.00,36-50,Perempuan,Lainnya,3-5 juta,Mobil,Kerja,Beberapa kali sebulan,4.0,4.0,3.0,4.0,3.0,0
100,57ea59a6-ad6c-47ce-8e88-1542e4db33ed,3,Preferensi Saya,preference,46.30,3862.0,0.0,0.00,4.00,3.00,36-50,Perempuan,Lainnya,3-5 juta,Mobil,Kerja,Beberapa kali sebulan,4.0,4.0,3.0,4.0,3.0,0
101,1c7c97ae-d30f-4286-8730-2fbb9c2fb1d3,0,Kendaraan Pribadi,private_vehicle,0.00,0.0,0.0,0.00,0.00,0.00,,,,,,,,,,,,,1
102,d9d373cf-f7d9-4fd6-b80c-2f84f29a26e8,0,Kendaraan Pribadi,private_vehicle,28.90,3375.0,0.0,0.00,4.00,3.00,18-25,Perempuan,Pelajar/Mahasiswa,<1 juta,Tidak punya,Sekolah/Kuliah,Setiap hari,,,,,,1
103,877982cd-15c9-5886-ae41-dc4187f7c8bc,0,Kendaraan Pribadi,private_vehicle,28.90,3375.0,0.0,0.00,4.00,3.00,18-25,Perempuan,Pelajar/Mahasiswa,<1 juta,Tidak punya,Sekolah/Kuliah,Setiap hari,3.0,3.0,3.0,3.0,3.0,1
103,877982cd-15c9-5886-ae41-dc4187f7c8bc,1,Preferensi Saya,preference,28.90,3375.0,0.0,0.00,4.00,3.00,18-25,Perempuan,Pelajar/Mahasiswa,<1 juta,Tidak punya,Sekolah/Kuliah,Setiap hari,3.0,3.0,3.0,3.0,3.0,0
104,09c61de7-bfc2-450b-80d1-972e3c093e61,0,Rekomendasi,time,34.45,0.0,0.0,1.05,2.78,2.56,18-25,Perempuan,Pelajar/Mahasiswa,<1 juta,Motor dan mobil,Sekolah/Kuliah,Beberapa kali seminggu,5.0,5.0,5.0,5.0,5.0,1
104,09c61de7-bfc2-450b-80d1-972e3c093e61,1,Tercepat,alternative,35.93,5000.0,0.0,0.87,3.35,3.21,18-25,Perempuan,Pelajar/Mahasiswa,<1 juta,Motor dan mobil,Sekolah/Kuliah,Beberapa kali seminggu,5.0,5.0,5.0,5.0,5.0,0
104,09c61de7-bfc2-450b-80d1-972e3c093e61,2,Kendaraan Pribadi,private_vehicle,7.60,635.0,0.0,0.00,4.00,3.00,18-25,Perempuan,Pelajar/Mahasiswa,<1 juta,Motor dan mobil,Sekolah/Kuliah,Beberapa kali seminggu,5.0,5.0,5.0,5.0,5.0,0
104,09c61de7-bfc2-450b-80d1-972e3c093e61,3,Preferensi Saya,preference,7.60,635.0,0.0,0.00,4.00,3.00,18-25,Perempuan,Pelajar/Mahasiswa,<1 juta,Motor dan mobil,Sekolah/Kuliah,Beberapa kali seminggu,5.0,5.0,5.0,5.0,5.0,0
105,7a7cd803-300a-4a5d-9334-9d34a8513ffc,0,Rekomendasi,time,24.74,5000.0,0.0,0.52,3.25,3.75,,,,,,,,4.0,3.0,5.0,4.0,5.0,1
105,7a7cd803-300a-4a5d-9334-9d34a8513ffc,1,Termurah,cost,36.54,0.0,0.0,1.04,2.83,2.49,,,,,,,,4.0,3.0,5.0,4.0,5.0,0
105,7a7cd803-300a-4a5d-9334-9d34a8513ffc,2,Kendaraan Pribadi,private_vehicle,5.70,472.0,0.0,0.00,4.00,3.00,,,,,,,,4.0,3.0,5.0,4.0,5.0,0
105,7a7cd803-300a-4a5d-9334-9d34a8513ffc,3,Preferensi Saya,preference,5.70,472.0,0.0,0.00,4.00,3.00,,,,,,,,4.0,3.0,5.0,4.0,5.0,0
106,9c5a4dfb-3771-4902-ba0a-9e35e9fd7102,0,Kendaraan Pribadi,private_vehicle,98.30,8190.0,0.0,0.00,4.00,3.00,,,,,,,,,,,,,1
107,8a72e54b-26f0-4091-91ec-ce07b33cb19f,0,Rekomendasi,time,137.51,5000.0,3.0,0.29,1.60,2.55,,,,,,,,,,,,,1
107,8a72e54b-26f0-4091-91ec-ce07b33cb19f,1,Kendaraan Pribadi,private_vehicle,30.40,2532.0,0.0,0.00,4.00,3.00,,,,,,,,,,,,,0
108,efd57ac5-37d9-43c4-b693-c611a9a7ea39,0,Kendaraan Pribadi,private_vehicle,0.00,0.0,0.0,0.00,0.00,0.00,18-25,Perempuan,Pelajar/Mahasiswa,<1 juta,Motor,Sekolah/Kuliah,Setiap hari,3.0,3.0,3.0,3.0,3.0,1
108,efd57ac5-37d9-43c4-b693-c611a9a7ea39,1,Preferensi Saya,preference,0.00,0.0,0.0,0.00,0.00,0.00,18-25,Perempuan,Pelajar/Mahasiswa,<1 juta,Motor,Sekolah/Kuliah,Setiap hari,3.0,3.0,3.0,3.0,3.0,0
109,e7574957-ee1d-4974-bf17-3bfa267bc904,0,Rekomendasi,time,46.52,5000.0,0.0,1.92,3.66,3.34,18-25,Perempuan,Pelajar/Mahasiswa,<1 juta,Tidak punya,Sekolah/Kuliah,Beberapa kali sebulan,5.0,3.0,5.0,5.0,5.0,1
109,e7574957-ee1d-4974-bf17-3bfa267bc904,1,Kendaraan Pribadi,private_vehicle,12.20,1020.0,0.0,0.00,4.00,3.00,18-25,Perempuan,Pelajar/Mahasiswa,<1 juta,Tidak punya,Sekolah/Kuliah,Beberapa kali sebulan,5.0,3.0,5.0,5.0,5.0,0
109,e7574957-ee1d-4974-bf17-3bfa267bc904,2,Preferensi Saya,preference,12.20,1020.0,0.0,0.00,4.00,3.00,18-25,Perempuan,Pelajar/Mahasiswa,<1 juta,Tidak punya,Sekolah/Kuliah,Beberapa kali sebulan,5.0,3.0,5.0,5.0,5.0,0
110,75f56a39-d053-5ab2-8e39-f3ba7d2357cb,0,Rekomendasi,time,30.48,5000.0,0.0,0.70,3.54,3.46,18-25,Perempuan,Pelajar/Mahasiswa,<1 juta,Motor,Sekolah/Kuliah,Beberapa kali sebulan,3.0,5.0,4.0,3.0,5.0,1
110,75f56a39-d053-5ab2-8e39-f3ba7d2357cb,1,Kendaraan Pribadi,private_vehicle,7.50,625.0,0.0,0.00,4.00,3.00,18-25,Perempuan,Pelajar/Mahasiswa,<1 juta,Motor,Sekolah/Kuliah,Beberapa kali sebulan,3.0,5.0,4.0,3.0,5.0,0
110,75f56a39-d053-5ab2-8e39-f3ba7d2357cb,2,Preferensi Saya,preference,7.50,625.0,0.0,0.00,4.00,3.00,18-25,Perempuan,Pelajar/Mahasiswa,<1 juta,Motor,Sekolah/Kuliah,Beberapa kali sebulan,3.0,5.0,4.0,3.0,5.0,0
111,7e3b494f-3636-4d3c-9026-e55830db0962,0,Kendaraan Pribadi,private_vehicle,45428.40,3785700.0,0.0,0.00,4.00,3.00,18-25,Perempuan,Pelajar/Mahasiswa,<1 juta,Tidak punya,Sekolah/Kuliah,Beberapa kali seminggu,3.0,2.0,4.0,3.0,5.0,1
111,7e3b494f-3636-4d3c-9026-e55830db0962,1,Preferensi Saya,preference,45428.40,3785700.0,0.0,0.00,4.00,3.00,18-25,Perempuan,Pelajar/Mahasiswa,<1 juta,Tidak punya,Sekolah/Kuliah,Beberapa kali seminggu,3.0,2.0,4.0,3.0,5.0,0
112,71f45238-8c69-5755-a094-12997b4d9a71,0,Kendaraan Pribadi,private_vehicle,45408.40,3784030.0,0.0,0.00,4.00,3.00,<18,Perempuan,Pelajar/Mahasiswa,<1 juta,Tidak punya,Sekolah/Kuliah,Beberapa kali seminggu,3.0,3.0,5.0,4.0,5.0,1
112,71f45238-8c69-5755-a094-12997b4d9a71,1,Preferensi Saya,preference,45408.40,3784030.0,0.0,0.00,4.00,3.00,<18,Perempuan,Pelajar/Mahasiswa,<1 juta,Tidak punya,Sekolah/Kuliah,Beberapa kali seminggu,3.0,3.0,5.0,4.0,5.0,0
113,d5886ccb-0764-415d-a1d1-25b49129e356,0,Rekomendasi,time,98.01,5000.0,1.0,0.95,2.60,2.87,18-25,Laki-laki,Pelajar/Mahasiswa,<1 juta,Motor,Sekolah/Kuliah,Beberapa kali seminggu,,,,,,1
113,d5886ccb-0764-415d-a1d1-25b49129e356,1,Kendaraan Pribadi,private_vehicle,36.40,3032.0,0.0,0.00,4.00,3.00,18-25,Laki-laki,Pelajar/Mahasiswa,<1 juta,Motor,Sekolah/Kuliah,Beberapa kali seminggu,,,,,,0
114,cdaa9857-19a6-46e8-9615-fb59893f27bf,0,Rekomendasi,time,148.43,5000.0,3.0,1.17,1.72,2.57,18-25,Perempuan,Pelajar/Mahasiswa,<1 juta,Motor,Sekolah/Kuliah,Beberapa kali seminggu,3.0,5.0,5.0,5.0,5.0,0
114,cdaa9857-19a6-46e8-9615-fb59893f27bf,1,Kendaraan Pribadi,private_vehicle,30.00,2502.0,0.0,0.00,4.00,3.00,18-25,Perempuan,Pelajar/Mahasiswa,<1 juta,Motor,Sekolah/Kuliah,Beberapa kali seminggu,3.0,5.0,5.0,5.0,5.0,1
114,cdaa9857-19a6-46e8-9615-fb59893f27bf,2,Preferensi Saya,preference,30.00,2502.0,0.0,0.00,4.00,3.00,18-25,Perempuan,Pelajar/Mahasiswa,<1 juta,Motor,Sekolah/Kuliah,Beberapa kali seminggu,3.0,5.0,5.0,5.0,5.0,0
115,5cad4a8b-77ed-4540-a3e8-1b8e20a1e39d,0,Kendaraan Pribadi,private_vehicle,136.10,11340.0,0.0,0.00,4.00,3.00,18-25,Laki-laki,Pelajar/Mahasiswa,1-3 juta,Motor,Sekolah/Kuliah,Beberapa kali sebulan,,,,,,1
116,f0f4a148-b9fa-5127-9888-ab31f1e0e997,0,Kendaraan Pribadi,private_vehicle,33.70,2805.0,0.0,0.00,4.00,3.00,18-25,Perempuan,Pelajar/Mahasiswa,1-3 juta,Tidak punya,Sekolah/Kuliah,Beberapa kali seminggu,4.0,2.0,5.0,4.0,5.0,1
116,f0f4a148-b9fa-5127-9888-ab31f1e0e997,1,Preferensi Saya,preference,33.70,2805.0,0.0,0.00,4.00,3.00,18-25,Perempuan,Pelajar/Mahasiswa,1-3 juta,Tidak punya,Sekolah/Kuliah,Beberapa kali seminggu,4.0,2.0,5.0,4.0,5.0,0
117,c39d2a8e-5251-5382-8d36-09ce058868ba,0,Kendaraan Pribadi,private_vehicle,136.10,11340.0,0.0,0.00,4.00,3.00,18-25,Laki-laki,Pelajar/Mahasiswa,1-3 juta,Motor,Sekolah/Kuliah,Beberapa kali sebulan,,,,,,1
118,f10ecbea-2840-4638-bc72-6d27964fa2b8,0,Rekomendasi,time,57.71,5000.0,0.0,1.52,3.60,3.40,<18,Perempuan,Pelajar/Mahasiswa,<1 juta,Tidak punya,Sekolah/Kuliah,Beberapa kali sebulan,4.0,4.0,4.0,4.0,4.0,1
118,f10ecbea-2840-4638-bc72-6d27964fa2b8,1,Kendaraan Pribadi,private_vehicle,26.20,2185.0,0.0,0.00,4.00,3.00,<18,Perempuan,Pelajar/Mahasiswa,<1 juta,Tidak punya,Sekolah/Kuliah,Beberapa kali sebulan,4.0,4.0,4.0,4.0,4.0,0
118,f10ecbea-2840-4638-bc72-6d27964fa2b8,2,Preferensi Saya,preference,26.20,2185.0,0.0,0.00,4.00,3.00,<18,Perempuan,Pelajar/Mahasiswa,<1 juta,Tidak punya,Sekolah/Kuliah,Beberapa kali sebulan,4.0,4.0,4.0,4.0,4.0,0
119,9f69ac3a-ae35-5167-8539-9e6e7e65d982,0,Rekomendasi,time,154.03,5000.0,3.0,1.28,1.74,2.61,18-25,Laki-laki,Pelajar/Mahasiswa,<1 juta,Motor,Sekolah/Kuliah,Setiap hari,5.0,5.0,5.0,5.0,5.0,1
119,9f69ac3a-ae35-5167-8539-9e6e7e65d982,1,Kendaraan Pribadi,private_vehicle,31.80,2652.0,0.0,0.00,4.00,3.00,18-25,Laki-laki,Pelajar/Mahasiswa,<1 juta,Motor,Sekolah/Kuliah,Setiap hari,5.0,5.0,5.0,5.0,5.0,0
119,9f69ac3a-ae35-5167-8539-9e6e7e65d982,2,Preferensi Saya,preference,31.80,2652.0,0.0,0.00,4.00,3.00,18-25,Laki-laki,Pelajar/Mahasiswa,<1 juta,Motor,Sekolah/Kuliah,Setiap hari,5.0,5.0,5.0,5.0,5.0,0
120,0fa905bd-dba9-4375-a7de-4c32fdc2f5f9,0,Rekomendasi,time,36.93,5000.0,0.0,0.28,3.41,3.59,<18,Perempuan,Pelajar/Mahasiswa,<1 juta,Tidak punya,Sekolah/Kuliah,Jarang/tidak pernah,3.0,3.0,3.0,3.0,3.0,1
120,0fa905bd-dba9-4375-a7de-4c32fdc2f5f9,1,Kendaraan Pribadi,private_vehicle,31.80,2652.0,0.0,0.00,4.00,3.00,<18,Perempuan,Pelajar/Mahasiswa,<1 juta,Tidak punya,Sekolah/Kuliah,Jarang/tidak pernah,3.0,3.0,3.0,3.0,3.0,0
120,0fa905bd-dba9-4375-a7de-4c32fdc2f5f9,2,Preferensi Saya,preference,31.80,2652.0,0.0,0.00,4.00,3.00,<18,Perempuan,Pelajar/Mahasiswa,<1 juta,Tidak punya,Sekolah/Kuliah,Jarang/tidak pernah,3.0,3.0,3.0,3.0,3.0,0
121,a80863c9-3d87-4f59-86c3-75e3f6cea4a8,0,Kendaraan Pribadi,private_vehicle,86.10,7175.0,0.0,0.00,4.00,3.00,,,,,,,,,,,,,1
122,7088d563-fd7e-510f-ab9f-40aab82e38be,0,Kendaraan Pribadi,private_vehicle,86.10,7175.0,0.0,0.00,4.00,3.00,,,,,,,,,,,,,1
123,d6d425e3-de36-5dda-9e25-a14b2d3c02c7,0,Rekomendasi,time,47.63,5000.0,0.0,0.42,3.39,3.61,18-25,Laki-laki,Pelajar/Mahasiswa,5-10 juta,Motor dan mobil,Sekolah/Kuliah,Beberapa kali seminggu,,,,,,1
123,d6d425e3-de36-5dda-9e25-a14b2d3c02c7,1,Kendaraan Pribadi,private_vehicle,38.70,3228.0,0.0,0.00,4.00,3.00,18-25,Laki-laki,Pelajar/Mahasiswa,5-10 juta,Motor dan mobil,Sekolah/Kuliah,Beberapa kali seminggu,,,,,,0
124,5ea8ac7b-d160-49bb-a9ba-15ba3fbc4077,0,Kendaraan Pribadi,private_vehicle,45370.00,3780835.0,0.0,0.00,4.00,3.00,18-25,Perempuan,Pelajar/Mahasiswa,1-3 juta,Motor,Sekolah/Kuliah,Setiap hari,5.0,4.0,5.0,5.0,3.0,1
124,5ea8ac7b-d160-49bb-a9ba-15ba3fbc4077,1,Preferensi Saya,preference,45370.00,3780835.0,0.0,0.00,4.00,3.00,18-25,Perempuan,Pelajar/Mahasiswa,1-3 juta,Motor,Sekolah/Kuliah,Setiap hari,5.0,4.0,5.0,5.0,3.0,0
125,f321a721-7ab8-4e0a-a859-37ed89d813b8,0,Rekomendasi,time,51.69,5000.0,1.0,1.17,2.92,3.10,18-25,Laki-laki,Pelajar/Mahasiswa,<1 juta,Motor,Lainnya,Beberapa kali seminggu,3.0,4.0,4.0,4.0,4.0,1
125,f321a721-7ab8-4e0a-a859-37ed89d813b8,1,Kendaraan Pribadi,private_vehicle,22.30,1860.0,0.0,0.00,4.00,3.00,18-25,Laki-laki,Pelajar/Mahasiswa,<1 juta,Motor,Lainnya,Beberapa kali seminggu,3.0,4.0,4.0,4.0,4.0,0
125,f321a721-7ab8-4e0a-a859-37ed89d813b8,2,Preferensi Saya,preference,22.30,1860.0,0.0,0.00,4.00,3.00,18-25,Laki-laki,Pelajar/Mahasiswa,<1 juta,Motor,Lainnya,Beberapa kali seminggu,3.0,4.0,4.0,4.0,4.0,0
126,4483df30-b23d-58fe-bb44-99fcb4d454b8,0,Kendaraan Pribadi,private_vehicle,45409.70,3784138.0,0.0,0.00,4.00,3.00,18-25,Perempuan,Pelajar/Mahasiswa,1-3 juta,Motor,Sekolah/Kuliah,Setiap hari,5.0,4.0,5.0,5.0,3.0,1
126,4483df30-b23d-58fe-bb44-99fcb4d454b8,1,Preferensi Saya,preference,45409.70,3784138.0,0.0,0.00,4.00,3.00,18-25,Perempuan,Pelajar/Mahasiswa,1-3 juta,Motor,Sekolah/Kuliah,Setiap hari,5.0,4.0,5.0,5.0,3.0,0
127,f88d5387-61ab-58bb-9a09-03cdeac688da,0,Rekomendasi,time,84.64,5000.0,1.0,0.67,2.57,3.06,<18,Laki-laki,Pelajar/Mahasiswa,<1 juta,Motor dan mobil,Sekolah/Kuliah,Beberapa kali seminggu,,,,,,1
127,f88d5387-61ab-58bb-9a09-03cdeac688da,1,Kendaraan Pribadi,private_vehicle,42.00,3500.0,0.0,0.00,4.00,3.00,<18,Laki-laki,Pelajar/Mahasiswa,<1 juta,Motor dan mobil,Sekolah/Kuliah,Beberapa kali seminggu,,,,,,0
128,551107bd-bfcd-4c59-a5a7-1f2696408156,0,Rekomendasi,time,30.71,5000.0,0.0,0.60,3.26,3.74,,,,,,,,,,,,,1
128,551107bd-bfcd-4c59-a5a7-1f2696408156,1,Kendaraan Pribadi,private_vehicle,8.00,670.0,0.0,0.00,4.00,3.00,,,,,,,,,,,,,0
129,41f80d41-0a33-475a-a069-94c4215f60e5,0,Kendaraan Pribadi,private_vehicle,125.00,10415.0,0.0,0.00,4.00,3.00,18-25,Perempuan,Pelajar/Mahasiswa,<1 juta,Motor,Sekolah/Kuliah,Beberapa kali sebulan,3.0,3.0,4.0,3.0,3.0,0
129,41f80d41-0a33-475a-a069-94c4215f60e5,1,Preferensi Saya,preference,125.00,10415.0,0.0,0.00,4.00,3.00,18-25,Perempuan,Pelajar/Mahasiswa,<1 juta,Motor,Sekolah/Kuliah,Beberapa kali sebulan,3.0,3.0,4.0,3.0,3.0,1
130,e0a42a6f-c06f-4665-912b-1261682bdde4,0,Rekomendasi,time,57.07,5000.0,0.0,2.46,3.54,3.27,18-25,Laki-laki,Pelajar/Mahasiswa,1-3 juta,Motor dan mobil,Sekolah/Kuliah,Jarang/tidak pernah,,,,,,0
130,e0a42a6f-c06f-4665-912b-1261682bdde4,1,Kendaraan Pribadi,private_vehicle,19.70,1640.0,0.0,0.00,4.00,3.00,18-25,Laki-laki,Pelajar/Mahasiswa,1-3 juta,Motor dan mobil,Sekolah/Kuliah,Jarang/tidak pernah,,,,,,1
131,4c75bf2f-5fe4-5cdb-aa9a-b252966d08e3,0,Rekomendasi,time,28.07,0.0,0.0,0.00,4.00,3.00,18-25,Perempuan,Pelajar/Mahasiswa,1-3 juta,Tidak punya,Sekolah/Kuliah,Beberapa kali seminggu,4.0,2.0,5.0,4.0,5.0,1
131,4c75bf2f-5fe4-5cdb-aa9a-b252966d08e3,1,Kendaraan Pribadi,private_vehicle,8.90,740.0,0.0,0.00,4.00,3.00,18-25,Perempuan,Pelajar/Mahasiswa,1-3 juta,Tidak punya,Sekolah/Kuliah,Beberapa kali seminggu,4.0,2.0,5.0,4.0,5.0,0
131,4c75bf2f-5fe4-5cdb-aa9a-b252966d08e3,2,Preferensi Saya,preference,8.90,740.0,0.0,0.00,4.00,3.00,18-25,Perempuan,Pelajar/Mahasiswa,1-3 juta,Tidak punya,Sekolah/Kuliah,Beberapa kali seminggu,4.0,2.0,5.0,4.0,5.0,0
132,c9bdf883-fc5c-4008-8bcb-12aeedc66c5a,0,Rekomendasi,time,116.23,5000.0,2.0,0.93,2.11,2.66,18-25,Perempuan,Pelajar/Mahasiswa,<1 juta,Motor dan mobil,Sekolah/Kuliah,Setiap hari,5.0,5.0,5.0,3.0,5.0,1
132,c9bdf883-fc5c-4008-8bcb-12aeedc66c5a,1,Kendaraan Pribadi,private_vehicle,24.60,2052.0,0.0,0.00,4.00,3.00,18-25,Perempuan,Pelajar/Mahasiswa,<1 juta,Motor dan mobil,Sekolah/Kuliah,Setiap hari,5.0,5.0,5.0,3.0,5.0,0
132,c9bdf883-fc5c-4008-8bcb-12aeedc66c5a,2,Preferensi Saya,preference,24.60,2052.0,0.0,0.00,4.00,3.00,18-25,Perempuan,Pelajar/Mahasiswa,<1 juta,Motor dan mobil,Sekolah/Kuliah,Setiap hari,5.0,5.0,5.0,3.0,5.0,0
133,9e9121ef-8963-465a-8c0c-ae1e18166238,0,Kendaraan Pribadi,private_vehicle,45415.80,3784648.0,0.0,0.00,4.00,3.00,,,,,,,,,,,,,1
134,0c9eeadf-1021-4e23-9b06-2c99646c7c51,0,Rekomendasi,time,84.03,5000.0,0.0,3.57,3.64,3.13,18-25,Laki-laki,Pelajar/Mahasiswa,<1 juta,Motor dan mobil,Sekolah/Kuliah,Setiap hari,5.0,5.0,4.0,3.0,4.0,1
134,0c9eeadf-1021-4e23-9b06-2c99646c7c51,1,Kendaraan Pribadi,private_vehicle,39.00,3248.0,0.0,0.00,4.00,3.00,18-25,Laki-laki,Pelajar/Mahasiswa,<1 juta,Motor dan mobil,Sekolah/Kuliah,Setiap hari,5.0,5.0,4.0,3.0,4.0,0
134,0c9eeadf-1021-4e23-9b06-2c99646c7c51,2,Preferensi Saya,preference,39.00,3248.0,0.0,0.00,4.00,3.00,18-25,Laki-laki,Pelajar/Mahasiswa,<1 juta,Motor dan mobil,Sekolah/Kuliah,Setiap hari,5.0,5.0,4.0,3.0,4.0,0
135,531e6bc1-bb5e-5dc8-9381-3ecd56f03f79,0,Rekomendasi,time,84.03,5000.0,0.0,3.57,3.64,3.13,18-25,Laki-laki,Pelajar/Mahasiswa,<1 juta,Motor dan mobil,Sekolah/Kuliah,Setiap hari,5.0,5.0,4.0,3.0,4.0,1
135,531e6bc1-bb5e-5dc8-9381-3ecd56f03f79,1,Kendaraan Pribadi,private_vehicle,39.00,3248.0,0.0,0.00,4.00,3.00,18-25,Laki-laki,Pelajar/Mahasiswa,<1 juta,Motor dan mobil,Sekolah/Kuliah,Setiap hari,5.0,5.0,4.0,3.0,4.0,0
135,531e6bc1-bb5e-5dc8-9381-3ecd56f03f79,2,Preferensi Saya,preference,39.00,3248.0,0.0,0.00,4.00,3.00,18-25,Laki-laki,Pelajar/Mahasiswa,<1 juta,Motor dan mobil,Sekolah/Kuliah,Setiap hari,5.0,5.0,4.0,3.0,4.0,0
136,6275cdbe-8ee5-4764-bfb3-fa7d1904ce35,0,Kendaraan Pribadi,private_vehicle,0.00,0.0,0.0,0.00,0.00,0.00,,,,,,,,,,,,,1
137,52c0221f-266f-4100-8ec5-78a34d8e66c6,0,Kendaraan Pribadi,private_vehicle,338.50,28210.0,0.0,0.00,4.00,3.00,18-25,Perempuan,Pelajar/Mahasiswa,<1 juta,Tidak punya,Sekolah/Kuliah,Beberapa kali sebulan,3.0,4.0,5.0,4.0,5.0,1
137,52c0221f-266f-4100-8ec5-78a34d8e66c6,1,Preferensi Saya,preference,338.50,28210.0,0.0,0.00,4.00,3.00,18-25,Perempuan,Pelajar/Mahasiswa,<1 juta,Tidak punya,Sekolah/Kuliah,Beberapa kali sebulan,3.0,4.0,5.0,4.0,5.0,0
138,55a70c30-2a28-516e-aac6-1d6e933df204,0,Kendaraan Pribadi,private_vehicle,241.80,28210.0,0.0,0.00,4.00,3.00,18-25,Perempuan,Pelajar/Mahasiswa,<1 juta,Tidak punya,Sekolah/Kuliah,Beberapa kali sebulan,3.0,4.0,5.0,4.0,5.0,0
138,55a70c30-2a28-516e-aac6-1d6e933df204,1,Preferensi Saya,preference,241.80,28210.0,0.0,0.00,4.00,3.00,18-25,Perempuan,Pelajar/Mahasiswa,<1 juta,Tidak punya,Sekolah/Kuliah,Beberapa kali sebulan,3.0,4.0,5.0,4.0,5.0,1
139,f2241d11-0dff-4dd7-b3e3-625dec18aea7,0,Rekomendasi,time,64.13,0.0,0.0,0.00,3.70,2.96,<18,Perempuan,Pelajar/Mahasiswa,<1 juta,Motor,Sekolah/Kuliah,Beberapa kali seminggu,4.0,5.0,5.0,5.0,5.0,1
139,f2241d11-0dff-4dd7-b3e3-625dec18aea7,1,Kendaraan Pribadi,private_vehicle,36.10,3005.0,0.0,0.00,4.00,3.00,<18,Perempuan,Pelajar/Mahasiswa,<1 juta,Motor,Sekolah/Kuliah,Beberapa kali seminggu,4.0,5.0,5.0,5.0,5.0,0
139,f2241d11-0dff-4dd7-b3e3-625dec18aea7,2,Preferensi Saya,preference,36.10,3005.0,0.0,0.00,4.00,3.00,<18,Perempuan,Pelajar/Mahasiswa,<1 juta,Motor,Sekolah/Kuliah,Beberapa kali seminggu,4.0,5.0,5.0,5.0,5.0,0
140,3b2c2c1f-7029-42a9-9a3d-eb0c615cc72f,0,Rekomendasi,time,27.56,0.0,0.0,1.05,2.92,2.46,18-25,Perempuan,Pelajar/Mahasiswa,3-5 juta,Tidak punya,Sekolah/Kuliah,Jarang/tidak pernah,3.0,3.0,3.0,5.0,4.0,1
140,3b2c2c1f-7029-42a9-9a3d-eb0c615cc72f,1,Tercepat,alternative,28.81,5000.0,0.0,0.98,3.60,3.40,18-25,Perempuan,Pelajar/Mahasiswa,3-5 juta,Tidak punya,Sekolah/Kuliah,Jarang/tidak pernah,3.0,3.0,3.0,5.0,4.0,0
140,3b2c2c1f-7029-42a9-9a3d-eb0c615cc72f,2,Kendaraan Pribadi,private_vehicle,7.90,655.0,0.0,0.00,4.00,3.00,18-25,Perempuan,Pelajar/Mahasiswa,3-5 juta,Tidak punya,Sekolah/Kuliah,Jarang/tidak pernah,3.0,3.0,3.0,5.0,4.0,0
140,3b2c2c1f-7029-42a9-9a3d-eb0c615cc72f,3,Preferensi Saya,preference,7.90,655.0,0.0,0.00,4.00,3.00,18-25,Perempuan,Pelajar/Mahasiswa,3-5 juta,Tidak punya,Sekolah/Kuliah,Jarang/tidak pernah,3.0,3.0,3.0,5.0,4.0,0
141,d3da9aba-6bd5-4875-a45d-0efc29c4da6d,0,Kendaraan Pribadi,private_vehicle,22.10,1838.0,0.0,0.00,4.00,3.00,18-25,Perempuan,Pelajar/Mahasiswa,1-3 juta,Mobil,Belanja/Rekreasi,Beberapa kali sebulan,3.0,3.0,3.0,3.0,3.0,1
141,d3da9aba-6bd5-4875-a45d-0efc29c4da6d,1,Preferensi Saya,preference,22.10,1838.0,0.0,0.00,4.00,3.00,18-25,Perempuan,Pelajar/Mahasiswa,1-3 juta,Mobil,Belanja/Rekreasi,Beberapa kali sebulan,3.0,3.0,3.0,3.0,3.0,0
142,5dd97b80-fdfc-4383-a258-5c7a56c9f05e,0,Rekomendasi,time,102.04,0.0,0.0,7.03,3.65,2.83,,,,,,,,,,,,,1
142,5dd97b80-fdfc-4383-a258-5c7a56c9f05e,1,Kendaraan Pribadi,private_vehicle,42.50,3542.0,0.0,0.00,4.00,3.00,,,,,,,,,,,,,0
143,b7c45c88-2292-4533-a5e6-09fde3af87a1,0,Kendaraan Pribadi,private_vehicle,125.00,10415.0,0.0,0.00,4.00,3.00,18-25,Perempuan,Pelajar/Mahasiswa,1-3 juta,Motor,Sekolah/Kuliah,Beberapa kali sebulan,4.0,4.0,4.0,4.0,4.0,1
143,b7c45c88-2292-4533-a5e6-09fde3af87a1,1,Preferensi Saya,preference,125.00,10415.0,0.0,0.00,4.00,3.00,18-25,Perempuan,Pelajar/Mahasiswa,1-3 juta,Motor,Sekolah/Kuliah,Beberapa kali sebulan,4.0,4.0,4.0,4.0,4.0,0
144,207a04bf-0910-4c4d-ad07-744dc4b3cde0,0,Kendaraan Pribadi,private_vehicle,150.40,12538.0,0.0,0.00,4.00,3.00,18-25,Perempuan,Pelajar/Mahasiswa,1-3 juta,Tidak punya,Sekolah/Kuliah,Beberapa kali seminggu,,,,,,1
145,75a5273c-9b86-4890-8ed1-1d4247f39cc6,0,Rekomendasi,time,75.27,5000.0,1.0,1.28,2.86,3.04,26-35,Laki-laki,PNS/TNI/Polri,5-10 juta,Mobil,Kerja,Jarang/tidak pernah,5.0,3.0,5.0,5.0,5.0,0
145,75a5273c-9b86-4890-8ed1-1d4247f39cc6,1,Kendaraan Pribadi,private_vehicle,33.50,2788.0,0.0,0.00,4.00,3.00,26-35,Laki-laki,PNS/TNI/Polri,5-10 juta,Mobil,Kerja,Jarang/tidak pernah,5.0,3.0,5.0,5.0,5.0,0
145,75a5273c-9b86-4890-8ed1-1d4247f39cc6,2,Preferensi Saya,preference,33.50,2788.0,0.0,0.00,4.00,3.00,26-35,Laki-laki,PNS/TNI/Polri,5-10 juta,Mobil,Kerja,Jarang/tidak pernah,5.0,3.0,5.0,5.0,5.0,1
146,e74bb6ef-f93e-4c16-83a8-0189a8bb9801,0,Kendaraan Pribadi,private_vehicle,40.70,4745.0,0.0,0.00,4.00,3.00,<18,Perempuan,Pelajar/Mahasiswa,<1 juta,Tidak punya,Sekolah/Kuliah,Setiap hari,5.0,5.0,5.0,5.0,5.0,1
146,e74bb6ef-f93e-4c16-83a8-0189a8bb9801,1,Preferensi Saya,preference,40.70,4745.0,0.0,0.00,4.00,3.00,<18,Perempuan,Pelajar/Mahasiswa,<1 juta,Tidak punya,Sekolah/Kuliah,Setiap hari,5.0,5.0,5.0,5.0,5.0,0
147,3538d8e5-79d3-454e-876b-2203c8e35aca,0,Kendaraan Pribadi,private_vehicle,32.80,2730.0,0.0,0.00,4.00,3.00,18-25,Laki-laki,Pelajar/Mahasiswa,<1 juta,Tidak punya,Sekolah/Kuliah,Beberapa kali sebulan,5.0,5.0,5.0,5.0,5.0,1
147,3538d8e5-79d3-454e-876b-2203c8e35aca,1,Preferensi Saya,preference,32.80,2730.0,0.0,0.00,4.00,3.00,18-25,Laki-laki,Pelajar/Mahasiswa,<1 juta,Tidak punya,Sekolah/Kuliah,Beberapa kali sebulan,5.0,5.0,5.0,5.0,5.0,0
148,33a4de08-2315-5b1c-9a8d-4236ad592a9b,0,Kendaraan Pribadi,private_vehicle,36.30,3028.0,0.0,0.00,4.00,3.00,18-25,Laki-laki,Pelajar/Mahasiswa,<1 juta,Tidak punya,Sekolah/Kuliah,Beberapa kali sebulan,5.0,5.0,5.0,5.0,5.0,1
148,33a4de08-2315-5b1c-9a8d-4236ad592a9b,1,Preferensi Saya,preference,36.30,3028.0,0.0,0.00,4.00,3.00,18-25,Laki-laki,Pelajar/Mahasiswa,<1 juta,Tidak punya,Sekolah/Kuliah,Beberapa kali sebulan,5.0,5.0,5.0,5.0,5.0,0
149,facc03b9-77b8-502e-a429-932a8de314a5,0,Kendaraan Pribadi,private_vehicle,92.00,10730.0,0.0,0.00,4.00,3.00,18-25,Laki-laki,Pelajar/Mahasiswa,<1 juta,Motor,Sekolah/Kuliah,Jarang/tidak pernah,5.0,5.0,4.0,3.0,5.0,1
149,facc03b9-77b8-502e-a429-932a8de314a5,1,Preferensi Saya,preference,92.00,10730.0,0.0,0.00,4.00,3.00,18-25,Laki-laki,Pelajar/Mahasiswa,<1 juta,Motor,Sekolah/Kuliah,Jarang/tidak pernah,5.0,5.0,4.0,3.0,5.0,0
150,9ecebdf2-ff07-4f9e-bcd3-086d9ed3be56,0,Rekomendasi,time,68.12,5000.0,0.0,0.89,3.34,3.26,18-25,Laki-laki,Pelajar/Mahasiswa,<1 juta,Motor,Sekolah/Kuliah,Jarang/tidak pernah,5.0,4.0,3.0,5.0,5.0,1
150,9ecebdf2-ff07-4f9e-bcd3-086d9ed3be56,1,Kendaraan Pribadi,private_vehicle,24.50,2852.0,0.0,0.00,4.00,3.00,18-25,Laki-laki,Pelajar/Mahasiswa,<1 juta,Motor,Sekolah/Kuliah,Jarang/tidak pernah,5.0,4.0,3.0,5.0,5.0,0
150,9ecebdf2-ff07-4f9e-bcd3-086d9ed3be56,2,Preferensi Saya,preference,24.50,2852.0,0.0,0.00,4.00,3.00,18-25,Laki-laki,Pelajar/Mahasiswa,<1 juta,Motor,Sekolah/Kuliah,Jarang/tidak pernah,5.0,4.0,3.0,5.0,5.0,0
151,fab3322c-c94f-49bd-86d8-52ac97bcedf5,0,Rekomendasi,time,89.75,5000.0,1.0,1.08,2.70,2.99,36-50,Perempuan,PNS/TNI/Polri,>10 juta,Motor dan mobil,Kerja,Beberapa kali sebulan,5.0,5.0,5.0,5.0,5.0,1
151,fab3322c-c94f-49bd-86d8-52ac97bcedf5,1,Kendaraan Pribadi,private_vehicle,45.50,3792.0,0.0,0.00,4.00,3.00,36-50,Perempuan,PNS/TNI/Polri,>10 juta,Motor dan mobil,Kerja,Beberapa kali sebulan,5.0,5.0,5.0,5.0,5.0,0
151,fab3322c-c94f-49bd-86d8-52ac97bcedf5,2,Preferensi Saya,preference,45.50,3792.0,0.0,0.00,4.00,3.00,36-50,Perempuan,PNS/TNI/Polri,>10 juta,Motor dan mobil,Kerja,Beberapa kali sebulan,5.0,5.0,5.0,5.0,5.0,0
152,460563d9-f028-5100-ba5a-32726615cb36,0,Rekomendasi,time,25.99,0.0,0.0,0.83,2.55,2.61,36-50,Perempuan,PNS/TNI/Polri,>10 juta,Motor dan mobil,Kerja,Beberapa kali sebulan,5.0,4.0,4.0,5.0,5.0,1
152,460563d9-f028-5100-ba5a-32726615cb36,1,Kendaraan Pribadi,private_vehicle,6.20,520.0,0.0,0.00,4.00,3.00,36-50,Perempuan,PNS/TNI/Polri,>10 juta,Motor dan mobil,Kerja,Beberapa kali sebulan,5.0,4.0,4.0,5.0,5.0,0
152,460563d9-f028-5100-ba5a-32726615cb36,2,Preferensi Saya,preference,6.20,520.0,0.0,0.00,4.00,3.00,36-50,Perempuan,PNS/TNI/Polri,>10 juta,Motor dan mobil,Kerja,Beberapa kali sebulan,5.0,4.0,4.0,5.0,5.0,0
153,d0776227-409c-48b3-b73b-1cb7dddbd8a5,0,Rekomendasi,time,38.75,5000.0,0.0,1.75,3.62,3.38,<18,Laki-laki,Pelajar/Mahasiswa,<1 juta,Motor dan mobil,Sekolah/Kuliah,Beberapa kali seminggu,5.0,5.0,3.0,5.0,5.0,1
153,d0776227-409c-48b3-b73b-1cb7dddbd8a5,1,Termurah,cost,48.56,0.0,0.0,1.92,2.89,2.75,<18,Laki-laki,Pelajar/Mahasiswa,<1 juta,Motor dan mobil,Sekolah/Kuliah,Beberapa kali seminggu,5.0,5.0,3.0,5.0,5.0,0
153,d0776227-409c-48b3-b73b-1cb7dddbd8a5,2,Kendaraan Pribadi,private_vehicle,11.00,1278.0,0.0,0.00,4.00,3.00,<18,Laki-laki,Pelajar/Mahasiswa,<1 juta,Motor dan mobil,Sekolah/Kuliah,Beberapa kali seminggu,5.0,5.0,3.0,5.0,5.0,0
153,d0776227-409c-48b3-b73b-1cb7dddbd8a5,3,Preferensi Saya,preference,11.00,1278.0,0.0,0.00,4.00,3.00,<18,Laki-laki,Pelajar/Mahasiswa,<1 juta,Motor dan mobil,Sekolah/Kuliah,Beberapa kali seminggu,5.0,5.0,3.0,5.0,5.0,0
154,c41cc81f-f450-4178-9e03-57623cebd927,0,Kendaraan Pribadi,private_vehicle,19.60,2288.0,0.0,0.00,4.00,3.00,18-25,Laki-laki,Pelajar/Mahasiswa,<1 juta,Motor dan mobil,Sekolah/Kuliah,Beberapa kali seminggu,5.0,5.0,4.0,4.0,5.0,1
154,c41cc81f-f450-4178-9e03-57623cebd927,1,Preferensi Saya,preference,19.60,2288.0,0.0,0.00,4.00,3.00,18-25,Laki-laki,Pelajar/Mahasiswa,<1 juta,Motor dan mobil,Sekolah/Kuliah,Beberapa kali seminggu,5.0,5.0,4.0,4.0,5.0,0
155,911614f3-c7a3-5ff0-9c32-6cde8e2702b7,0,Kendaraan Pribadi,private_vehicle,23.20,2710.0,0.0,0.00,4.00,3.00,18-25,Laki-laki,Pelajar/Mahasiswa,<1 juta,Motor dan mobil,Sekolah/Kuliah,Beberapa kali seminggu,5.0,5.0,4.0,4.0,5.0,1
155,911614f3-c7a3-5ff0-9c32-6cde8e2702b7,1,Preferensi Saya,preference,23.20,2710.0,0.0,0.00,4.00,3.00,18-25,Laki-laki,Pelajar/Mahasiswa,<1 juta,Motor dan mobil,Sekolah/Kuliah,Beberapa kali seminggu,5.0,5.0,4.0,4.0,5.0,0
156,8cf497b2-87bb-477f-ba1a-25d564d088bb,0,Rekomendasi,time,29.62,0.0,0.0,1.22,2.84,2.64,18-25,Laki-laki,Pelajar/Mahasiswa,<1 juta,Motor dan mobil,Sekolah/Kuliah,Jarang/tidak pernah,4.0,4.0,3.0,5.0,4.0,1
156,8cf497b2-87bb-477f-ba1a-25d564d088bb,1,Tercepat,alternative,33.96,5000.0,0.0,1.35,3.69,3.31,18-25,Laki-laki,Pelajar/Mahasiswa,<1 juta,Motor dan mobil,Sekolah/Kuliah,Jarang/tidak pernah,4.0,4.0,3.0,5.0,4.0,0
156,8cf497b2-87bb-477f-ba1a-25d564d088bb,2,Kendaraan Pribadi,private_vehicle,8.30,692.0,0.0,0.00,4.00,3.00,18-25,Laki-laki,Pelajar/Mahasiswa,<1 juta,Motor dan mobil,Sekolah/Kuliah,Jarang/tidak pernah,4.0,4.0,3.0,5.0,4.0,0
156,8cf497b2-87bb-477f-ba1a-25d564d088bb,3,Preferensi Saya,preference,8.30,692.0,0.0,0.00,4.00,3.00,18-25,Laki-laki,Pelajar/Mahasiswa,<1 juta,Motor dan mobil,Sekolah/Kuliah,Jarang/tidak pernah,4.0,4.0,3.0,5.0,4.0,0
157,20aefdc3-7136-5c93-b663-97180bf695e8,0,Rekomendasi,time,29.62,0.0,0.0,1.22,2.84,2.64,18-25,Laki-laki,Pelajar/Mahasiswa,<1 juta,Motor dan mobil,Sekolah/Kuliah,Jarang/tidak pernah,4.0,4.0,3.0,5.0,4.0,1
157,20aefdc3-7136-5c93-b663-97180bf695e8,1,Tercepat,alternative,33.96,5000.0,0.0,1.35,3.69,3.31,18-25,Laki-laki,Pelajar/Mahasiswa,<1 juta,Motor dan mobil,Sekolah/Kuliah,Jarang/tidak pernah,4.0,4.0,3.0,5.0,4.0,0
157,20aefdc3-7136-5c93-b663-97180bf695e8,2,Kendaraan Pribadi,private_vehicle,8.30,692.0,0.0,0.00,4.00,3.00,18-25,Laki-laki,Pelajar/Mahasiswa,<1 juta,Motor dan mobil,Sekolah/Kuliah,Jarang/tidak pernah,4.0,4.0,3.0,5.0,4.0,0
157,20aefdc3-7136-5c93-b663-97180bf695e8,3,Preferensi Saya,preference,8.30,692.0,0.0,0.00,4.00,3.00,18-25,Laki-laki,Pelajar/Mahasiswa,<1 juta,Motor dan mobil,Sekolah/Kuliah,Jarang/tidak pernah,4.0,4.0,3.0,5.0,4.0,0
158,75fb50c3-9943-594d-a4ff-0fa7e5764c26,0,Rekomendasi,time,108.89,5000.0,2.0,1.04,2.44,3.04,36-50,Perempuan,PNS/TNI/Polri,>10 juta,Motor dan mobil,Kerja,Beberapa kali sebulan,5.0,3.0,2.0,5.0,5.0,1
158,75fb50c3-9943-594d-a4ff-0fa7e5764c26,1,Kendaraan Pribadi,private_vehicle,52.20,4350.0,0.0,0.00,4.00,3.00,36-50,Perempuan,PNS/TNI/Polri,>10 juta,Motor dan mobil,Kerja,Beberapa kali sebulan,5.0,3.0,2.0,5.0,5.0,0
158,75fb50c3-9943-594d-a4ff-0fa7e5764c26,2,Preferensi Saya,preference,52.20,4350.0,0.0,0.00,4.00,3.00,36-50,Perempuan,PNS/TNI/Polri,>10 juta,Motor dan mobil,Kerja,Beberapa kali sebulan,5.0,3.0,2.0,5.0,5.0,0
159,1599f268-d201-43c7-b81e-1bbf1356cbb7,0,Rekomendasi,time,77.61,5000.0,1.0,2.68,3.34,3.22,18-25,Perempuan,Pelajar/Mahasiswa,<1 juta,Motor,Sekolah/Kuliah,Beberapa kali seminggu,,,,,,1
159,1599f268-d201-43c7-b81e-1bbf1356cbb7,1,Kendaraan Pribadi,private_vehicle,30.20,2515.0,0.0,0.00,4.00,3.00,18-25,Perempuan,Pelajar/Mahasiswa,<1 juta,Motor,Sekolah/Kuliah,Beberapa kali seminggu,,,,,,0
160,12fe1528-6c21-5439-9b48-dce18898042c,0,Rekomendasi,time,77.61,5000.0,1.0,2.68,3.34,3.22,18-25,Perempuan,Pelajar/Mahasiswa,<1 juta,Motor,Sekolah/Kuliah,Beberapa kali seminggu,,,,,,0
160,12fe1528-6c21-5439-9b48-dce18898042c,1,Kendaraan Pribadi,private_vehicle,30.20,2515.0,0.0,0.00,4.00,3.00,18-25,Perempuan,Pelajar/Mahasiswa,<1 juta,Motor,Sekolah/Kuliah,Beberapa kali seminggu,,,,,,1
161,703565c0-d60d-5bb7-aea0-8fe057dddff3,0,Rekomendasi,time,131.22,5000.0,2.0,0.58,2.08,2.79,18-25,Perempuan,Pelajar/Mahasiswa,<1 juta,Motor,Sekolah/Kuliah,Beberapa kali seminggu,5.0,5.0,2.0,3.0,2.0,0
161,703565c0-d60d-5bb7-aea0-8fe057dddff3,1,Kendaraan Pribadi,private_vehicle,22.60,1882.0,0.0,0.00,4.00,3.00,18-25,Perempuan,Pelajar/Mahasiswa,<1 juta,Motor,Sekolah/Kuliah,Beberapa kali seminggu,5.0,5.0,2.0,3.0,2.0,1
161,703565c0-d60d-5bb7-aea0-8fe057dddff3,2,Preferensi Saya,preference,22.60,1882.0,0.0,0.00,4.00,3.00,18-25,Perempuan,Pelajar/Mahasiswa,<1 juta,Motor,Sekolah/Kuliah,Beberapa kali seminggu,5.0,5.0,2.0,3.0,2.0,0
162,9dbc466e-ff35-4e24-93bf-93abf542de29,0,Rekomendasi,time,35.09,5000.0,0.0,0.49,3.33,3.67,18-25,Perempuan,Pelajar/Mahasiswa,<1 juta,Motor,Sekolah/Kuliah,Setiap hari,3.0,5.0,3.0,5.0,1.0,1
162,9dbc466e-ff35-4e24-93bf-93abf542de29,1,Kendaraan Pribadi,private_vehicle,20.00,1662.0,0.0,0.00,4.00,3.00,18-25,Perempuan,Pelajar/Mahasiswa,<1 juta,Motor,Sekolah/Kuliah,Setiap hari,3.0,5.0,3.0,5.0,1.0,0
162,9dbc466e-ff35-4e24-93bf-93abf542de29,2,Preferensi Saya,preference,20.00,1662.0,0.0,0.00,4.00,3.00,18-25,Perempuan,Pelajar/Mahasiswa,<1 juta,Motor,Sekolah/Kuliah,Setiap hari,3.0,5.0,3.0,5.0,1.0,0
163,ce18df16-0556-589e-8c9e-ed8735e2b21b,0,Kendaraan Pribadi,private_vehicle,28.50,2378.0,0.0,0.00,4.00,3.00,18-25,Perempuan,Pelajar/Mahasiswa,<1 juta,Motor,Sekolah/Kuliah,Setiap hari,3.0,4.0,4.0,3.0,1.0,0
163,ce18df16-0556-589e-8c9e-ed8735e2b21b,1,Preferensi Saya,preference,28.50,2378.0,0.0,0.00,4.00,3.00,18-25,Perempuan,Pelajar/Mahasiswa,<1 juta,Motor,Sekolah/Kuliah,Setiap hari,3.0,4.0,4.0,3.0,1.0,1
164,bf587975-3449-4d58-9f0a-b2d2d99f8580,0,Rekomendasi,time,35.83,0.0,0.0,1.19,2.58,2.62,18-25,Laki-laki,Pelajar/Mahasiswa,<1 juta,Motor,Belanja/Rekreasi,Beberapa kali seminggu,1.0,3.0,5.0,4.0,2.0,0
164,bf587975-3449-4d58-9f0a-b2d2d99f8580,1,Kendaraan Pribadi,private_vehicle,17.00,1415.0,0.0,0.00,4.00,3.00,18-25,Laki-laki,Pelajar/Mahasiswa,<1 juta,Motor,Belanja/Rekreasi,Beberapa kali seminggu,1.0,3.0,5.0,4.0,2.0,0
164,bf587975-3449-4d58-9f0a-b2d2d99f8580,2,Preferensi Saya,preference,17.00,1415.0,0.0,0.00,4.00,3.00,18-25,Laki-laki,Pelajar/Mahasiswa,<1 juta,Motor,Belanja/Rekreasi,Beberapa kali seminggu,1.0,3.0,5.0,4.0,2.0,1
165,970e7c4c-627d-58df-a023-2576440f4df7,0,Rekomendasi,time,31.69,5000.0,0.0,0.35,3.37,3.63,18-25,Perempuan,Pelajar/Mahasiswa,<1 juta,Motor,Sekolah/Kuliah,Setiap hari,5.0,3.0,2.0,2.0,2.0,0
165,970e7c4c-627d-58df-a023-2576440f4df7,1,Kendaraan Pribadi,private_vehicle,23.50,1958.0,0.0,0.00,4.00,3.00,18-25,Perempuan,Pelajar/Mahasiswa,<1 juta,Motor,Sekolah/Kuliah,Setiap hari,5.0,3.0,2.0,2.0,2.0,1
165,970e7c4c-627d-58df-a023-2576440f4df7,2,Preferensi Saya,preference,23.50,1958.0,0.0,0.00,4.00,3.00,18-25,Perempuan,Pelajar/Mahasiswa,<1 juta,Motor,Sekolah/Kuliah,Setiap hari,5.0,3.0,2.0,2.0,2.0,0
166,688456e4-9d1a-5769-9dc2-0a766ce872a0,0,Rekomendasi,time,71.62,5000.0,1.0,0.84,2.50,2.71,18-25,Laki-laki,Pelajar/Mahasiswa,<1 juta,Motor,Belanja/Rekreasi,Beberapa kali seminggu,5.0,4.0,3.0,1.0,1.0,0
166,688456e4-9d1a-5769-9dc2-0a766ce872a0,1,Kendaraan Pribadi,private_vehicle,42.90,3575.0,0.0,0.00,4.00,3.00,18-25,Laki-laki,Pelajar/Mahasiswa,<1 juta,Motor,Belanja/Rekreasi,Beberapa kali seminggu,5.0,4.0,3.0,1.0,1.0,0
166,688456e4-9d1a-5769-9dc2-0a766ce872a0,2,Preferensi Saya,preference,42.90,3575.0,0.0,0.00,4.00,3.00,18-25,Laki-laki,Pelajar/Mahasiswa,<1 juta,Motor,Belanja/Rekreasi,Beberapa kali seminggu,5.0,4.0,3.0,1.0,1.0,1
167,71460c45-9b9c-595d-aa25-e81c2d31d126,0,Rekomendasi,time,88.81,5000.0,2.0,0.55,1.90,2.65,18-25,Laki-laki,Pelajar/Mahasiswa,<1 juta,Motor,Belanja/Rekreasi,Beberapa kali seminggu,3.0,2.0,5.0,4.0,2.0,0
167,71460c45-9b9c-595d-aa25-e81c2d31d126,1,Kendaraan Pribadi,private_vehicle,17.60,2058.0,0.0,0.00,4.00,3.00,18-25,Laki-laki,Pelajar/Mahasiswa,<1 juta,Motor,Belanja/Rekreasi,Beberapa kali seminggu,3.0,2.0,5.0,4.0,2.0,1
167,71460c45-9b9c-595d-aa25-e81c2d31d126,2,Preferensi Saya,preference,17.60,2058.0,0.0,0.00,4.00,3.00,18-25,Laki-laki,Pelajar/Mahasiswa,<1 juta,Motor,Belanja/Rekreasi,Beberapa kali seminggu,3.0,2.0,5.0,4.0,2.0,0
168,a13bb81b-7bb9-5848-834c-b4234e6410eb,0,Rekomendasi,time,50.20,5000.0,0.0,1.22,3.61,3.39,18-25,Perempuan,Pelajar/Mahasiswa,<1 juta,Motor,Sekolah/Kuliah,Setiap hari,5.0,4.0,4.0,5.0,5.0,1
168,a13bb81b-7bb9-5848-834c-b4234e6410eb,1,Kendaraan Pribadi,private_vehicle,32.90,3840.0,0.0,0.00,4.00,3.00,18-25,Perempuan,Pelajar/Mahasiswa,<1 juta,Motor,Sekolah/Kuliah,Setiap hari,5.0,4.0,4.0,5.0,5.0,0
168,a13bb81b-7bb9-5848-834c-b4234e6410eb,2,Preferensi Saya,preference,32.90,3840.0,0.0,0.00,4.00,3.00,18-25,Perempuan,Pelajar/Mahasiswa,<1 juta,Motor,Sekolah/Kuliah,Setiap hari,5.0,4.0,4.0,5.0,5.0,0
169,bf7b6b1f-dffb-5c55-824f-2bb3e3146813,0,Rekomendasi,time,12.37,0.0,0.0,0.00,3.88,3.12,18-25,Perempuan,Pelajar/Mahasiswa,<1 juta,Motor,Sekolah/Kuliah,Setiap hari,5.0,4.0,5.0,1.0,2.0,0
169,bf7b6b1f-dffb-5c55-824f-2bb3e3146813,1,Kendaraan Pribadi,private_vehicle,3.60,418.0,0.0,0.00,4.00,3.00,18-25,Perempuan,Pelajar/Mahasiswa,<1 juta,Motor,Sekolah/Kuliah,Setiap hari,5.0,4.0,5.0,1.0,2.0,1
169,bf7b6b1f-dffb-5c55-824f-2bb3e3146813,2,Preferensi Saya,preference,3.60,418.0,0.0,0.00,4.00,3.00,18-25,Perempuan,Pelajar/Mahasiswa,<1 juta,Motor,Sekolah/Kuliah,Setiap hari,5.0,4.0,5.0,1.0,2.0,0
170,62e6c6b0-b3e8-5282-8576-76db9bb534ca,0,Rekomendasi,time,158.10,5000.0,3.0,1.14,1.82,2.67,18-25,Laki-laki,Pelajar/Mahasiswa,<1 juta,Motor,Belanja/Rekreasi,Beberapa kali seminggu,3.0,5.0,5.0,3.0,1.0,0
170,62e6c6b0-b3e8-5282-8576-76db9bb534ca,1,Kendaraan Pribadi,private_vehicle,16.30,1898.0,0.0,0.00,4.00,3.00,18-25,Laki-laki,Pelajar/Mahasiswa,<1 juta,Motor,Belanja/Rekreasi,Beberapa kali seminggu,3.0,5.0,5.0,3.0,1.0,1
170,62e6c6b0-b3e8-5282-8576-76db9bb534ca,2,Preferensi Saya,preference,16.30,1898.0,0.0,0.00,4.00,3.00,18-25,Laki-laki,Pelajar/Mahasiswa,<1 juta,Motor,Belanja/Rekreasi,Beberapa kali seminggu,3.0,5.0,5.0,3.0,1.0,0
171,c89d092c-3bf1-5124-bb88-11263180618e,0,Rekomendasi,time,35.84,0.0,0.0,1.01,2.70,2.55,18-25,Laki-laki,Pelajar/Mahasiswa,<1 juta,Motor,Belanja/Rekreasi,Beberapa kali seminggu,3.0,4.0,4.0,4.0,2.0,0
171,c89d092c-3bf1-5124-bb88-11263180618e,1,Kendaraan Pribadi,private_vehicle,11.90,1392.0,0.0,0.00,4.00,3.00,18-25,Laki-laki,Pelajar/Mahasiswa,<1 juta,Motor,Belanja/Rekreasi,Beberapa kali seminggu,3.0,4.0,4.0,4.0,2.0,1
171,c89d092c-3bf1-5124-bb88-11263180618e,2,Preferensi Saya,preference,11.90,1392.0,0.0,0.00,4.00,3.00,18-25,Laki-laki,Pelajar/Mahasiswa,<1 juta,Motor,Belanja/Rekreasi,Beberapa kali seminggu,3.0,4.0,4.0,4.0,2.0,0
172,7f9ea97c-518e-5e39-9c06-325aa21769ac,0,Rekomendasi,time,49.98,5000.0,0.0,1.21,3.57,3.43,18-25,Laki-laki,Pelajar/Mahasiswa,<1 juta,Motor,Belanja/Rekreasi,Beberapa kali seminggu,5.0,1.0,3.0,5.0,3.0,0
172,7f9ea97c-518e-5e39-9c06-325aa21769ac,1,Kendaraan Pribadi,private_vehicle,20.90,2432.0,0.0,0.00,4.00,3.00,18-25,Laki-laki,Pelajar/Mahasiswa,<1 juta,Motor,Belanja/Rekreasi,Beberapa kali seminggu,5.0,1.0,3.0,5.0,3.0,1
172,7f9ea97c-518e-5e39-9c06-325aa21769ac,2,Preferensi Saya,preference,20.90,2432.0,0.0,0.00,4.00,3.00,18-25,Laki-laki,Pelajar/Mahasiswa,<1 juta,Motor,Belanja/Rekreasi,Beberapa kali seminggu,5.0,1.0,3.0,5.0,3.0,0
173,27477762-4a59-5640-bd13-9dde54eb8509,0,Rekomendasi,time,16.62,0.0,0.0,0.00,3.69,3.31,18-25,Perempuan,Pelajar/Mahasiswa,<1 juta,Motor,Sekolah/Kuliah,Setiap hari,5.0,2.0,4.0,3.0,4.0,0
173,27477762-4a59-5640-bd13-9dde54eb8509,1,Kendaraan Pribadi,private_vehicle,3.90,452.0,0.0,0.00,4.00,3.00,18-25,Perempuan,Pelajar/Mahasiswa,<1 juta,Motor,Sekolah/Kuliah,Setiap hari,5.0,2.0,4.0,3.0,4.0,1
173,27477762-4a59-5640-bd13-9dde54eb8509,2,Preferensi Saya,preference,3.90,452.0,0.0,0.00,4.00,3.00,18-25,Perempuan,Pelajar/Mahasiswa,<1 juta,Motor,Sekolah/Kuliah,Setiap hari,5.0,2.0,4.0,3.0,4.0,0
174,b954eb72-1923-578f-85c2-710e49fd6b50,0,Kendaraan Pribadi,private_vehicle,29.60,3458.0,0.0,0.00,4.00,3.00,18-25,Laki-laki,Pelajar/Mahasiswa,<1 juta,Motor,Belanja/Rekreasi,Beberapa kali seminggu,2.0,3.0,4.0,2.0,4.0,1
174,b954eb72-1923-578f-85c2-710e49fd6b50,1,Preferensi Saya,preference,29.60,3458.0,0.0,0.00,4.00,3.00,18-25,Laki-laki,Pelajar/Mahasiswa,<1 juta,Motor,Belanja/Rekreasi,Beberapa kali seminggu,2.0,3.0,4.0,2.0,4.0,0
175,0caada20-f215-578c-bb3d-cb72fcf639d4,0,Rekomendasi,time,153.82,5000.0,2.0,2.68,2.37,2.76,18-25,Laki-laki,Pelajar/Mahasiswa,<1 juta,Motor,Belanja/Rekreasi,Beberapa kali seminggu,3.0,5.0,1.0,2.0,5.0,0
175,0caada20-f215-578c-bb3d-cb72fcf639d4,1,Kendaraan Pribadi,private_vehicle,14.90,1735.0,0.0,0.00,4.00,3.00,18-25,Laki-laki,Pelajar/Mahasiswa,<1 juta,Motor,Belanja/Rekreasi,Beberapa kali seminggu,3.0,5.0,1.0,2.0,5.0,1
175,0caada20-f215-578c-bb3d-cb72fcf639d4,2,Preferensi Saya,preference,14.90,1735.0,0.0,0.00,4.00,3.00,18-25,Laki-laki,Pelajar/Mahasiswa,<1 juta,Motor,Belanja/Rekreasi,Beberapa kali seminggu,3.0,5.0,1.0,2.0,5.0,0
176,3aa69cc4-f279-53aa-9c2f-4633c25a50db,0,Rekomendasi,time,44.37,5000.0,0.0,1.57,3.71,3.29,18-25,Perempuan,Pelajar/Mahasiswa,<1 juta,Motor,Sekolah/Kuliah,Setiap hari,5.0,4.0,4.0,5.0,4.0,1
176,3aa69cc4-f279-53aa-9c2f-4633c25a50db,1,Kendaraan Pribadi,private_vehicle,11.20,1310.0,0.0,0.00,4.00,3.00,18-25,Perempuan,Pelajar/Mahasiswa,<1 juta,Motor,Sekolah/Kuliah,Setiap hari,5.0,4.0,4.0,5.0,4.0,0
176,3aa69cc4-f279-53aa-9c2f-4633c25a50db,2,Preferensi Saya,preference,11.20,1310.0,0.0,0.00,4.00,3.00,18-25,Perempuan,Pelajar/Mahasiswa,<1 juta,Motor,Sekolah/Kuliah,Setiap hari,5.0,4.0,4.0,5.0,4.0,0
177,f665daf7-ae10-560b-a99d-1d6f54e9e3ec,0,Rekomendasi,time,129.92,5000.0,2.0,1.75,2.34,2.78,18-25,Laki-laki,Pelajar/Mahasiswa,<1 juta,Motor,Belanja/Rekreasi,Beberapa kali seminggu,4.0,3.0,2.0,4.0,2.0,0
177,f665daf7-ae10-560b-a99d-1d6f54e9e3ec,1,Kendaraan Pribadi,private_vehicle,23.90,2785.0,0.0,0.00,4.00,3.00,18-25,Laki-laki,Pelajar/Mahasiswa,<1 juta,Motor,Belanja/Rekreasi,Beberapa kali seminggu,4.0,3.0,2.0,4.0,2.0,1
177,f665daf7-ae10-560b-a99d-1d6f54e9e3ec,2,Preferensi Saya,preference,23.90,2785.0,0.0,0.00,4.00,3.00,18-25,Laki-laki,Pelajar/Mahasiswa,<1 juta,Motor,Belanja/Rekreasi,Beberapa kali seminggu,4.0,3.0,2.0,4.0,2.0,0
178,8f11a1b6-8c13-5ebf-bd62-dac3a5f55ccc,0,Rekomendasi,time,135.09,5000.0,3.0,0.58,1.66,2.52,18-25,Perempuan,Pelajar/Mahasiswa,<1 juta,Motor,Sekolah/Kuliah,Setiap hari,5.0,2.0,2.0,1.0,2.0,0
178,8f11a1b6-8c13-5ebf-bd62-dac3a5f55ccc,1,Kendaraan Pribadi,private_vehicle,11.40,1330.0,0.0,0.00,4.00,3.00,18-25,Perempuan,Pelajar/Mahasiswa,<1 juta,Motor,Sekolah/Kuliah,Setiap hari,5.0,2.0,2.0,1.0,2.0,1
178,8f11a1b6-8c13-5ebf-bd62-dac3a5f55ccc,2,Preferensi Saya,preference,11.40,1330.0,0.0,0.00,4.00,3.00,18-25,Perempuan,Pelajar/Mahasiswa,<1 juta,Motor,Sekolah/Kuliah,Setiap hari,5.0,2.0,2.0,1.0,2.0,0
179,c22176ab-8786-5a28-9aa0-1e6de0f44e89,0,Rekomendasi,time,105.14,5000.0,2.0,0.77,2.12,2.64,18-25,Perempuan,Pelajar/Mahasiswa,<1 juta,Motor,Sekolah/Kuliah,Setiap hari,5.0,4.0,3.0,5.0,5.0,1
179,c22176ab-8786-5a28-9aa0-1e6de0f44e89,1,Kendaraan Pribadi,private_vehicle,13.40,1562.0,0.0,0.00,4.00,3.00,18-25,Perempuan,Pelajar/Mahasiswa,<1 juta,Motor,Sekolah/Kuliah,Setiap hari,5.0,4.0,3.0,5.0,5.0,0
179,c22176ab-8786-5a28-9aa0-1e6de0f44e89,2,Preferensi Saya,preference,13.40,1562.0,0.0,0.00,4.00,3.00,18-25,Perempuan,Pelajar/Mahasiswa,<1 juta,Motor,Sekolah/Kuliah,Setiap hari,5.0,4.0,3.0,5.0,5.0,0
180,2216f3f2-1655-5f0d-9e17-a6cba96d6ab5,0,Rekomendasi,time,31.06,5000.0,0.0,0.69,3.23,3.77,18-25,Laki-laki,Pelajar/Mahasiswa,<1 juta,Motor,Belanja/Rekreasi,Beberapa kali seminggu,5.0,5.0,3.0,2.0,4.0,1
180,2216f3f2-1655-5f0d-9e17-a6cba96d6ab5,1,Kendaraan Pribadi,private_vehicle,13.60,1588.0,0.0,0.00,4.00,3.00,18-25,Laki-laki,Pelajar/Mahasiswa,<1 juta,Motor,Belanja/Rekreasi,Beberapa kali seminggu,5.0,5.0,3.0,2.0,4.0,0
180,2216f3f2-1655-5f0d-9e17-a6cba96d6ab5,2,Preferensi Saya,preference,13.60,1588.0,0.0,0.00,4.00,3.00,18-25,Laki-laki,Pelajar/Mahasiswa,<1 juta,Motor,Belanja/Rekreasi,Beberapa kali seminggu,5.0,5.0,3.0,2.0,4.0,0
181,99cdcf61-dc10-5126-9247-933afdc23a7b,0,Rekomendasi,time,130.94,5000.0,2.0,2.09,2.22,2.64,18-25,Perempuan,Pelajar/Mahasiswa,<1 juta,Motor,Sekolah/Kuliah,Setiap hari,5.0,5.0,4.0,5.0,3.0,1
181,99cdcf61-dc10-5126-9247-933afdc23a7b,1,Kendaraan Pribadi,private_vehicle,28.40,3315.0,0.0,0.00,4.00,3.00,18-25,Perempuan,Pelajar/Mahasiswa,<1 juta,Motor,Sekolah/Kuliah,Setiap hari,5.0,5.0,4.0,5.0,3.0,0
181,99cdcf61-dc10-5126-9247-933afdc23a7b,2,Preferensi Saya,preference,28.40,3315.0,0.0,0.00,4.00,3.00,18-25,Perempuan,Pelajar/Mahasiswa,<1 juta,Motor,Sekolah/Kuliah,Setiap hari,5.0,5.0,4.0,5.0,3.0,0
182,75b2a423-5bdc-55ba-8a99-5b168c9f9b80,0,Rekomendasi,time,19.10,0.0,0.0,0.31,2.10,2.48,18-25,Perempuan,Pelajar/Mahasiswa,<1 juta,Motor,Sekolah/Kuliah,Setiap hari,5.0,5.0,4.0,4.0,5.0,0
182,75b2a423-5bdc-55ba-8a99-5b168c9f9b80,1,Kendaraan Pribadi,private_vehicle,9.90,1160.0,0.0,0.00,4.00,3.00,18-25,Perempuan,Pelajar/Mahasiswa,<1 juta,Motor,Sekolah/Kuliah,Setiap hari,5.0,5.0,4.0,4.0,5.0,1
182,75b2a423-5bdc-55ba-8a99-5b168c9f9b80,2,Preferensi Saya,preference,9.90,1160.0,0.0,0.00,4.00,3.00,18-25,Perempuan,Pelajar/Mahasiswa,<1 juta,Motor,Sekolah/Kuliah,Setiap hari,5.0,5.0,4.0,4.0,5.0,0
183,2fbb8dbb-3a5c-5d5e-ad79-b0aa166adbee,0,Rekomendasi,time,117.11,5000.0,1.0,3.39,3.08,3.05,18-25,Laki-laki,Pelajar/Mahasiswa,<1 juta,Motor,Belanja/Rekreasi,Beberapa kali seminggu,5.0,3.0,3.0,3.0,4.0,1
183,2fbb8dbb-3a5c-5d5e-ad79-b0aa166adbee,1,Kendaraan Pribadi,private_vehicle,26.50,2208.0,0.0,0.00,4.00,3.00,18-25,Laki-laki,Pelajar/Mahasiswa,<1 juta,Motor,Belanja/Rekreasi,Beberapa kali seminggu,5.0,3.0,3.0,3.0,4.0,0
183,2fbb8dbb-3a5c-5d5e-ad79-b0aa166adbee,2,Preferensi Saya,preference,26.50,2208.0,0.0,0.00,4.00,3.00,18-25,Laki-laki,Pelajar/Mahasiswa,<1 juta,Motor,Belanja/Rekreasi,Beberapa kali seminggu,5.0,3.0,3.0,3.0,4.0,0
184,4afc0131-5605-5aa3-a1dd-265d7795aa61,0,Rekomendasi,time,25.17,0.0,0.0,0.00,4.00,3.00,18-25,Perempuan,Pelajar/Mahasiswa,<1 juta,Motor,Sekolah/Kuliah,Setiap hari,5.0,3.0,3.0,2.0,3.0,0
184,4afc0131-5605-5aa3-a1dd-265d7795aa61,1,Kendaraan Pribadi,private_vehicle,4.70,388.0,0.0,0.00,4.00,3.00,18-25,Perempuan,Pelajar/Mahasiswa,<1 juta,Motor,Sekolah/Kuliah,Setiap hari,5.0,3.0,3.0,2.0,3.0,1
184,4afc0131-5605-5aa3-a1dd-265d7795aa61,2,Preferensi Saya,preference,4.70,388.0,0.0,0.00,4.00,3.00,18-25,Perempuan,Pelajar/Mahasiswa,<1 juta,Motor,Sekolah/Kuliah,Setiap hari,5.0,3.0,3.0,2.0,3.0,0
185,64a947a4-8e26-5d9e-a765-5d353d41e8d5,0,Rekomendasi,time,29.71,5000.0,0.0,0.38,3.34,3.66,18-25,Laki-laki,Pelajar/Mahasiswa,<1 juta,Motor,Belanja/Rekreasi,Beberapa kali seminggu,4.0,5.0,4.0,4.0,2.0,1
185,64a947a4-8e26-5d9e-a765-5d353d41e8d5,1,Kendaraan Pribadi,private_vehicle,19.20,1600.0,0.0,0.00,4.00,3.00,18-25,Laki-laki,Pelajar/Mahasiswa,<1 juta,Motor,Belanja/Rekreasi,Beberapa kali seminggu,4.0,5.0,4.0,4.0,2.0,0
185,64a947a4-8e26-5d9e-a765-5d353d41e8d5,2,Preferensi Saya,preference,19.20,1600.0,0.0,0.00,4.00,3.00,18-25,Laki-laki,Pelajar/Mahasiswa,<1 juta,Motor,Belanja/Rekreasi,Beberapa kali seminggu,4.0,5.0,4.0,4.0,2.0,0
186,c0da798e-16ac-54c1-8608-984602cb5688,0,Rekomendasi,time,13.28,0.0,0.0,0.00,3.55,3.45,18-25,Perempuan,Pelajar/Mahasiswa,<1 juta,Motor,Sekolah/Kuliah,Setiap hari,5.0,4.0,3.0,2.0,4.0,0
186,c0da798e-16ac-54c1-8608-984602cb5688,1,Kendaraan Pribadi,private_vehicle,7.70,645.0,0.0,0.00,4.00,3.00,18-25,Perempuan,Pelajar/Mahasiswa,<1 juta,Motor,Sekolah/Kuliah,Setiap hari,5.0,4.0,3.0,2.0,4.0,1
186,c0da798e-16ac-54c1-8608-984602cb5688,2,Preferensi Saya,preference,13.28,0.0,0.0,0.00,3.55,3.45,18-25,Perempuan,Pelajar/Mahasiswa,<1 juta,Motor,Sekolah/Kuliah,Setiap hari,5.0,4.0,3.0,2.0,4.0,0
187,decfae1d-a5b6-59db-975a-994f035da60a,0,Rekomendasi,time,113.68,5000.0,2.0,0.21,2.00,2.65,18-25,Perempuan,Pelajar/Mahasiswa,<1 juta,Motor,Sekolah/Kuliah,Setiap hari,5.0,3.0,4.0,5.0,3.0,1
187,decfae1d-a5b6-59db-975a-994f035da60a,1,Kendaraan Pribadi,private_vehicle,31.30,2605.0,0.0,0.00,4.00,3.00,18-25,Perempuan,Pelajar/Mahasiswa,<1 juta,Motor,Sekolah/Kuliah,Setiap hari,5.0,3.0,4.0,5.0,3.0,0
187,decfae1d-a5b6-59db-975a-994f035da60a,2,Preferensi Saya,preference,31.30,2605.0,0.0,0.00,4.00,3.00,18-25,Perempuan,Pelajar/Mahasiswa,<1 juta,Motor,Sekolah/Kuliah,Setiap hari,5.0,3.0,4.0,5.0,3.0,0
188,b2f64972-c38b-5262-8e89-431b9120075e,0,Rekomendasi,time,30.65,0.0,0.0,0.67,2.64,2.44,18-25,Laki-laki,Pelajar/Mahasiswa,<1 juta,Motor,Belanja/Rekreasi,Beberapa kali seminggu,2.0,5.0,3.0,3.0,3.0,1
188,b2f64972-c38b-5262-8e89-431b9120075e,1,Kendaraan Pribadi,private_vehicle,13.10,1095.0,0.0,0.00,4.00,3.00,18-25,Laki-laki,Pelajar/Mahasiswa,<1 juta,Motor,Belanja/Rekreasi,Beberapa kali seminggu,2.0,5.0,3.0,3.0,3.0,0
188,b2f64972-c38b-5262-8e89-431b9120075e,2,Preferensi Saya,preference,13.10,1095.0,0.0,0.00,4.00,3.00,18-25,Laki-laki,Pelajar/Mahasiswa,<1 juta,Motor,Belanja/Rekreasi,Beberapa kali seminggu,2.0,5.0,3.0,3.0,3.0,0
189,4309055b-8a87-553d-b780-23aa19e31891,0,Rekomendasi,time,22.85,0.0,0.0,0.00,4.00,3.00,18-25,Perempuan,Pelajar/Mahasiswa,<1 juta,Motor,Sekolah/Kuliah,Setiap hari,3.0,5.0,2.0,3.0,2.0,0
189,4309055b-8a87-553d-b780-23aa19e31891,1,Kendaraan Pribadi,private_vehicle,5.60,465.0,0.0,0.00,4.00,3.00,18-25,Perempuan,Pelajar/Mahasiswa,<1 juta,Motor,Sekolah/Kuliah,Setiap hari,3.0,5.0,2.0,3.0,2.0,1
189,4309055b-8a87-553d-b780-23aa19e31891,2,Preferensi Saya,preference,22.85,0.0,0.0,0.00,4.00,3.00,18-25,Perempuan,Pelajar/Mahasiswa,<1 juta,Motor,Sekolah/Kuliah,Setiap hari,3.0,5.0,2.0,3.0,2.0,0
190,a2dbf8bc-27c3-534d-8a6a-2f74a862001b,0,Rekomendasi,time,56.11,5000.0,0.0,1.21,3.57,3.43,18-25,Laki-laki,Pelajar/Mahasiswa,<1 juta,Motor,Belanja/Rekreasi,Beberapa kali seminggu,4.0,4.0,3.0,4.0,1.0,1
190,a2dbf8bc-27c3-534d-8a6a-2f74a862001b,1,Kendaraan Pribadi,private_vehicle,29.20,2432.0,0.0,0.00,4.00,3.00,18-25,Laki-laki,Pelajar/Mahasiswa,<1 juta,Motor,Belanja/Rekreasi,Beberapa kali seminggu,4.0,4.0,3.0,4.0,1.0,0
190,a2dbf8bc-27c3-534d-8a6a-2f74a862001b,2,Preferensi Saya,preference,29.20,2432.0,0.0,0.00,4.00,3.00,18-25,Laki-laki,Pelajar/Mahasiswa,<1 juta,Motor,Belanja/Rekreasi,Beberapa kali seminggu,4.0,4.0,3.0,4.0,1.0,0
191,cb4b6fb1-1381-5dc1-acbf-3a05d5bad59c,0,Rekomendasi,time,120.65,5000.0,2.0,1.07,2.11,2.74,18-25,Perempuan,Pelajar/Mahasiswa,<1 juta,Motor,Sekolah/Kuliah,Setiap hari,5.0,3.0,4.0,5.0,5.0,1
191,cb4b6fb1-1381-5dc1-acbf-3a05d5bad59c,1,Kendaraan Pribadi,private_vehicle,30.60,2552.0,0.0,0.00,4.00,3.00,18-25,Perempuan,Pelajar/Mahasiswa,<1 juta,Motor,Sekolah/Kuliah,Setiap hari,5.0,3.0,4.0,5.0,5.0,0
191,cb4b6fb1-1381-5dc1-acbf-3a05d5bad59c,2,Preferensi Saya,preference,30.60,2552.0,0.0,0.00,4.00,3.00,18-25,Perempuan,Pelajar/Mahasiswa,<1 juta,Motor,Sekolah/Kuliah,Setiap hari,5.0,3.0,4.0,5.0,5.0,0
192,94fb143f-95c1-5b02-82d7-3a994b1099be,0,Rekomendasi,time,34.24,5000.0,0.0,1.67,4.41,3.83,36-50,Perempuan,PNS/TNI/Polri,>10 juta,Motor dan mobil,Kerja,Beberapa kali sebulan,4.0,5.0,4.0,5.0,5.0,1
192,94fb143f-95c1-5b02-82d7-3a994b1099be,1,Kendaraan Pribadi,private_vehicle,16.00,1335.0,0.0,0.00,4.00,3.00,36-50,Perempuan,PNS/TNI/Polri,>10 juta,Motor dan mobil,Kerja,Beberapa kali sebulan,4.0,5.0,4.0,5.0,5.0,0
192,94fb143f-95c1-5b02-82d7-3a994b1099be,2,Preferensi Saya,preference,16.00,1335.0,0.0,0.00,4.00,3.00,36-50,Perempuan,PNS/TNI/Polri,>10 juta,Motor dan mobil,Kerja,Beberapa kali sebulan,4.0,5.0,4.0,5.0,5.0,0
193,587e715f-f7b8-537c-971b-3ca3e2858c68,0,Rekomendasi,time,113.78,5000.0,1.0,2.09,2.74,2.82,36-50,Perempuan,PNS/TNI/Polri,>10 juta,Motor dan mobil,Kerja,Beberapa kali sebulan,3.0,5.0,3.0,4.0,4.0,1
193,587e715f-f7b8-537c-971b-3ca3e2858c68,1,Kendaraan Pribadi,private_vehicle,37.30,3110.0,0.0,0.00,4.00,3.00,36-50,Perempuan,PNS/TNI/Polri,>10 juta,Motor dan mobil,Kerja,Beberapa kali sebulan,3.0,5.0,3.0,4.0,4.0,0
193,587e715f-f7b8-537c-971b-3ca3e2858c68,2,Preferensi Saya,preference,37.30,3110.0,0.0,0.00,4.00,3.00,36-50,Perempuan,PNS/TNI/Polri,>10 juta,Motor dan mobil,Kerja,Beberapa kali sebulan,3.0,5.0,3.0,4.0,4.0,0
194,70bfe05e-433c-50c0-a394-b935eaa140fd,0,Rekomendasi,time,104.62,5000.0,2.0,1.12,2.01,2.61,36-50,Perempuan,PNS/TNI/Polri,>10 juta,Motor dan mobil,Kerja,Beberapa kali sebulan,4.0,3.0,4.0,3.0,3.0,1
194,70bfe05e-433c-50c0-a394-b935eaa140fd,1,Kendaraan Pribadi,private_vehicle,30.10,2508.0,0.0,0.00,4.00,3.00,36-50,Perempuan,PNS/TNI/Polri,>10 juta,Motor dan mobil,Kerja,Beberapa kali sebulan,4.0,3.0,4.0,3.0,3.0,0
194,70bfe05e-433c-50c0-a394-b935eaa140fd,2,Preferensi Saya,preference,30.10,2508.0,0.0,0.00,4.00,3.00,36-50,Perempuan,PNS/TNI/Polri,>10 juta,Motor dan mobil,Kerja,Beberapa kali sebulan,4.0,3.0,4.0,3.0,3.0,0
195,4f63dfa6-7fc3-5312-b144-5d1ea4255ead,0,Rekomendasi,time,104.62,5000.0,2.0,1.12,2.01,2.61,36-50,Perempuan,PNS/TNI/Polri,>10 juta,Motor dan mobil,Kerja,Beberapa kali sebulan,4.0,3.0,4.0,3.0,3.0,1
195,4f63dfa6-7fc3-5312-b144-5d1ea4255ead,1,Kendaraan Pribadi,private_vehicle,30.10,2508.0,0.0,0.00,4.00,3.00,36-50,Perempuan,PNS/TNI/Polri,>10 juta,Motor dan mobil,Kerja,Beberapa kali sebulan,4.0,3.0,4.0,3.0,3.0,0
195,4f63dfa6-7fc3-5312-b144-5d1ea4255ead,2,Preferensi Saya,preference,30.10,2508.0,0.0,0.00,4.00,3.00,36-50,Perempuan,PNS/TNI/Polri,>10 juta,Motor dan mobil,Kerja,Beberapa kali sebulan,4.0,3.0,4.0,3.0,3.0,0
196,64049320-6acd-550f-8698-71aa3d5d0d6d,0,Rekomendasi,time,104.62,5000.0,2.0,1.12,2.01,2.61,36-50,Perempuan,PNS/TNI/Polri,>10 juta,Motor dan mobil,Kerja,Beberapa kali sebulan,4.0,3.0,4.0,3.0,3.0,1
196,64049320-6acd-550f-8698-71aa3d5d0d6d,1,Kendaraan Pribadi,private_vehicle,30.10,2508.0,0.0,0.00,4.00,3.00,36-50,Perempuan,PNS/TNI/Polri,>10 juta,Motor dan mobil,Kerja,Beberapa kali sebulan,4.0,3.0,4.0,3.0,3.0,0
196,64049320-6acd-550f-8698-71aa3d5d0d6d,2,Preferensi Saya,preference,30.10,2508.0,0.0,0.00,4.00,3.00,36-50,Perempuan,PNS/TNI/Polri,>10 juta,Motor dan mobil,Kerja,Beberapa kali sebulan,4.0,3.0,4.0,3.0,3.0,0
197,4745af24-7df1-5ab2-bd81-ac646ca7d4ec,0,Rekomendasi,time,45.86,5000.0,1.0,1.20,2.35,2.70,36-50,Perempuan,PNS/TNI/Polri,>10 juta,Motor dan mobil,Kerja,Beberapa kali sebulan,2.0,4.0,5.0,5.0,4.0,1
197,4745af24-7df1-5ab2-bd81-ac646ca7d4ec,1,Kendaraan Pribadi,private_vehicle,40.60,3382.0,0.0,0.00,4.00,3.00,36-50,Perempuan,PNS/TNI/Polri,>10 juta,Motor dan mobil,Kerja,Beberapa kali sebulan,2.0,4.0,5.0,5.0,4.0,0
197,4745af24-7df1-5ab2-bd81-ac646ca7d4ec,2,Preferensi Saya,preference,40.60,3382.0,0.0,0.00,4.00,3.00,36-50,Perempuan,PNS/TNI/Polri,>10 juta,Motor dan mobil,Kerja,Beberapa kali sebulan,2.0,4.0,5.0,5.0,4.0,0
198,b5911b3e-ca37-50e8-8585-915cc62c1177,0,Kendaraan Pribadi,private_vehicle,66.80,5565.0,0.0,0.00,4.00,3.00,36-50,Perempuan,PNS/TNI/Polri,>10 juta,Motor dan mobil,Kerja,Beberapa kali sebulan,3.0,4.0,5.0,4.0,4.0,0
198,b5911b3e-ca37-50e8-8585-915cc62c1177,1,Preferensi Saya,preference,66.80,5565.0,0.0,0.00,4.00,3.00,36-50,Perempuan,PNS/TNI/Polri,>10 juta,Motor dan mobil,Kerja,Beberapa kali sebulan,3.0,4.0,5.0,4.0,4.0,1
199,559bddad-fda2-5417-b9a8-1d21e5e786cf,0,Kendaraan Pribadi,private_vehicle,66.80,5565.0,0.0,0.00,4.00,3.00,36-50,Perempuan,PNS/TNI/Polri,>10 juta,Motor dan mobil,Kerja,Beberapa kali sebulan,3.0,4.0,5.0,4.0,4.0,1
199,559bddad-fda2-5417-b9a8-1d21e5e786cf,1,Preferensi Saya,preference,66.80,5565.0,0.0,0.00,4.00,3.00,36-50,Perempuan,PNS/TNI/Polri,>10 juta,Motor dan mobil,Kerja,Beberapa kali sebulan,3.0,4.0,5.0,4.0,4.0,0
200,9ea26c2a-8a74-5d9e-9239-30422b817839,0,Termurah,cost,30.10,6000.0,0.0,0.65,3.64,2.90,26-35,Perempuan,Wiraswasta,1-3 juta,Motor dan mobil,Kerja,Beberapa kali seminggu,4.0,1.0,1.0,2.0,1.0,1
200,9ea26c2a-8a74-5d9e-9239-30422b817839,1,Kendaraan Pribadi,private_vehicle,23.30,10000.0,0.0,0.00,4.54,2.72,26-35,Perempuan,Wiraswasta,1-3 juta,Motor dan mobil,Kerja,Beberapa kali seminggu,4.0,1.0,1.0,2.0,1.0,0
201,b4d587e5-4bfd-5fa0-b1c5-ddc9d41aa738,0,Rekomendasi,time,54.20,5000.0,0.0,0.35,4.28,4.51,26-35,Perempuan,Wiraswasta,1-3 juta,Motor dan mobil,Belanja/Rekreasi,Beberapa kali seminggu,4.0,1.0,1.0,2.0,1.0,1
201,b4d587e5-4bfd-5fa0-b1c5-ddc9d41aa738,1,Kendaraan Pribadi,private_vehicle,53.00,10500.0,0.0,0.00,3.66,2.98,26-35,Perempuan,Wiraswasta,1-3 juta,Motor dan mobil,Belanja/Rekreasi,Beberapa kali seminggu,4.0,1.0,1.0,2.0,1.0,0
202,9efe9341-6a2d-5fb3-bcc2-796819d8b59e,0,Tercepat,time,46.10,10000.0,0.0,1.25,3.56,4.59,18-25,Laki-laki,Pelajar/Mahasiswa,<1 juta,Motor dan mobil,Sekolah/Kuliah,Beberapa kali seminggu,3.0,4.0,2.0,2.0,3.0,0
202,9efe9341-6a2d-5fb3-bcc2-796819d8b59e,1,Termurah,alternative,54.70,14000.0,1.0,0.33,3.88,3.65,18-25,Laki-laki,Pelajar/Mahasiswa,<1 juta,Motor dan mobil,Sekolah/Kuliah,Beberapa kali seminggu,3.0,4.0,2.0,2.0,3.0,0
202,9efe9341-6a2d-5fb3-bcc2-796819d8b59e,2,Kendaraan Pribadi,private_vehicle,15.20,6500.0,0.0,0.00,4.08,2.87,18-25,Laki-laki,Pelajar/Mahasiswa,<1 juta,Motor dan mobil,Sekolah/Kuliah,Beberapa kali seminggu,3.0,4.0,2.0,2.0,3.0,1
203,8105fe41-7a6a-50de-81f8-0d26172fc178,0,Rekomendasi,time,72.90,5000.0,0.0,1.01,3.35,4.74,18-25,Laki-laki,Pelajar/Mahasiswa,<1 juta,Motor dan mobil,Sekolah/Kuliah,Beberapa kali seminggu,3.0,4.0,2.0,2.0,3.0,1
203,8105fe41-7a6a-50de-81f8-0d26172fc178,1,Kendaraan Pribadi,private_vehicle,79.90,12000.0,0.0,0.00,4.46,3.15,18-25,Laki-laki,Pelajar/Mahasiswa,<1 juta,Motor dan mobil,Sekolah/Kuliah,Beberapa kali seminggu,3.0,4.0,2.0,2.0,3.0,0
204,db0e689a-ce74-5bbd-9d37-cbdc32037a25,0,Rekomendasi,time,50.60,5000.0,0.0,0.58,4.20,3.89,36-50,Laki-laki,Pelajar/Mahasiswa,1-3 juta,Motor,Sekolah/Kuliah,Jarang/tidak pernah,2.0,2.0,3.0,5.0,1.0,0
204,db0e689a-ce74-5bbd-9d37-cbdc32037a25,1,Preferensi Saya,preference,65.10,7000.0,1.0,0.24,3.40,4.25,36-50,Laki-laki,Pelajar/Mahasiswa,1-3 juta,Motor,Sekolah/Kuliah,Jarang/tidak pernah,2.0,2.0,3.0,5.0,1.0,0
204,db0e689a-ce74-5bbd-9d37-cbdc32037a25,2,Kendaraan Pribadi,private_vehicle,51.00,7000.0,0.0,0.00,3.38,3.83,36-50,Laki-laki,Pelajar/Mahasiswa,1-3 juta,Motor,Sekolah/Kuliah,Jarang/tidak pernah,2.0,2.0,3.0,5.0,1.0,1
205,653391e8-aceb-552c-98f9-9340a5088633,0,Tercepat,time,94.80,6000.0,0.0,0.87,2.10,3.69,36-50,Laki-laki,Pelajar/Mahasiswa,1-3 juta,Motor,Kerja,Jarang/tidak pernah,2.0,2.0,3.0,5.0,1.0,0
205,653391e8-aceb-552c-98f9-9340a5088633,1,Kendaraan Pribadi,private_vehicle,50.80,15000.0,0.0,0.00,4.04,4.15,36-50,Laki-laki,Pelajar/Mahasiswa,1-3 juta,Motor,Kerja,Jarang/tidak pernah,2.0,2.0,3.0,5.0,1.0,1
206,b6e1c748-334b-5da4-a460-2064438ace74,0,Tercepat,time,53.70,5000.0,0.0,0.94,3.49,4.62,26-35,Laki-laki,PNS/TNI/Polri,5-10 juta,Motor,Kerja,Setiap hari,4.0,5.0,2.0,1.0,4.0,1
206,b6e1c748-334b-5da4-a460-2064438ace74,1,Preferensi Saya,preference,57.80,8000.0,1.0,0.33,3.32,4.06,26-35,Laki-laki,PNS/TNI/Polri,5-10 juta,Motor,Kerja,Setiap hari,4.0,5.0,2.0,1.0,4.0,0
206,b6e1c748-334b-5da4-a460-2064438ace74,2,Kendaraan Pribadi,private_vehicle,47.90,8500.0,0.0,0.00,4.46,3.86,26-35,Laki-laki,PNS/TNI/Polri,5-10 juta,Motor,Kerja,Setiap hari,4.0,5.0,2.0,1.0,4.0,0
207,3d64ac2b-909a-5374-815e-30376acc3988,0,Rekomendasi,time,49.60,5000.0,0.0,0.51,3.94,3.74,26-35,Laki-laki,PNS/TNI/Polri,5-10 juta,Motor,Kerja,Setiap hari,4.0,5.0,2.0,1.0,4.0,1
207,3d64ac2b-909a-5374-815e-30376acc3988,1,Kendaraan Pribadi,private_vehicle,39.10,6000.0,0.0,0.00,3.60,2.43,26-35,Laki-laki,PNS/TNI/Polri,5-10 juta,Motor,Kerja,Setiap hari,4.0,5.0,2.0,1.0,4.0,0
208,02bc9d10-c556-551d-9911-604276993f48,0,Rekomendasi,time,69.30,10000.0,0.0,1.27,4.92,4.33,>50,Perempuan,Karyawan,5-10 juta,Motor,Kerja,Beberapa kali seminggu,2.0,5.0,5.0,5.0,4.0,1
208,02bc9d10-c556-551d-9911-604276993f48,1,Tercepat,alternative,79.90,12000.0,1.0,0.26,2.66,4.14,>50,Perempuan,Karyawan,5-10 juta,Motor,Kerja,Beberapa kali seminggu,2.0,5.0,5.0,5.0,4.0,0
208,02bc9d10-c556-551d-9911-604276993f48,2,Kendaraan Pribadi,private_vehicle,48.80,14000.0,0.0,0.00,4.03,3.07,>50,Perempuan,Karyawan,5-10 juta,Motor,Kerja,Beberapa kali seminggu,2.0,5.0,5.0,5.0,4.0,0
209,5a066f67-fe0a-56a5-8841-ad66bcb82b2e,0,Tercepat,time,60.30,5000.0,0.0,0.37,3.56,4.23,>50,Perempuan,Karyawan,5-10 juta,Motor,Lainnya,Beberapa kali seminggu,2.0,5.0,5.0,5.0,4.0,0
209,5a066f67-fe0a-56a5-8841-ad66bcb82b2e,1,Kendaraan Pribadi,private_vehicle,48.20,9500.0,0.0,0.00,3.97,3.74,>50,Perempuan,Karyawan,5-10 juta,Motor,Lainnya,Beberapa kali seminggu,2.0,5.0,5.0,5.0,4.0,1
210,170dcaa1-ce28-5b66-9f33-5f5fd4c68fcf,0,Tercepat,time,48.00,5000.0,0.0,0.40,2.72,2.78,36-50,Laki-laki,Karyawan,5-10 juta,Motor,Kerja,Setiap hari,4.0,5.0,4.0,3.0,4.0,0
210,170dcaa1-ce28-5b66-9f33-5f5fd4c68fcf,1,Kendaraan Pribadi,private_vehicle,26.20,5500.0,0.0,0.00,3.93,2.72,36-50,Laki-laki,Karyawan,5-10 juta,Motor,Kerja,Setiap hari,4.0,5.0,4.0,3.0,4.0,1
211,dcd4d2dc-4d1c-5e4c-8ec1-11304901ea19,0,Rekomendasi,time,66.00,5000.0,0.0,0.16,3.71,3.55,36-50,Laki-laki,Karyawan,5-10 juta,Motor,Kerja,Setiap hari,4.0,5.0,4.0,3.0,4.0,1
211,dcd4d2dc-4d1c-5e4c-8ec1-11304901ea19,1,Kendaraan Pribadi,private_vehicle,57.70,11000.0,0.0,0.00,3.39,3.80,36-50,Laki-laki,Karyawan,5-10 juta,Motor,Kerja,Setiap hari,4.0,5.0,4.0,3.0,4.0,0
212,a9d35ab3-dac5-554c-861b-d88159c82da5,0,Tercepat,time,70.20,5000.0,0.0,0.34,3.37,4.51,18-25,Perempuan,Pelajar/Mahasiswa,<1 juta,Motor dan mobil,Sekolah/Kuliah,Beberapa kali sebulan,3.0,2.0,4.0,3.0,5.0,1
212,a9d35ab3-dac5-554c-861b-d88159c82da5,1,Termurah,alternative,87.40,9000.0,1.0,0.19,3.78,2.68,18-25,Perempuan,Pelajar/Mahasiswa,<1 juta,Motor dan mobil,Sekolah/Kuliah,Beberapa kali sebulan,3.0,2.0,4.0,3.0,5.0,0
212,a9d35ab3-dac5-554c-861b-d88159c82da5,2,Kendaraan Pribadi,private_vehicle,55.20,15500.0,0.0,0.00,3.78,3.59,18-25,Perempuan,Pelajar/Mahasiswa,<1 juta,Motor dan mobil,Sekolah/Kuliah,Beberapa kali sebulan,3.0,2.0,4.0,3.0,5.0,0
213,897138a8-7945-57c6-8e6f-79f7bb078767,0,Termurah,cost,50.50,10000.0,0.0,0.85,2.80,4.78,18-25,Perempuan,Pelajar/Mahasiswa,<1 juta,Motor dan mobil,Sekolah/Kuliah,Beberapa kali sebulan,3.0,2.0,4.0,3.0,5.0,0
213,897138a8-7945-57c6-8e6f-79f7bb078767,1,Kendaraan Pribadi,private_vehicle,46.10,11500.0,0.0,0.00,3.83,3.05,18-25,Perempuan,Pelajar/Mahasiswa,<1 juta,Motor dan mobil,Sekolah/Kuliah,Beberapa kali sebulan,3.0,2.0,4.0,3.0,5.0,1
214,1b4608e4-ef3b-51fe-a6ac-9d6e511e1059,0,Rekomendasi,time,47.30,5000.0,0.0,0.94,3.21,3.91,26-35,Laki-laki,Wiraswasta,3-5 juta,Motor dan mobil,Kerja,Beberapa kali seminggu,4.0,5.0,5.0,3.0,1.0,0
214,1b4608e4-ef3b-51fe-a6ac-9d6e511e1059,1,Termurah,alternative,49.50,7000.0,1.0,0.11,3.03,4.05,26-35,Laki-laki,Wiraswasta,3-5 juta,Motor dan mobil,Kerja,Beberapa kali seminggu,4.0,5.0,5.0,3.0,1.0,0
214,1b4608e4-ef3b-51fe-a6ac-9d6e511e1059,2,Kendaraan Pribadi,private_vehicle,36.70,9000.0,0.0,0.00,3.83,3.12,26-35,Laki-laki,Wiraswasta,3-5 juta,Motor dan mobil,Kerja,Beberapa kali seminggu,4.0,5.0,5.0,3.0,1.0,1
215,71547f10-e4d5-5e0c-be96-8f41a5c7f205,0,Termurah,cost,44.70,5000.0,0.0,0.84,3.08,3.74,26-35,Laki-laki,Wiraswasta,3-5 juta,Motor dan mobil,Kerja,Beberapa kali seminggu,4.0,5.0,5.0,3.0,1.0,0
215,71547f10-e4d5-5e0c-be96-8f41a5c7f205,1,Kendaraan Pribadi,private_vehicle,23.90,6000.0,0.0,0.00,4.21,2.89,26-35,Laki-laki,Wiraswasta,3-5 juta,Motor dan mobil,Kerja,Beberapa kali seminggu,4.0,5.0,5.0,3.0,1.0,1
216,5b53373d-e0d1-55b3-b123-ed1d359b2d54,0,Rekomendasi,time,44.30,5000.0,0.0,0.73,3.36,3.81,36-50,Laki-laki,Wiraswasta,3-5 juta,Motor,Belanja/Rekreasi,Beberapa kali seminggu,5.0,4.0,4.0,4.0,2.0,0
216,5b53373d-e0d1-55b3-b123-ed1d359b2d54,1,Tercepat,alternative,48.90,8000.0,1.0,0.16,3.79,4.27,36-50,Laki-laki,Wiraswasta,3-5 juta,Motor,Belanja/Rekreasi,Beberapa kali seminggu,5.0,4.0,4.0,4.0,2.0,0
216,5b53373d-e0d1-55b3-b123-ed1d359b2d54,2,Kendaraan Pribadi,private_vehicle,28.60,5000.0,0.0,0.00,3.92,2.71,36-50,Laki-laki,Wiraswasta,3-5 juta,Motor,Belanja/Rekreasi,Beberapa kali seminggu,5.0,4.0,4.0,4.0,2.0,1
217,21205743-417e-5070-b410-33397243ad98,0,Tercepat,time,35.40,5000.0,0.0,0.27,4.41,4.03,36-50,Laki-laki,Wiraswasta,3-5 juta,Motor,Kerja,Beberapa kali seminggu,5.0,4.0,4.0,4.0,2.0,0
217,21205743-417e-5070-b410-33397243ad98,1,Kendaraan Pribadi,private_vehicle,33.30,7500.0,0.0,0.00,3.87,3.47,36-50,Laki-laki,Wiraswasta,3-5 juta,Motor,Kerja,Beberapa kali seminggu,5.0,4.0,4.0,4.0,2.0,1
218,aaa0b502-f237-58ab-8201-38c537753853,0,Tercepat,time,64.80,7000.0,0.0,0.49,1.88,3.33,18-25,Laki-laki,Pelajar/Mahasiswa,<1 juta,Motor,Sekolah/Kuliah,Beberapa kali sebulan,2.0,3.0,3.0,2.0,1.0,0
218,aaa0b502-f237-58ab-8201-38c537753853,1,Kendaraan Pribadi,private_vehicle,31.70,10000.0,0.0,0.00,4.18,3.43,18-25,Laki-laki,Pelajar/Mahasiswa,<1 juta,Motor,Sekolah/Kuliah,Beberapa kali sebulan,2.0,3.0,3.0,2.0,1.0,1
219,b0813576-5f6c-58e0-a689-7773b8110523,0,Rekomendasi,time,44.90,5000.0,0.0,0.28,4.16,4.79,18-25,Laki-laki,Pelajar/Mahasiswa,<1 juta,Motor,Belanja/Rekreasi,Beberapa kali sebulan,2.0,3.0,3.0,2.0,1.0,0
219,b0813576-5f6c-58e0-a689-7773b8110523,1,Kendaraan Pribadi,private_vehicle,27.50,5500.0,0.0,0.00,3.59,3.88,18-25,Laki-laki,Pelajar/Mahasiswa,<1 juta,Motor,Belanja/Rekreasi,Beberapa kali sebulan,2.0,3.0,3.0,2.0,1.0,1
220,7d563cf3-54d7-5e35-81ff-8f8f827d11e9,0,Tercepat,time,34.30,5000.0,0.0,0.68,3.87,3.87,18-25,Perempuan,Pelajar/Mahasiswa,<1 juta,Motor,Sekolah/Kuliah,Setiap hari,3.0,4.0,2.0,4.0,3.0,1
220,7d563cf3-54d7-5e35-81ff-8f8f827d11e9,1,Preferensi Saya,preference,40.10,8000.0,1.0,0.11,3.64,2.98,18-25,Perempuan,Pelajar/Mahasiswa,<1 juta,Motor,Sekolah/Kuliah,Setiap hari,3.0,4.0,2.0,4.0,3.0,0
220,7d563cf3-54d7-5e35-81ff-8f8f827d11e9,2,Kendaraan Pribadi,private_vehicle,22.20,6500.0,0.0,0.00,3.78,3.60,18-25,Perempuan,Pelajar/Mahasiswa,<1 juta,Motor,Sekolah/Kuliah,Setiap hari,3.0,4.0,2.0,4.0,3.0,0
221,c4bccd5d-9408-5641-9fba-f7916591cb6c,0,Rekomendasi,time,57.50,6000.0,0.0,0.47,2.80,2.56,18-25,Perempuan,Pelajar/Mahasiswa,<1 juta,Motor,Sekolah/Kuliah,Setiap hari,3.0,4.0,2.0,4.0,3.0,0
221,c4bccd5d-9408-5641-9fba-f7916591cb6c,1,Kendaraan Pribadi,private_vehicle,33.80,7000.0,0.0,0.00,3.89,2.97,18-25,Perempuan,Pelajar/Mahasiswa,<1 juta,Motor,Sekolah/Kuliah,Setiap hari,3.0,4.0,2.0,4.0,3.0,1
222,e0f7f006-fee4-5de3-9d6f-62794d1a2db8,0,Rekomendasi,time,42.20,10000.0,0.0,1.17,3.67,4.30,36-50,Perempuan,Lainnya,3-5 juta,Motor dan mobil,Kerja,Setiap hari,3.0,1.0,4.0,1.0,3.0,0
222,e0f7f006-fee4-5de3-9d6f-62794d1a2db8,1,Preferensi Saya,preference,43.30,12000.0,1.0,0.14,3.21,4.26,36-50,Perempuan,Lainnya,3-5 juta,Motor dan mobil,Kerja,Setiap hari,3.0,1.0,4.0,1.0,3.0,0
222,e0f7f006-fee4-5de3-9d6f-62794d1a2db8,2,Kendaraan Pribadi,private_vehicle,25.70,11500.0,0.0,0.00,4.21,2.80,36-50,Perempuan,Lainnya,3-5 juta,Motor dan mobil,Kerja,Setiap hari,3.0,1.0,4.0,1.0,3.0,1
223,0a000528-0a1f-5a7f-b36f-99fbd8f795bd,0,Rekomendasi,time,61.90,5000.0,0.0,0.89,4.27,4.15,36-50,Perempuan,Lainnya,3-5 juta,Motor dan mobil,Kerja,Setiap hari,3.0,1.0,4.0,1.0,3.0,1
223,0a000528-0a1f-5a7f-b36f-99fbd8f795bd,1,Kendaraan Pribadi,private_vehicle,44.30,9500.0,0.0,0.00,3.74,2.93,36-50,Perempuan,Lainnya,3-5 juta,Motor dan mobil,Kerja,Setiap hari,3.0,1.0,4.0,1.0,3.0,0
224,6b005051-bb33-5078-978c-569851f903b4,0,Rekomendasi,time,48.60,10000.0,0.0,0.27,3.39,5.00,36-50,Laki-laki,Wiraswasta,5-10 juta,Motor,Kerja,Beberapa kali seminggu,3.0,4.0,2.0,4.0,5.0,0
224,6b005051-bb33-5078-978c-569851f903b4,1,Tercepat,alternative,65.10,14000.0,1.0,0.23,3.38,3.88,36-50,Laki-laki,Wiraswasta,5-10 juta,Motor,Kerja,Beberapa kali seminggu,3.0,4.0,2.0,4.0,5.0,0
224,6b005051-bb33-5078-978c-569851f903b4,2,Kendaraan Pribadi,private_vehicle,36.20,10500.0,0.0,0.00,3.83,3.95,36-50,Laki-laki,Wiraswasta,5-10 juta,Motor,Kerja,Beberapa kali seminggu,3.0,4.0,2.0,4.0,5.0,1
225,dd8339e5-63d1-52bc-ad7e-516bd125597f,0,Preferensi Saya,preference,59.20,5000.0,0.0,0.36,4.39,4.10,36-50,Laki-laki,Wiraswasta,5-10 juta,Motor,Kerja,Beberapa kali seminggu,3.0,4.0,2.0,4.0,5.0,1
225,dd8339e5-63d1-52bc-ad7e-516bd125597f,1,Kendaraan Pribadi,private_vehicle,58.40,10500.0,0.0,0.00,3.70,2.98,36-50,Laki-laki,Wiraswasta,5-10 juta,Motor,Kerja,Beberapa kali seminggu,3.0,4.0,2.0,4.0,5.0,0
226,edd191be-81d5-5c1d-a3fe-e61926163566,0,Rekomendasi,time,38.30,6000.0,0.0,0.21,3.19,2.74,>50,Laki-laki,Wiraswasta,3-5 juta,Motor,Kerja,Beberapa kali sebulan,3.0,5.0,2.0,5.0,3.0,0
226,edd191be-81d5-5c1d-a3fe-e61926163566,1,Kendaraan Pribadi,private_vehicle,17.10,5000.0,0.0,0.00,3.99,3.36,>50,Laki-laki,Wiraswasta,3-5 juta,Motor,Kerja,Beberapa kali sebulan,3.0,5.0,2.0,5.0,3.0,1
227,145b1221-71cf-5a8e-81a4-152242ed4d4f,0,Termurah,cost,57.40,5000.0,0.0,0.35,4.16,4.69,>50,Laki-laki,Wiraswasta,3-5 juta,Motor,Kerja,Beberapa kali sebulan,3.0,5.0,2.0,5.0,3.0,0
227,145b1221-71cf-5a8e-81a4-152242ed4d4f,1,Kendaraan Pribadi,private_vehicle,54.50,9000.0,0.0,0.00,3.45,4.10,>50,Laki-laki,Wiraswasta,3-5 juta,Motor,Kerja,Beberapa kali sebulan,3.0,5.0,2.0,5.0,3.0,1
228,397f2a35-f5ad-5b05-aa10-e71c74f4a5b8,0,Rekomendasi,time,53.10,5000.0,0.0,0.92,4.44,4.11,26-35,Perempuan,Wiraswasta,3-5 juta,Motor,Kerja,Setiap hari,4.0,2.0,3.0,3.0,3.0,1
228,397f2a35-f5ad-5b05-aa10-e71c74f4a5b8,1,Termurah,alternative,51.70,8000.0,1.0,0.19,4.28,3.60,26-35,Perempuan,Wiraswasta,3-5 juta,Motor,Kerja,Setiap hari,4.0,2.0,3.0,3.0,3.0,0
228,397f2a35-f5ad-5b05-aa10-e71c74f4a5b8,2,Kendaraan Pribadi,private_vehicle,29.60,10000.0,0.0,0.00,3.82,3.87,26-35,Perempuan,Wiraswasta,3-5 juta,Motor,Kerja,Setiap hari,4.0,2.0,3.0,3.0,3.0,0
229,b598ab1f-69dd-5c63-8cd2-52bf3a3e370c,0,Rekomendasi,time,54.60,10000.0,0.0,0.42,3.65,4.18,26-35,Perempuan,Wiraswasta,3-5 juta,Motor,Belanja/Rekreasi,Setiap hari,4.0,2.0,3.0,3.0,3.0,0
229,b598ab1f-69dd-5c63-8cd2-52bf3a3e370c,1,Kendaraan Pribadi,private_vehicle,47.70,8000.0,0.0,0.00,3.80,3.46,26-35,Perempuan,Wiraswasta,3-5 juta,Motor,Belanja/Rekreasi,Setiap hari,4.0,2.0,3.0,3.0,3.0,1
230,9a1605ab-72b4-5ff5-a9f2-941974eed3ca,0,Tercepat,time,41.50,5000.0,0.0,0.15,4.80,4.66,26-35,Perempuan,PNS/TNI/Polri,3-5 juta,Mobil,Kerja,Setiap hari,5.0,5.0,4.0,4.0,5.0,1
230,9a1605ab-72b4-5ff5-a9f2-941974eed3ca,1,Termurah,alternative,60.10,8000.0,1.0,0.17,3.08,3.91,26-35,Perempuan,PNS/TNI/Polri,3-5 juta,Mobil,Kerja,Setiap hari,5.0,5.0,4.0,4.0,5.0,0
230,9a1605ab-72b4-5ff5-a9f2-941974eed3ca,2,Kendaraan Pribadi,private_vehicle,42.90,13500.0,0.0,0.00,4.46,3.43,26-35,Perempuan,PNS/TNI/Polri,3-5 juta,Mobil,Kerja,Setiap hari,5.0,5.0,4.0,4.0,5.0,0
231,1b956262-9530-50a2-a97e-ff60f2ee92a7,0,Rekomendasi,time,87.70,5000.0,0.0,0.46,3.27,2.98,26-35,Perempuan,PNS/TNI/Polri,3-5 juta,Mobil,Kerja,Setiap hari,5.0,5.0,4.0,4.0,5.0,0
231,1b956262-9530-50a2-a97e-ff60f2ee92a7,1,Kendaraan Pribadi,private_vehicle,58.90,19000.0,0.0,0.00,4.47,3.87,26-35,Perempuan,PNS/TNI/Polri,3-5 juta,Mobil,Kerja,Setiap hari,5.0,5.0,4.0,4.0,5.0,1
232,5425c829-c7d6-54bc-bd18-2f04838129f5,0,Rekomendasi,time,60.00,5000.0,0.0,0.92,3.34,4.53,26-35,Laki-laki,Pelajar/Mahasiswa,1-3 juta,Motor dan mobil,Sekolah/Kuliah,Beberapa kali sebulan,4.0,2.0,4.0,4.0,2.0,0
232,5425c829-c7d6-54bc-bd18-2f04838129f5,1,Termurah,alternative,62.60,7000.0,1.0,0.11,3.24,3.63,26-35,Laki-laki,Pelajar/Mahasiswa,1-3 juta,Motor dan mobil,Sekolah/Kuliah,Beberapa kali sebulan,4.0,2.0,4.0,4.0,2.0,1
232,5425c829-c7d6-54bc-bd18-2f04838129f5,2,Kendaraan Pribadi,private_vehicle,38.50,9500.0,0.0,0.00,4.38,3.66,26-35,Laki-laki,Pelajar/Mahasiswa,1-3 juta,Motor dan mobil,Sekolah/Kuliah,Beberapa kali sebulan,4.0,2.0,4.0,4.0,2.0,0
233,132ed1f4-89cb-5e05-bbd3-7876876cc4f5,0,Rekomendasi,time,34.50,5000.0,0.0,0.24,4.04,3.81,26-35,Laki-laki,Pelajar/Mahasiswa,1-3 juta,Motor dan mobil,Sekolah/Kuliah,Beberapa kali sebulan,4.0,2.0,4.0,4.0,2.0,0
233,132ed1f4-89cb-5e05-bbd3-7876876cc4f5,1,Kendaraan Pribadi,private_vehicle,19.60,5500.0,0.0,0.00,4.02,3.87,26-35,Laki-laki,Pelajar/Mahasiswa,1-3 juta,Motor dan mobil,Sekolah/Kuliah,Beberapa kali sebulan,4.0,2.0,4.0,4.0,2.0,1
234,d6d3cacb-9cbe-5334-8462-ca3fb51ea8bd,0,Rekomendasi,time,39.60,10000.0,0.0,0.26,4.01,4.23,18-25,Laki-laki,Pelajar/Mahasiswa,<1 juta,Motor,Sekolah/Kuliah,Beberapa kali seminggu,4.0,4.0,2.0,1.0,5.0,1
234,d6d3cacb-9cbe-5334-8462-ca3fb51ea8bd,1,Tercepat,alternative,45.90,13000.0,1.0,0.35,3.08,3.97,18-25,Laki-laki,Pelajar/Mahasiswa,<1 juta,Motor,Sekolah/Kuliah,Beberapa kali seminggu,4.0,4.0,2.0,1.0,5.0,0
234,d6d3cacb-9cbe-5334-8462-ca3fb51ea8bd,2,Kendaraan Pribadi,private_vehicle,21.50,7000.0,0.0,0.00,4.06,3.02,18-25,Laki-laki,Pelajar/Mahasiswa,<1 juta,Motor,Sekolah/Kuliah,Beberapa kali seminggu,4.0,4.0,2.0,1.0,5.0,0
235,6fdc0984-bb6e-5533-8aeb-26288178117b,0,Tercepat,time,51.00,5000.0,0.0,1.07,3.55,4.65,18-25,Laki-laki,Pelajar/Mahasiswa,<1 juta,Motor,Sekolah/Kuliah,Beberapa kali seminggu,4.0,4.0,2.0,1.0,5.0,0
235,6fdc0984-bb6e-5533-8aeb-26288178117b,1,Kendaraan Pribadi,private_vehicle,31.30,8500.0,0.0,0.00,3.52,3.45,18-25,Laki-laki,Pelajar/Mahasiswa,<1 juta,Motor,Sekolah/Kuliah,Beberapa kali seminggu,4.0,4.0,2.0,1.0,5.0,1
236,5602ac58-d52e-5d5b-92af-ea481e8698e4,0,Termurah,cost,42.20,5000.0,0.0,0.74,3.75,2.05,18-25,Perempuan,Pelajar/Mahasiswa,<1 juta,Motor dan mobil,Sekolah/Kuliah,Setiap hari,2.0,5.0,4.0,3.0,3.0,0
236,5602ac58-d52e-5d5b-92af-ea481e8698e4,1,Kendaraan Pribadi,private_vehicle,24.90,12500.0,0.0,0.00,4.17,3.10,18-25,Perempuan,Pelajar/Mahasiswa,<1 juta,Motor dan mobil,Sekolah/Kuliah,Setiap hari,2.0,5.0,4.0,3.0,3.0,1
237,1b9cbebc-04fa-5fd5-ac43-2db1ef6613f9,0,Termurah,cost,55.10,5000.0,0.0,0.53,4.38,4.28,18-25,Perempuan,Pelajar/Mahasiswa,<1 juta,Motor dan mobil,Belanja/Rekreasi,Setiap hari,2.0,5.0,4.0,3.0,3.0,1
237,1b9cbebc-04fa-5fd5-ac43-2db1ef6613f9,1,Kendaraan Pribadi,private_vehicle,50.30,13000.0,0.0,0.00,4.23,2.67,18-25,Perempuan,Pelajar/Mahasiswa,<1 juta,Motor dan mobil,Belanja/Rekreasi,Setiap hari,2.0,5.0,4.0,3.0,3.0,0
238,70e56d97-e27a-51bc-81ed-b16abab61066,0,Rekomendasi,time,46.50,5000.0,0.0,0.96,4.36,5.00,26-35,Perempuan,Lainnya,5-10 juta,Motor,Sekolah/Kuliah,Jarang/tidak pernah,3.0,4.0,4.0,2.0,4.0,0
238,70e56d97-e27a-51bc-81ed-b16abab61066,1,Tercepat,alternative,48.90,8000.0,1.0,0.28,3.08,3.47,26-35,Perempuan,Lainnya,5-10 juta,Motor,Sekolah/Kuliah,Jarang/tidak pernah,3.0,4.0,4.0,2.0,4.0,0
238,70e56d97-e27a-51bc-81ed-b16abab61066,2,Kendaraan Pribadi,private_vehicle,21.40,4000.0,0.0,0.00,3.63,2.90,26-35,Perempuan,Lainnya,5-10 juta,Motor,Sekolah/Kuliah,Jarang/tidak pernah,3.0,4.0,4.0,2.0,4.0,1
239,b4d2a829-dcb0-585c-a962-8d5adc9e67b0,0,Preferensi Saya,preference,40.00,5000.0,0.0,0.90,4.18,4.36,26-35,Perempuan,Lainnya,5-10 juta,Motor,Kerja,Jarang/tidak pernah,3.0,4.0,4.0,2.0,4.0,1
239,b4d2a829-dcb0-585c-a962-8d5adc9e67b0,1,Kendaraan Pribadi,private_vehicle,18.80,6000.0,0.0,0.00,3.86,2.77,26-35,Perempuan,Lainnya,5-10 juta,Motor,Kerja,Jarang/tidak pernah,3.0,4.0,4.0,2.0,4.0,0
240,44f54f2d-66f0-50ed-b8e8-fa72877f7e16,0,Tercepat,time,49.40,10000.0,0.0,1.03,3.99,4.55,26-35,Perempuan,Lainnya,>10 juta,Motor dan mobil,Belanja/Rekreasi,Beberapa kali sebulan,4.0,2.0,2.0,2.0,3.0,0
240,44f54f2d-66f0-50ed-b8e8-fa72877f7e16,1,Termurah,alternative,58.60,14000.0,1.0,0.21,4.11,3.49,26-35,Perempuan,Lainnya,>10 juta,Motor dan mobil,Belanja/Rekreasi,Beberapa kali sebulan,4.0,2.0,2.0,2.0,3.0,0
240,44f54f2d-66f0-50ed-b8e8-fa72877f7e16,2,Kendaraan Pribadi,private_vehicle,31.90,7500.0,0.0,0.00,3.83,2.40,26-35,Perempuan,Lainnya,>10 juta,Motor dan mobil,Belanja/Rekreasi,Beberapa kali sebulan,4.0,2.0,2.0,2.0,3.0,1
241,42c60f88-4f8a-561f-8aeb-8a788ab305af,0,Rekomendasi,time,109.00,7000.0,0.0,0.81,2.96,3.30,26-35,Perempuan,Lainnya,>10 juta,Motor dan mobil,Belanja/Rekreasi,Beberapa kali sebulan,4.0,2.0,2.0,2.0,3.0,0
241,42c60f88-4f8a-561f-8aeb-8a788ab305af,1,Kendaraan Pribadi,private_vehicle,79.00,23000.0,0.0,0.00,4.64,2.58,26-35,Perempuan,Lainnya,>10 juta,Motor dan mobil,Belanja/Rekreasi,Beberapa kali sebulan,4.0,2.0,2.0,2.0,3.0,1
242,75c35af3-734d-5e3c-8dcd-b61af6015e12,0,Tercepat,time,36.80,10000.0,0.0,0.91,3.69,4.22,18-25,Perempuan,Pelajar/Mahasiswa,1-3 juta,Motor,Sekolah/Kuliah,Beberapa kali seminggu,5.0,4.0,3.0,5.0,5.0,0
242,75c35af3-734d-5e3c-8dcd-b61af6015e12,1,Preferensi Saya,preference,48.90,13000.0,1.0,0.11,2.92,4.23,18-25,Perempuan,Pelajar/Mahasiswa,1-3 juta,Motor,Sekolah/Kuliah,Beberapa kali seminggu,5.0,4.0,3.0,5.0,5.0,0
242,75c35af3-734d-5e3c-8dcd-b61af6015e12,2,Kendaraan Pribadi,private_vehicle,25.90,5000.0,0.0,0.00,4.11,2.50,18-25,Perempuan,Pelajar/Mahasiswa,1-3 juta,Motor,Sekolah/Kuliah,Beberapa kali seminggu,5.0,4.0,3.0,5.0,5.0,1
243,335061f6-14cd-533d-92bd-8ca78f6b6435,0,Tercepat,time,60.40,5000.0,0.0,0.38,3.52,3.85,18-25,Perempuan,Pelajar/Mahasiswa,1-3 juta,Motor,Sekolah/Kuliah,Beberapa kali seminggu,5.0,4.0,3.0,5.0,5.0,1
243,335061f6-14cd-533d-92bd-8ca78f6b6435,1,Kendaraan Pribadi,private_vehicle,71.10,10000.0,0.0,0.00,3.83,3.05,18-25,Perempuan,Pelajar/Mahasiswa,1-3 juta,Motor,Sekolah/Kuliah,Beberapa kali seminggu,5.0,4.0,3.0,5.0,5.0,0
244,aafc4672-c5cf-5bfe-b6eb-1d6cac520bf7,0,Rekomendasi,time,61.90,5000.0,0.0,1.26,4.11,4.80,18-25,Perempuan,Pelajar/Mahasiswa,1-3 juta,Motor dan mobil,Kerja,Beberapa kali seminggu,2.0,5.0,4.0,2.0,3.0,1
244,aafc4672-c5cf-5bfe-b6eb-1d6cac520bf7,1,Termurah,alternative,62.30,7000.0,1.0,0.34,3.06,2.78,18-25,Perempuan,Pelajar/Mahasiswa,1-3 juta,Motor dan mobil,Kerja,Beberapa kali seminggu,2.0,5.0,4.0,2.0,3.0,0
244,aafc4672-c5cf-5bfe-b6eb-1d6cac520bf7,2,Kendaraan Pribadi,private_vehicle,51.50,11000.0,0.0,0.00,4.15,2.75,18-25,Perempuan,Pelajar/Mahasiswa,1-3 juta,Motor dan mobil,Kerja,Beberapa kali seminggu,2.0,5.0,4.0,2.0,3.0,0
245,8750bf65-208d-5660-9fb8-f253f65f57ef,0,Rekomendasi,time,62.30,5000.0,0.0,1.07,3.77,4.02,18-25,Perempuan,Pelajar/Mahasiswa,1-3 juta,Motor dan mobil,Sekolah/Kuliah,Beberapa kali seminggu,2.0,5.0,4.0,2.0,3.0,0
245,8750bf65-208d-5660-9fb8-f253f65f57ef,1,Kendaraan Pribadi,private_vehicle,36.50,9500.0,0.0,0.00,3.53,4.61,18-25,Perempuan,Pelajar/Mahasiswa,1-3 juta,Motor dan mobil,Sekolah/Kuliah,Beberapa kali seminggu,2.0,5.0,4.0,2.0,3.0,1
246,c9d44854-5437-5d37-b265-ab42009fede7,0,Termurah,cost,31.40,7000.0,0.0,0.44,3.40,3.32,18-25,Perempuan,Pelajar/Mahasiswa,<1 juta,Motor,Sekolah/Kuliah,Jarang/tidak pernah,3.0,4.0,3.0,1.0,4.0,0
246,c9d44854-5437-5d37-b265-ab42009fede7,1,Kendaraan Pribadi,private_vehicle,15.40,4500.0,0.0,0.00,3.95,2.88,18-25,Perempuan,Pelajar/Mahasiswa,<1 juta,Motor,Sekolah/Kuliah,Jarang/tidak pernah,3.0,4.0,3.0,1.0,4.0,1
247,16d59ac0-9c95-5986-b5fc-ba91f02cc67d,0,Rekomendasi,time,69.60,5000.0,0.0,0.61,4.30,4.16,18-25,Perempuan,Pelajar/Mahasiswa,<1 juta,Motor,Sekolah/Kuliah,Jarang/tidak pernah,3.0,4.0,3.0,1.0,4.0,0
247,16d59ac0-9c95-5986-b5fc-ba91f02cc67d,1,Kendaraan Pribadi,private_vehicle,45.50,17500.0,0.0,0.00,4.22,3.23,18-25,Perempuan,Pelajar/Mahasiswa,<1 juta,Motor,Sekolah/Kuliah,Jarang/tidak pernah,3.0,4.0,3.0,1.0,4.0,1
248,7baa50e4-bdc4-5d07-8623-3607eeb847b1,0,Rekomendasi,time,32.30,5000.0,0.0,0.31,3.95,4.57,18-25,Laki-laki,Pelajar/Mahasiswa,<1 juta,Motor,Sekolah/Kuliah,Beberapa kali seminggu,5.0,5.0,3.0,3.0,3.0,0
248,7baa50e4-bdc4-5d07-8623-3607eeb847b1,1,Preferensi Saya,preference,35.80,7000.0,1.0,0.26,2.55,3.30,18-25,Laki-laki,Pelajar/Mahasiswa,<1 juta,Motor,Sekolah/Kuliah,Beberapa kali seminggu,5.0,5.0,3.0,3.0,3.0,0
248,7baa50e4-bdc4-5d07-8623-3607eeb847b1,2,Kendaraan Pribadi,private_vehicle,27.70,5500.0,0.0,0.00,3.99,3.32,18-25,Laki-laki,Pelajar/Mahasiswa,<1 juta,Motor,Sekolah/Kuliah,Beberapa kali seminggu,5.0,5.0,3.0,3.0,3.0,1
249,e1d583fd-66a5-52ad-bb94-5795da313d73,0,Termurah,cost,79.50,5000.0,0.0,1.15,3.96,4.36,18-25,Laki-laki,Pelajar/Mahasiswa,<1 juta,Motor,Sekolah/Kuliah,Beberapa kali seminggu,5.0,5.0,3.0,3.0,3.0,0
249,e1d583fd-66a5-52ad-bb94-5795da313d73,1,Kendaraan Pribadi,private_vehicle,46.30,14500.0,0.0,0.00,4.20,3.86,18-25,Laki-laki,Pelajar/Mahasiswa,<1 juta,Motor,Sekolah/Kuliah,Beberapa kali seminggu,5.0,5.0,3.0,3.0,3.0,1
250,0c3aaa6f-2adf-578d-8f02-44783adde897,0,Tercepat,time,69.40,5000.0,0.0,0.83,4.33,4.16,26-35,Laki-laki,Wiraswasta,1-3 juta,Mobil,Lainnya,Beberapa kali sebulan,4.0,4.0,4.0,5.0,2.0,1
250,0c3aaa6f-2adf-578d-8f02-44783adde897,1,Rekomendasi,alternative,77.50,7000.0,1.0,0.09,3.23,4.32,26-35,Laki-laki,Wiraswasta,1-3 juta,Mobil,Lainnya,Beberapa kali sebulan,4.0,4.0,4.0,5.0,2.0,0
250,0c3aaa6f-2adf-578d-8f02-44783adde897,2,Kendaraan Pribadi,private_vehicle,68.00,13500.0,0.0,0.00,4.21,3.03,26-35,Laki-laki,Wiraswasta,1-3 juta,Mobil,Lainnya,Beberapa kali sebulan,4.0,4.0,4.0,5.0,2.0,0
251,04be40e7-39f2-53ff-9371-7057a0d10bc7,0,Tercepat,time,86.60,5000.0,0.0,0.87,3.11,2.57,26-35,Laki-laki,Wiraswasta,1-3 juta,Mobil,Belanja/Rekreasi,Beberapa kali sebulan,4.0,4.0,4.0,5.0,2.0,0
251,04be40e7-39f2-53ff-9371-7057a0d10bc7,1,Kendaraan Pribadi,private_vehicle,55.50,15500.0,0.0,0.00,4.16,2.65,26-35,Laki-laki,Wiraswasta,1-3 juta,Mobil,Belanja/Rekreasi,Beberapa kali sebulan,4.0,4.0,4.0,5.0,2.0,1
252,75090677-0a0e-5af7-a18b-3c067bf0888e,0,Termurah,cost,38.90,5000.0,0.0,0.57,3.26,4.32,26-35,Laki-laki,Lainnya,3-5 juta,Motor dan mobil,Kerja,Jarang/tidak pernah,3.0,5.0,4.0,5.0,4.0,0
252,75090677-0a0e-5af7-a18b-3c067bf0888e,1,Rekomendasi,alternative,42.50,8000.0,1.0,0.22,3.38,3.34,26-35,Laki-laki,Lainnya,3-5 juta,Motor dan mobil,Kerja,Jarang/tidak pernah,3.0,5.0,4.0,5.0,4.0,0
252,75090677-0a0e-5af7-a18b-3c067bf0888e,2,Kendaraan Pribadi,private_vehicle,22.80,5500.0,0.0,0.00,4.08,2.77,26-35,Laki-laki,Lainnya,3-5 juta,Motor dan mobil,Kerja,Jarang/tidak pernah,3.0,5.0,4.0,5.0,4.0,1
253,7b84cc07-ee3f-574c-873e-9892322b86fd,0,Tercepat,time,53.40,5000.0,0.0,0.45,3.50,4.16,26-35,Laki-laki,Lainnya,3-5 juta,Motor dan mobil,Belanja/Rekreasi,Jarang/tidak pernah,3.0,5.0,4.0,5.0,4.0,0
253,7b84cc07-ee3f-574c-873e-9892322b86fd,1,Kendaraan Pribadi,private_vehicle,54.10,14500.0,0.0,0.00,4.62,3.18,26-35,Laki-laki,Lainnya,3-5 juta,Motor dan mobil,Belanja/Rekreasi,Jarang/tidak pernah,3.0,5.0,4.0,5.0,4.0,1
254,812f1689-1fe1-5f18-997e-b2902986f40c,0,Rekomendasi,time,55.40,5000.0,0.0,0.36,3.45,4.02,26-35,Perempuan,Lainnya,5-10 juta,Motor dan mobil,Kerja,Beberapa kali seminggu,3.0,3.0,2.0,5.0,4.0,1
254,812f1689-1fe1-5f18-997e-b2902986f40c,1,Tercepat,alternative,65.50,8000.0,1.0,0.35,3.68,3.94,26-35,Perempuan,Lainnya,5-10 juta,Motor dan mobil,Kerja,Beberapa kali seminggu,3.0,3.0,2.0,5.0,4.0,0
254,812f1689-1fe1-5f18-997e-b2902986f40c,2,Kendaraan Pribadi,private_vehicle,67.10,11000.0,0.0,0.00,4.24,3.80,26-35,Perempuan,Lainnya,5-10 juta,Motor dan mobil,Kerja,Beberapa kali seminggu,3.0,3.0,2.0,5.0,4.0,0
255,cb9a1704-8033-5c9a-9dc2-54bb86049278,0,Preferensi Saya,preference,48.00,5000.0,0.0,0.68,3.42,5.00,26-35,Perempuan,Lainnya,5-10 juta,Motor dan mobil,Kerja,Beberapa kali seminggu,3.0,3.0,2.0,5.0,4.0,1
255,cb9a1704-8033-5c9a-9dc2-54bb86049278,1,Kendaraan Pribadi,private_vehicle,33.70,10000.0,0.0,0.00,4.31,3.61,26-35,Perempuan,Lainnya,5-10 juta,Motor dan mobil,Kerja,Beberapa kali seminggu,3.0,3.0,2.0,5.0,4.0,0
256,fcfbdf5b-e382-5ccd-8d36-a55a3474481d,0,Termurah,cost,58.90,7000.0,0.0,0.31,2.36,2.54,18-25,Laki-laki,Pelajar/Mahasiswa,1-3 juta,Motor,Kerja,Beberapa kali sebulan,4.0,5.0,5.0,2.0,2.0,0
256,fcfbdf5b-e382-5ccd-8d36-a55a3474481d,1,Kendaraan Pribadi,private_vehicle,27.40,9000.0,0.0,0.00,3.80,3.90,18-25,Laki-laki,Pelajar/Mahasiswa,1-3 juta,Motor,Kerja,Beberapa kali sebulan,4.0,5.0,5.0,2.0,2.0,1
257,dff680a4-1af9-5a1c-9c47-e8a075061463,0,Rekomendasi,time,34.10,5000.0,0.0,0.44,3.05,4.43,18-25,Laki-laki,Pelajar/Mahasiswa,1-3 juta,Motor,Sekolah/Kuliah,Beberapa kali sebulan,4.0,5.0,5.0,2.0,2.0,0
257,dff680a4-1af9-5a1c-9c47-e8a075061463,1,Kendaraan Pribadi,private_vehicle,23.60,5500.0,0.0,0.00,3.64,2.90,18-25,Laki-laki,Pelajar/Mahasiswa,1-3 juta,Motor,Sekolah/Kuliah,Beberapa kali sebulan,4.0,5.0,5.0,2.0,2.0,1
258,43774e7d-ca00-5aac-b5fa-f4dba6ecbd34,0,Rekomendasi,time,53.50,5000.0,0.0,0.45,4.24,3.90,26-35,Perempuan,Pelajar/Mahasiswa,1-3 juta,Motor dan mobil,Sekolah/Kuliah,Beberapa kali seminggu,3.0,1.0,5.0,5.0,1.0,0
258,43774e7d-ca00-5aac-b5fa-f4dba6ecbd34,1,Tercepat,alternative,65.50,9000.0,1.0,0.18,3.56,3.16,26-35,Perempuan,Pelajar/Mahasiswa,1-3 juta,Motor dan mobil,Sekolah/Kuliah,Beberapa kali seminggu,3.0,1.0,5.0,5.0,1.0,0
258,43774e7d-ca00-5aac-b5fa-f4dba6ecbd34,2,Kendaraan Pribadi,private_vehicle,55.80,11000.0,0.0,0.00,4.01,3.91,26-35,Perempuan,Pelajar/Mahasiswa,1-3 juta,Motor dan mobil,Sekolah/Kuliah,Beberapa kali seminggu,3.0,1.0,5.0,5.0,1.0,1
259,ce3dedfb-931e-5efa-9ffd-bb4432d981d1,0,Tercepat,time,45.00,5000.0,0.0,1.33,3.75,4.42,26-35,Perempuan,Pelajar/Mahasiswa,1-3 juta,Motor dan mobil,Sekolah/Kuliah,Beberapa kali seminggu,3.0,1.0,5.0,5.0,1.0,0
259,ce3dedfb-931e-5efa-9ffd-bb4432d981d1,1,Kendaraan Pribadi,private_vehicle,18.00,5000.0,0.0,0.00,3.52,3.07,26-35,Perempuan,Pelajar/Mahasiswa,1-3 juta,Motor dan mobil,Sekolah/Kuliah,Beberapa kali seminggu,3.0,1.0,5.0,5.0,1.0,1
260,36c6e258-959e-5fde-9dea-43c9ea61c9f5,0,Preferensi Saya,preference,45.60,5000.0,0.0,0.15,3.09,3.76,18-25,Perempuan,PNS/TNI/Polri,1-3 juta,Motor,Kerja,Jarang/tidak pernah,2.0,2.0,1.0,4.0,4.0,1
260,36c6e258-959e-5fde-9dea-43c9ea61c9f5,1,Tercepat,alternative,59.80,7000.0,1.0,0.30,3.79,3.40,18-25,Perempuan,PNS/TNI/Polri,1-3 juta,Motor,Kerja,Jarang/tidak pernah,2.0,2.0,1.0,4.0,4.0,0
260,36c6e258-959e-5fde-9dea-43c9ea61c9f5,2,Kendaraan Pribadi,private_vehicle,41.10,7500.0,0.0,0.00,3.05,3.54,18-25,Perempuan,PNS/TNI/Polri,1-3 juta,Motor,Kerja,Jarang/tidak pernah,2.0,2.0,1.0,4.0,4.0,0
261,b655d871-b650-5ea4-8543-7f96c0305b40,0,Tercepat,time,103.50,6000.0,0.0,0.54,2.81,2.91,18-25,Perempuan,PNS/TNI/Polri,1-3 juta,Motor,Lainnya,Jarang/tidak pernah,2.0,2.0,1.0,4.0,4.0,0
261,b655d871-b650-5ea4-8543-7f96c0305b40,1,Kendaraan Pribadi,private_vehicle,55.10,11000.0,0.0,0.00,3.99,4.07,18-25,Perempuan,PNS/TNI/Polri,1-3 juta,Motor,Lainnya,Jarang/tidak pernah,2.0,2.0,1.0,4.0,4.0,1
262,e8d25751-6cf8-5eaf-9771-b81fc1eef48d,0,Termurah,cost,59.00,5000.0,0.0,0.25,4.53,4.12,>50,Laki-laki,Wiraswasta,5-10 juta,Mobil,Kerja,Jarang/tidak pernah,2.0,2.0,4.0,4.0,4.0,1
262,e8d25751-6cf8-5eaf-9771-b81fc1eef48d,1,Tercepat,alternative,65.90,9000.0,1.0,0.24,3.36,3.31,>50,Laki-laki,Wiraswasta,5-10 juta,Mobil,Kerja,Jarang/tidak pernah,2.0,2.0,4.0,4.0,4.0,0
262,e8d25751-6cf8-5eaf-9771-b81fc1eef48d,2,Kendaraan Pribadi,private_vehicle,70.90,23500.0,0.0,0.00,4.09,3.20,>50,Laki-laki,Wiraswasta,5-10 juta,Mobil,Kerja,Jarang/tidak pernah,2.0,2.0,4.0,4.0,4.0,0
263,ce740706-73d9-5166-b933-48c5b97b1a5b,0,Rekomendasi,time,40.80,5000.0,0.0,1.05,3.91,4.29,>50,Laki-laki,Wiraswasta,5-10 juta,Mobil,Kerja,Jarang/tidak pernah,2.0,2.0,4.0,4.0,4.0,1
263,ce740706-73d9-5166-b933-48c5b97b1a5b,1,Kendaraan Pribadi,private_vehicle,28.70,8000.0,0.0,0.00,4.07,3.53,>50,Laki-laki,Wiraswasta,5-10 juta,Mobil,Kerja,Jarang/tidak pernah,2.0,2.0,4.0,4.0,4.0,0
264,e2bb9502-521a-5a09-b54d-4bbb79c453fb,0,Preferensi Saya,preference,43.20,10000.0,0.0,0.35,4.55,3.89,>50,Perempuan,Lainnya,3-5 juta,Motor,Kerja,Beberapa kali sebulan,4.0,1.0,5.0,5.0,3.0,0
264,e2bb9502-521a-5a09-b54d-4bbb79c453fb,1,Rekomendasi,alternative,54.00,14000.0,1.0,0.30,4.17,3.91,>50,Perempuan,Lainnya,3-5 juta,Motor,Kerja,Beberapa kali sebulan,4.0,1.0,5.0,5.0,3.0,0
264,e2bb9502-521a-5a09-b54d-4bbb79c453fb,2,Kendaraan Pribadi,private_vehicle,36.30,6500.0,0.0,0.00,4.50,3.30,>50,Perempuan,Lainnya,3-5 juta,Motor,Kerja,Beberapa kali sebulan,4.0,1.0,5.0,5.0,3.0,1
265,3c926650-233b-5971-af95-aad111239007,0,Rekomendasi,time,49.30,5000.0,0.0,1.12,3.56,4.36,>50,Perempuan,Lainnya,3-5 juta,Motor,Kerja,Beberapa kali sebulan,4.0,1.0,5.0,5.0,3.0,0
265,3c926650-233b-5971-af95-aad111239007,1,Kendaraan Pribadi,private_vehicle,28.10,6500.0,0.0,0.00,4.17,3.71,>50,Perempuan,Lainnya,3-5 juta,Motor,Kerja,Beberapa kali sebulan,4.0,1.0,5.0,5.0,3.0,1
266,58cd5e94-75c1-5a43-a1f2-451b38c33d65,0,Rekomendasi,time,50.40,5000.0,0.0,0.62,4.05,3.67,26-35,Laki-laki,Wiraswasta,3-5 juta,Motor dan mobil,Kerja,Beberapa kali seminggu,3.0,2.0,4.0,1.0,4.0,0
266,58cd5e94-75c1-5a43-a1f2-451b38c33d65,1,Tercepat,alternative,54.80,9000.0,1.0,0.29,3.37,3.08,26-35,Laki-laki,Wiraswasta,3-5 juta,Motor dan mobil,Kerja,Beberapa kali seminggu,3.0,2.0,4.0,1.0,4.0,0
266,58cd5e94-75c1-5a43-a1f2-451b38c33d65,2,Kendaraan Pribadi,private_vehicle,38.40,15000.0,0.0,0.00,4.34,3.10,26-35,Laki-laki,Wiraswasta,3-5 juta,Motor dan mobil,Kerja,Beberapa kali seminggu,3.0,2.0,4.0,1.0,4.0,1
267,124aa6f7-9c3f-503c-a99d-7739a9f0cb61,0,Tercepat,time,50.40,5000.0,0.0,0.35,4.17,4.24,26-35,Laki-laki,Wiraswasta,3-5 juta,Motor dan mobil,Kerja,Beberapa kali seminggu,3.0,2.0,4.0,1.0,4.0,0
267,124aa6f7-9c3f-503c-a99d-7739a9f0cb61,1,Kendaraan Pribadi,private_vehicle,36.90,7500.0,0.0,0.00,3.91,3.65,26-35,Laki-laki,Wiraswasta,3-5 juta,Motor dan mobil,Kerja,Beberapa kali seminggu,3.0,2.0,4.0,1.0,4.0,1
268,03ccd31c-c836-5922-8773-2289be1e5969,0,Rekomendasi,time,34.60,10000.0,0.0,0.62,4.13,4.20,18-25,Laki-laki,Pelajar/Mahasiswa,1-3 juta,Motor,Belanja/Rekreasi,Jarang/tidak pernah,5.0,3.0,2.0,4.0,3.0,0
268,03ccd31c-c836-5922-8773-2289be1e5969,1,Preferensi Saya,preference,44.90,13000.0,1.0,0.29,3.26,4.11,18-25,Laki-laki,Pelajar/Mahasiswa,1-3 juta,Motor,Belanja/Rekreasi,Jarang/tidak pernah,5.0,3.0,2.0,4.0,3.0,0
268,03ccd31c-c836-5922-8773-2289be1e5969,2,Kendaraan Pribadi,private_vehicle,15.30,5000.0,0.0,0.00,4.30,2.99,18-25,Laki-laki,Pelajar/Mahasiswa,1-3 juta,Motor,Belanja/Rekreasi,Jarang/tidak pernah,5.0,3.0,2.0,4.0,3.0,1
269,07108681-6710-536c-8fb1-6ba2fd6fc0a1,0,Tercepat,time,62.10,5000.0,0.0,0.69,3.29,4.49,18-25,Laki-laki,Pelajar/Mahasiswa,1-3 juta,Motor,Sekolah/Kuliah,Jarang/tidak pernah,5.0,3.0,2.0,4.0,3.0,0
269,07108681-6710-536c-8fb1-6ba2fd6fc0a1,1,Kendaraan Pribadi,private_vehicle,34.60,12000.0,0.0,0.00,3.29,2.91,18-25,Laki-laki,Pelajar/Mahasiswa,1-3 juta,Motor,Sekolah/Kuliah,Jarang/tidak pernah,5.0,3.0,2.0,4.0,3.0,1
270,35e40a8b-61f8-5a95-bc70-b3c0a221c84c,0,Rekomendasi,time,45.90,5000.0,0.0,1.32,3.12,4.92,18-25,Perempuan,Pelajar/Mahasiswa,1-3 juta,Motor,Sekolah/Kuliah,Beberapa kali seminggu,5.0,3.0,5.0,3.0,4.0,0
270,35e40a8b-61f8-5a95-bc70-b3c0a221c84c,1,Termurah,alternative,52.80,8000.0,1.0,0.16,3.88,4.12,18-25,Perempuan,Pelajar/Mahasiswa,1-3 juta,Motor,Sekolah/Kuliah,Beberapa kali seminggu,5.0,3.0,5.0,3.0,4.0,0
270,35e40a8b-61f8-5a95-bc70-b3c0a221c84c,2,Kendaraan Pribadi,private_vehicle,23.60,8000.0,0.0,0.00,4.34,3.33,18-25,Perempuan,Pelajar/Mahasiswa,1-3 juta,Motor,Sekolah/Kuliah,Beberapa kali seminggu,5.0,3.0,5.0,3.0,4.0,1
271,6a9c48d5-90d7-5426-9cfc-715249e43993,0,Tercepat,time,67.40,5000.0,0.0,1.19,4.09,4.95,18-25,Perempuan,Pelajar/Mahasiswa,1-3 juta,Motor,Belanja/Rekreasi,Beberapa kali seminggu,5.0,3.0,5.0,3.0,4.0,0
271,6a9c48d5-90d7-5426-9cfc-715249e43993,1,Kendaraan Pribadi,private_vehicle,41.70,12500.0,0.0,0.00,4.09,3.09,18-25,Perempuan,Pelajar/Mahasiswa,1-3 juta,Motor,Belanja/Rekreasi,Beberapa kali seminggu,5.0,3.0,5.0,3.0,4.0,1
272,bd8abd5b-7846-52a0-acf4-379adf6ea2aa,0,Rekomendasi,time,56.10,5000.0,0.0,0.59,4.65,4.51,18-25,Perempuan,Pelajar/Mahasiswa,1-3 juta,Motor,Kerja,Beberapa kali seminggu,4.0,3.0,4.0,5.0,5.0,1
272,bd8abd5b-7846-52a0-acf4-379adf6ea2aa,1,Tercepat,alternative,58.10,7000.0,1.0,0.30,4.16,2.75,18-25,Perempuan,Pelajar/Mahasiswa,1-3 juta,Motor,Kerja,Beberapa kali seminggu,4.0,3.0,4.0,5.0,5.0,0
272,bd8abd5b-7846-52a0-acf4-379adf6ea2aa,2,Kendaraan Pribadi,private_vehicle,40.40,12500.0,0.0,0.00,3.48,2.94,18-25,Perempuan,Pelajar/Mahasiswa,1-3 juta,Motor,Kerja,Beberapa kali seminggu,4.0,3.0,4.0,5.0,5.0,0
273,e76c7204-35d8-5874-a2e3-1c2fd7d68826,0,Tercepat,time,60.80,5000.0,0.0,0.40,4.41,3.77,18-25,Perempuan,Pelajar/Mahasiswa,1-3 juta,Motor,Sekolah/Kuliah,Beberapa kali seminggu,4.0,3.0,4.0,5.0,5.0,1
273,e76c7204-35d8-5874-a2e3-1c2fd7d68826,1,Kendaraan Pribadi,private_vehicle,34.60,13000.0,0.0,0.00,4.03,3.22,18-25,Perempuan,Pelajar/Mahasiswa,1-3 juta,Motor,Sekolah/Kuliah,Beberapa kali seminggu,4.0,3.0,4.0,5.0,5.0,0
274,3cfda2c3-7ee7-55ac-ae07-a28b901da28f,0,Preferensi Saya,preference,60.50,7000.0,0.0,0.45,2.55,3.28,36-50,Perempuan,Wiraswasta,3-5 juta,Motor dan mobil,Kerja,Beberapa kali seminggu,4.0,3.0,2.0,2.0,1.0,0
274,3cfda2c3-7ee7-55ac-ae07-a28b901da28f,1,Kendaraan Pribadi,private_vehicle,29.80,11000.0,0.0,0.00,3.70,2.51,36-50,Perempuan,Wiraswasta,3-5 juta,Motor dan mobil,Kerja,Beberapa kali seminggu,4.0,3.0,2.0,2.0,1.0,1
275,cb17c367-a4ea-5914-bf0a-fe8593cb3093,0,Tercepat,time,37.00,5000.0,0.0,0.30,3.92,4.57,36-50,Perempuan,Wiraswasta,3-5 juta,Motor dan mobil,Kerja,Beberapa kali seminggu,4.0,3.0,2.0,2.0,1.0,1
275,cb17c367-a4ea-5914-bf0a-fe8593cb3093,1,Kendaraan Pribadi,private_vehicle,30.50,7000.0,0.0,0.00,4.31,3.25,36-50,Perempuan,Wiraswasta,3-5 juta,Motor dan mobil,Kerja,Beberapa kali seminggu,4.0,3.0,2.0,2.0,1.0,0
276,9c557e57-b78d-5561-ab58-905fdc2ec1f1,0,Termurah,cost,62.20,10000.0,0.0,0.45,3.76,4.16,18-25,Laki-laki,Pelajar/Mahasiswa,1-3 juta,Motor,Sekolah/Kuliah,Setiap hari,2.0,3.0,5.0,4.0,4.0,1
276,9c557e57-b78d-5561-ab58-905fdc2ec1f1,1,Preferensi Saya,preference,71.20,14000.0,1.0,0.30,1.97,3.09,18-25,Laki-laki,Pelajar/Mahasiswa,1-3 juta,Motor,Sekolah/Kuliah,Setiap hari,2.0,3.0,5.0,4.0,4.0,0
276,9c557e57-b78d-5561-ab58-905fdc2ec1f1,2,Kendaraan Pribadi,private_vehicle,58.30,12500.0,0.0,0.00,3.57,3.46,18-25,Laki-laki,Pelajar/Mahasiswa,1-3 juta,Motor,Sekolah/Kuliah,Setiap hari,2.0,3.0,5.0,4.0,4.0,0
277,8354ad53-0741-58b7-9cbe-12da61d17ca5,0,Termurah,cost,66.40,10000.0,0.0,0.49,3.31,4.56,18-25,Laki-laki,Pelajar/Mahasiswa,1-3 juta,Motor,Sekolah/Kuliah,Setiap hari,2.0,3.0,5.0,4.0,4.0,0
277,8354ad53-0741-58b7-9cbe-12da61d17ca5,1,Kendaraan Pribadi,private_vehicle,59.00,11500.0,0.0,0.00,3.90,3.59,18-25,Laki-laki,Pelajar/Mahasiswa,1-3 juta,Motor,Sekolah/Kuliah,Setiap hari,2.0,3.0,5.0,4.0,4.0,1
278,252a03a9-ea61-50e4-b9e8-711e7d94220c,0,Rekomendasi,time,39.60,5000.0,0.0,0.43,4.07,4.51,18-25,Laki-laki,Pelajar/Mahasiswa,<1 juta,Motor dan mobil,Belanja/Rekreasi,Beberapa kali seminggu,3.0,3.0,5.0,3.0,5.0,0
278,252a03a9-ea61-50e4-b9e8-711e7d94220c,1,Termurah,alternative,47.60,9000.0,1.0,0.38,3.38,3.42,18-25,Laki-laki,Pelajar/Mahasiswa,<1 juta,Motor dan mobil,Belanja/Rekreasi,Beberapa kali seminggu,3.0,3.0,5.0,3.0,5.0,0
278,252a03a9-ea61-50e4-b9e8-711e7d94220c,2,Kendaraan Pribadi,private_vehicle,21.80,8000.0,0.0,0.00,4.05,3.12,18-25,Laki-laki,Pelajar/Mahasiswa,<1 juta,Motor dan mobil,Belanja/Rekreasi,Beberapa kali seminggu,3.0,3.0,5.0,3.0,5.0,1
279,59c8e96b-a8c3-5a53-935e-4aa856350254,0,Tercepat,time,39.70,5000.0,0.0,0.19,2.46,4.15,18-25,Laki-laki,Pelajar/Mahasiswa,<1 juta,Motor dan mobil,Sekolah/Kuliah,Beberapa kali seminggu,3.0,3.0,5.0,3.0,5.0,0
279,59c8e96b-a8c3-5a53-935e-4aa856350254,1,Kendaraan Pribadi,private_vehicle,19.80,6500.0,0.0,0.00,3.74,3.03,18-25,Laki-laki,Pelajar/Mahasiswa,<1 juta,Motor dan mobil,Sekolah/Kuliah,Beberapa kali seminggu,3.0,3.0,5.0,3.0,5.0,1
280,68d44e1f-1bcc-55cf-b0eb-e5b36199ab9a,0,Preferensi Saya,preference,48.80,5000.0,0.0,0.92,3.88,4.68,>50,Perempuan,Lainnya,3-5 juta,Motor,Kerja,Setiap hari,3.0,2.0,3.0,1.0,2.0,0
280,68d44e1f-1bcc-55cf-b0eb-e5b36199ab9a,1,Termurah,alternative,59.20,7000.0,1.0,0.32,3.51,3.54,>50,Perempuan,Lainnya,3-5 juta,Motor,Kerja,Setiap hari,3.0,2.0,3.0,1.0,2.0,0
280,68d44e1f-1bcc-55cf-b0eb-e5b36199ab9a,2,Kendaraan Pribadi,private_vehicle,39.20,9000.0,0.0,0.00,4.26,3.50,>50,Perempuan,Lainnya,3-5 juta,Motor,Kerja,Setiap hari,3.0,2.0,3.0,1.0,2.0,1
281,a5774584-2f17-58a8-b3b8-ac78d7378df6,0,Rekomendasi,time,61.00,5000.0,0.0,1.31,3.93,4.20,>50,Perempuan,Lainnya,3-5 juta,Motor,Belanja/Rekreasi,Setiap hari,3.0,2.0,3.0,1.0,2.0,0
281,a5774584-2f17-58a8-b3b8-ac78d7378df6,1,Kendaraan Pribadi,private_vehicle,33.60,12000.0,0.0,0.00,3.95,3.43,>50,Perempuan,Lainnya,3-5 juta,Motor,Belanja/Rekreasi,Setiap hari,3.0,2.0,3.0,1.0,2.0,1
282,ba8b997c-3349-50de-9a0d-af066c3a6e82,0,Termurah,cost,57.30,5000.0,0.0,0.30,3.78,4.13,18-25,Laki-laki,Pelajar/Mahasiswa,1-3 juta,Motor dan mobil,Sekolah/Kuliah,Jarang/tidak pernah,5.0,3.0,3.0,4.0,5.0,1
282,ba8b997c-3349-50de-9a0d-af066c3a6e82,1,Preferensi Saya,preference,64.50,8000.0,1.0,0.28,3.87,3.78,18-25,Laki-laki,Pelajar/Mahasiswa,1-3 juta,Motor dan mobil,Sekolah/Kuliah,Jarang/tidak pernah,5.0,3.0,3.0,4.0,5.0,0
282,ba8b997c-3349-50de-9a0d-af066c3a6e82,2,Kendaraan Pribadi,private_vehicle,48.70,16500.0,0.0,0.00,3.88,3.28,18-25,Laki-laki,Pelajar/Mahasiswa,1-3 juta,Motor dan mobil,Sekolah/Kuliah,Jarang/tidak pernah,5.0,3.0,3.0,4.0,5.0,0
283,f8f236db-d768-58a8-a8fe-136627a21d35,0,Tercepat,time,34.90,5000.0,0.0,0.43,3.43,4.59,18-25,Laki-laki,Pelajar/Mahasiswa,1-3 juta,Motor dan mobil,Belanja/Rekreasi,Jarang/tidak pernah,5.0,3.0,3.0,4.0,5.0,0
283,f8f236db-d768-58a8-a8fe-136627a21d35,1,Kendaraan Pribadi,private_vehicle,21.60,6500.0,0.0,0.00,4.25,2.93,18-25,Laki-laki,Pelajar/Mahasiswa,1-3 juta,Motor dan mobil,Belanja/Rekreasi,Jarang/tidak pernah,5.0,3.0,3.0,4.0,5.0,1
284,7b96681a-5faa-50ad-8ada-73e88ad4b871,0,Preferensi Saya,preference,77.30,5000.0,0.0,0.95,3.15,4.09,18-25,Laki-laki,Pelajar/Mahasiswa,<1 juta,Motor,Sekolah/Kuliah,Jarang/tidak pernah,5.0,4.0,3.0,3.0,3.0,0
284,7b96681a-5faa-50ad-8ada-73e88ad4b871,1,Termurah,alternative,86.80,9000.0,1.0,0.21,2.81,3.78,18-25,Laki-laki,Pelajar/Mahasiswa,<1 juta,Motor,Sekolah/Kuliah,Jarang/tidak pernah,5.0,4.0,3.0,3.0,3.0,0
284,7b96681a-5faa-50ad-8ada-73e88ad4b871,2,Kendaraan Pribadi,private_vehicle,69.60,10500.0,0.0,0.00,3.72,3.24,18-25,Laki-laki,Pelajar/Mahasiswa,<1 juta,Motor,Sekolah/Kuliah,Jarang/tidak pernah,5.0,4.0,3.0,3.0,3.0,1
285,e6bd1ebb-38ca-5019-ba55-71546f154ac5,0,Termurah,cost,65.90,6000.0,0.0,0.39,2.95,2.80,18-25,Laki-laki,Pelajar/Mahasiswa,<1 juta,Motor,Sekolah/Kuliah,Jarang/tidak pernah,5.0,4.0,3.0,3.0,3.0,0
285,e6bd1ebb-38ca-5019-ba55-71546f154ac5,1,Kendaraan Pribadi,private_vehicle,38.60,10000.0,0.0,0.00,3.95,3.67,18-25,Laki-laki,Pelajar/Mahasiswa,<1 juta,Motor,Sekolah/Kuliah,Jarang/tidak pernah,5.0,4.0,3.0,3.0,3.0,1
286,66fc4e10-fc99-507a-b9bf-549baa935a7e,0,Termurah,cost,41.00,10000.0,0.0,0.13,4.55,3.97,26-35,Laki-laki,Pelajar/Mahasiswa,<1 juta,Motor,Sekolah/Kuliah,Beberapa kali sebulan,3.0,3.0,2.0,3.0,3.0,0
286,66fc4e10-fc99-507a-b9bf-549baa935a7e,1,Rekomendasi,alternative,47.90,12000.0,1.0,0.09,3.87,2.90,26-35,Laki-laki,Pelajar/Mahasiswa,<1 juta,Motor,Sekolah/Kuliah,Beberapa kali sebulan,3.0,3.0,2.0,3.0,3.0,0
286,66fc4e10-fc99-507a-b9bf-549baa935a7e,2,Kendaraan Pribadi,private_vehicle,21.00,7500.0,0.0,0.00,4.29,3.23,26-35,Laki-laki,Pelajar/Mahasiswa,<1 juta,Motor,Sekolah/Kuliah,Beberapa kali sebulan,3.0,3.0,2.0,3.0,3.0,1
287,be1a85b4-a0b5-50a2-8e48-7ba76ac6a19c,0,Rekomendasi,time,42.50,5000.0,0.0,0.18,4.22,3.93,26-35,Laki-laki,Pelajar/Mahasiswa,<1 juta,Motor,Sekolah/Kuliah,Beberapa kali sebulan,3.0,3.0,2.0,3.0,3.0,0
287,be1a85b4-a0b5-50a2-8e48-7ba76ac6a19c,1,Kendaraan Pribadi,private_vehicle,42.20,8500.0,0.0,0.00,3.55,3.48,26-35,Laki-laki,Pelajar/Mahasiswa,<1 juta,Motor,Sekolah/Kuliah,Beberapa kali sebulan,3.0,3.0,2.0,3.0,3.0,1
288,eb10ecf3-99e3-563c-ba50-e5dc9598f7d3,0,Rekomendasi,time,35.70,5000.0,0.0,0.22,3.53,4.70,18-25,Laki-laki,Pelajar/Mahasiswa,<1 juta,Motor,Sekolah/Kuliah,Beberapa kali seminggu,2.0,5.0,1.0,4.0,2.0,1
288,eb10ecf3-99e3-563c-ba50-e5dc9598f7d3,1,Tercepat,alternative,45.50,9000.0,1.0,0.24,3.86,3.85,18-25,Laki-laki,Pelajar/Mahasiswa,<1 juta,Motor,Sekolah/Kuliah,Beberapa kali seminggu,2.0,5.0,1.0,4.0,2.0,0
288,eb10ecf3-99e3-563c-ba50-e5dc9598f7d3,2,Kendaraan Pribadi,private_vehicle,24.30,8000.0,0.0,0.00,3.93,2.70,18-25,Laki-laki,Pelajar/Mahasiswa,<1 juta,Motor,Sekolah/Kuliah,Beberapa kali seminggu,2.0,5.0,1.0,4.0,2.0,0
289,126a87e8-cf8a-5bc4-80bd-afd2c5c61335,0,Rekomendasi,time,55.60,5000.0,0.0,0.25,4.25,4.28,18-25,Laki-laki,Pelajar/Mahasiswa,<1 juta,Motor,Sekolah/Kuliah,Beberapa kali seminggu,2.0,5.0,1.0,4.0,2.0,1
289,126a87e8-cf8a-5bc4-80bd-afd2c5c61335,1,Kendaraan Pribadi,private_vehicle,55.40,10500.0,0.0,0.00,3.78,3.57,18-25,Laki-laki,Pelajar/Mahasiswa,<1 juta,Motor,Sekolah/Kuliah,Beberapa kali seminggu,2.0,5.0,1.0,4.0,2.0,0
290,a18eb9d3-8b11-5f76-8d1a-c87176fb0164,0,Tercepat,time,41.20,5000.0,0.0,0.28,3.95,2.62,36-50,Perempuan,Karyawan,1-3 juta,Motor,Belanja/Rekreasi,Setiap hari,1.0,4.0,5.0,3.0,4.0,0
290,a18eb9d3-8b11-5f76-8d1a-c87176fb0164,1,Kendaraan Pribadi,private_vehicle,22.30,6500.0,0.0,0.00,3.79,3.02,36-50,Perempuan,Karyawan,1-3 juta,Motor,Belanja/Rekreasi,Setiap hari,1.0,4.0,5.0,3.0,4.0,1
291,a1ff0763-08d4-59fb-be7b-096903e35b44,0,Termurah,cost,38.00,5000.0,0.0,0.58,4.16,4.35,36-50,Perempuan,Karyawan,1-3 juta,Motor,Sekolah/Kuliah,Setiap hari,1.0,4.0,5.0,3.0,4.0,0
291,a1ff0763-08d4-59fb-be7b-096903e35b44,1,Kendaraan Pribadi,private_vehicle,13.90,6500.0,0.0,0.00,4.20,3.35,36-50,Perempuan,Karyawan,1-3 juta,Motor,Sekolah/Kuliah,Setiap hari,1.0,4.0,5.0,3.0,4.0,1
292,8e5f7242-2e4e-5afc-885c-22755a06449c,0,Termurah,cost,58.50,10000.0,0.0,0.24,3.44,4.22,18-25,Perempuan,Pelajar/Mahasiswa,<1 juta,Mobil,Sekolah/Kuliah,Jarang/tidak pernah,1.0,5.0,5.0,4.0,5.0,0
292,8e5f7242-2e4e-5afc-885c-22755a06449c,1,Rekomendasi,alternative,71.40,12000.0,1.0,0.18,2.42,3.62,18-25,Perempuan,Pelajar/Mahasiswa,<1 juta,Mobil,Sekolah/Kuliah,Jarang/tidak pernah,1.0,5.0,5.0,4.0,5.0,0
292,8e5f7242-2e4e-5afc-885c-22755a06449c,2,Kendaraan Pribadi,private_vehicle,49.40,15500.0,0.0,0.00,4.82,2.16,18-25,Perempuan,Pelajar/Mahasiswa,<1 juta,Mobil,Sekolah/Kuliah,Jarang/tidak pernah,1.0,5.0,5.0,4.0,5.0,1
293,44da20f3-cf1e-50e7-af8f-3c1441eca737,0,Termurah,cost,49.70,5000.0,0.0,0.99,4.43,3.95,18-25,Perempuan,Pelajar/Mahasiswa,<1 juta,Mobil,Belanja/Rekreasi,Jarang/tidak pernah,1.0,5.0,5.0,4.0,5.0,0
293,44da20f3-cf1e-50e7-af8f-3c1441eca737,1,Kendaraan Pribadi,private_vehicle,26.40,11000.0,0.0,0.00,4.07,3.00,18-25,Perempuan,Pelajar/Mahasiswa,<1 juta,Mobil,Belanja/Rekreasi,Jarang/tidak pernah,1.0,5.0,5.0,4.0,5.0,1
294,201e8e92-7808-502c-a9e4-c64fd16d86a4,0,Rekomendasi,time,39.90,5000.0,0.0,0.84,3.70,4.78,18-25,Laki-laki,Pelajar/Mahasiswa,1-3 juta,Motor,Sekolah/Kuliah,Setiap hari,3.0,3.0,3.0,2.0,2.0,0
294,201e8e92-7808-502c-a9e4-c64fd16d86a4,1,Preferensi Saya,preference,47.30,9000.0,1.0,0.33,4.46,4.75,18-25,Laki-laki,Pelajar/Mahasiswa,1-3 juta,Motor,Sekolah/Kuliah,Setiap hari,3.0,3.0,3.0,2.0,2.0,0
294,201e8e92-7808-502c-a9e4-c64fd16d86a4,2,Kendaraan Pribadi,private_vehicle,20.70,6500.0,0.0,0.00,3.96,3.22,18-25,Laki-laki,Pelajar/Mahasiswa,1-3 juta,Motor,Sekolah/Kuliah,Setiap hari,3.0,3.0,3.0,2.0,2.0,1
295,ac78833c-3676-5250-ab6e-b57ca0aea88e,0,Termurah,cost,50.30,4000.0,0.0,0.53,3.06,4.13,18-25,Laki-laki,Pelajar/Mahasiswa,1-3 juta,Motor,Kerja,Setiap hari,3.0,3.0,3.0,2.0,2.0,1
295,ac78833c-3676-5250-ab6e-b57ca0aea88e,1,Kendaraan Pribadi,private_vehicle,27.90,6500.0,0.0,0.00,4.32,3.16,18-25,Laki-laki,Pelajar/Mahasiswa,1-3 juta,Motor,Kerja,Setiap hari,3.0,3.0,3.0,2.0,2.0,0
296,0a518d9a-26d5-526b-bdc7-4a7346317073,0,Tercepat,time,36.10,10000.0,0.0,0.75,4.50,3.89,26-35,Perempuan,Pelajar/Mahasiswa,<1 juta,Motor,Sekolah/Kuliah,Beberapa kali seminggu,4.0,4.0,4.0,1.0,3.0,0
296,0a518d9a-26d5-526b-bdc7-4a7346317073,1,Preferensi Saya,preference,50.20,12000.0,1.0,0.22,3.44,4.15,26-35,Perempuan,Pelajar/Mahasiswa,<1 juta,Motor,Sekolah/Kuliah,Beberapa kali seminggu,4.0,4.0,4.0,1.0,3.0,1
296,0a518d9a-26d5-526b-bdc7-4a7346317073,2,Kendaraan Pribadi,private_vehicle,21.30,7000.0,0.0,0.00,3.95,4.22,26-35,Perempuan,Pelajar/Mahasiswa,<1 juta,Motor,Sekolah/Kuliah,Beberapa kali seminggu,4.0,4.0,4.0,1.0,3.0,0
297,fa9f06c9-8dd9-5c10-9a41-566427e1365f,0,Preferensi Saya,preference,66.30,5000.0,0.0,0.81,4.36,3.99,26-35,Perempuan,Pelajar/Mahasiswa,<1 juta,Motor,Belanja/Rekreasi,Beberapa kali seminggu,4.0,4.0,4.0,1.0,3.0,1
297,fa9f06c9-8dd9-5c10-9a41-566427e1365f,1,Kendaraan Pribadi,private_vehicle,64.70,12500.0,0.0,0.00,3.85,3.78,26-35,Perempuan,Pelajar/Mahasiswa,<1 juta,Motor,Belanja/Rekreasi,Beberapa kali seminggu,4.0,4.0,4.0,1.0,3.0,0
298,e1f9e344-0618-53aa-8a14-7d9e5ee918eb,0,Rekomendasi,time,52.20,10000.0,0.0,0.73,3.66,4.01,18-25,Laki-laki,Pelajar/Mahasiswa,<1 juta,Motor,Sekolah/Kuliah,Jarang/tidak pernah,1.0,4.0,5.0,2.0,4.0,0
298,e1f9e344-0618-53aa-8a14-7d9e5ee918eb,1,Preferensi Saya,preference,54.90,14000.0,1.0,0.13,3.39,2.74,18-25,Laki-laki,Pelajar/Mahasiswa,<1 juta,Motor,Sekolah/Kuliah,Jarang/tidak pernah,1.0,4.0,5.0,2.0,4.0,0
298,e1f9e344-0618-53aa-8a14-7d9e5ee918eb,2,Kendaraan Pribadi,private_vehicle,44.20,9000.0,0.0,0.00,3.93,3.21,18-25,Laki-laki,Pelajar/Mahasiswa,<1 juta,Motor,Sekolah/Kuliah,Jarang/tidak pernah,1.0,4.0,5.0,2.0,4.0,1
299,1d1127c4-38af-5fde-ace6-0c507b93fe21,0,Rekomendasi,time,40.90,5000.0,0.0,1.25,3.97,4.21,18-25,Laki-laki,Pelajar/Mahasiswa,<1 juta,Motor,Belanja/Rekreasi,Jarang/tidak pernah,1.0,4.0,5.0,2.0,4.0,0
299,1d1127c4-38af-5fde-ace6-0c507b93fe21,1,Kendaraan Pribadi,private_vehicle,18.10,5500.0,0.0,0.00,4.42,3.13,18-25,Laki-laki,Pelajar/Mahasiswa,<1 juta,Motor,Belanja/Rekreasi,Jarang/tidak pernah,1.0,4.0,5.0,2.0,4.0,1
300,cdced3e1-f2a3-5fb2-bd20-c85cca9ecf08,0,Rekomendasi,time,47.90,5000.0,0.0,1.02,3.64,4.10,18-25,Laki-laki,PNS/TNI/Polri,1-3 juta,Motor,Belanja/Rekreasi,Beberapa kali sebulan,3.0,3.0,2.0,3.0,4.0,0
300,cdced3e1-f2a3-5fb2-bd20-c85cca9ecf08,1,Preferensi Saya,preference,50.40,9000.0,1.0,0.21,2.87,3.69,18-25,Laki-laki,PNS/TNI/Polri,1-3 juta,Motor,Belanja/Rekreasi,Beberapa kali sebulan,3.0,3.0,2.0,3.0,4.0,0
300,cdced3e1-f2a3-5fb2-bd20-c85cca9ecf08,2,Kendaraan Pribadi,private_vehicle,17.60,5000.0,0.0,0.00,3.72,3.09,18-25,Laki-laki,PNS/TNI/Polri,1-3 juta,Motor,Belanja/Rekreasi,Beberapa kali sebulan,3.0,3.0,2.0,3.0,4.0,1
301,77062aca-2e6f-59ef-8bde-134a0127ceb4,0,Rekomendasi,time,62.50,10000.0,0.0,0.98,3.69,4.61,18-25,Laki-laki,PNS/TNI/Polri,1-3 juta,Motor,Kerja,Beberapa kali sebulan,3.0,3.0,2.0,3.0,4.0,1
301,77062aca-2e6f-59ef-8bde-134a0127ceb4,1,Kendaraan Pribadi,private_vehicle,54.40,10500.0,0.0,0.00,3.95,3.10,18-25,Laki-laki,PNS/TNI/Polri,1-3 juta,Motor,Kerja,Beberapa kali sebulan,3.0,3.0,2.0,3.0,4.0,0
302,03696dc7-1f00-5d55-93e5-b2965c5fd935,0,Rekomendasi,time,50.20,5000.0,0.0,0.26,3.71,4.75,26-35,Laki-laki,Wiraswasta,3-5 juta,Mobil,Belanja/Rekreasi,Beberapa kali seminggu,1.0,5.0,3.0,5.0,4.0,1
302,03696dc7-1f00-5d55-93e5-b2965c5fd935,1,Tercepat,alternative,65.30,8000.0,1.0,0.31,3.50,3.75,26-35,Laki-laki,Wiraswasta,3-5 juta,Mobil,Belanja/Rekreasi,Beberapa kali seminggu,1.0,5.0,3.0,5.0,4.0,0
302,03696dc7-1f00-5d55-93e5-b2965c5fd935,2,Kendaraan Pribadi,private_vehicle,44.20,15000.0,0.0,0.00,3.63,2.76,26-35,Laki-laki,Wiraswasta,3-5 juta,Mobil,Belanja/Rekreasi,Beberapa kali seminggu,1.0,5.0,3.0,5.0,4.0,0
303,986d6373-8cc1-57f5-b4ba-960f2e07a9d8,0,Rekomendasi,time,84.30,7000.0,0.0,0.59,3.38,3.17,26-35,Laki-laki,Wiraswasta,3-5 juta,Mobil,Kerja,Beberapa kali seminggu,1.0,5.0,3.0,5.0,4.0,1
303,986d6373-8cc1-57f5-b4ba-960f2e07a9d8,1,Kendaraan Pribadi,private_vehicle,55.60,17000.0,0.0,0.00,4.10,3.89,26-35,Laki-laki,Wiraswasta,3-5 juta,Mobil,Kerja,Beberapa kali seminggu,1.0,5.0,3.0,5.0,4.0,0
304,0326da64-bf9a-5864-a910-75edb3c28ae7,0,Tercepat,time,55.50,4000.0,0.0,1.05,2.84,2.89,26-35,Laki-laki,Karyawan,3-5 juta,Motor,Lainnya,Beberapa kali seminggu,4.0,3.0,4.0,4.0,4.0,1
304,0326da64-bf9a-5864-a910-75edb3c28ae7,1,Kendaraan Pribadi,private_vehicle,25.00,7000.0,0.0,0.00,3.64,3.71,26-35,Laki-laki,Karyawan,3-5 juta,Motor,Lainnya,Beberapa kali seminggu,4.0,3.0,4.0,4.0,4.0,0
305,81767b6f-f2bd-5ea5-9707-8801f3cf06c3,0,Tercepat,time,62.50,10000.0,0.0,1.31,3.70,4.24,26-35,Laki-laki,Karyawan,3-5 juta,Motor,Kerja,Beberapa kali seminggu,4.0,3.0,4.0,4.0,4.0,0
305,81767b6f-f2bd-5ea5-9707-8801f3cf06c3,1,Kendaraan Pribadi,private_vehicle,38.10,10000.0,0.0,0.00,4.74,2.93,26-35,Laki-laki,Karyawan,3-5 juta,Motor,Kerja,Beberapa kali seminggu,4.0,3.0,4.0,4.0,4.0,1
306,aac7d058-2e29-5a81-ab4a-a13bf01b211d,0,Rekomendasi,time,34.60,10000.0,0.0,0.19,3.26,3.54,36-50,Laki-laki,Wiraswasta,5-10 juta,Motor dan mobil,Kerja,Setiap hari,4.0,3.0,1.0,3.0,1.0,1
306,aac7d058-2e29-5a81-ab4a-a13bf01b211d,1,Tercepat,alternative,52.60,12000.0,1.0,0.33,2.95,2.03,36-50,Laki-laki,Wiraswasta,5-10 juta,Motor dan mobil,Kerja,Setiap hari,4.0,3.0,1.0,3.0,1.0,0
306,aac7d058-2e29-5a81-ab4a-a13bf01b211d,2,Kendaraan Pribadi,private_vehicle,28.10,6000.0,0.0,0.00,3.84,3.76,36-50,Laki-laki,Wiraswasta,5-10 juta,Motor dan mobil,Kerja,Setiap hari,4.0,3.0,1.0,3.0,1.0,0
307,7a9845f9-7163-5817-818c-defa4493b22a,0,Termurah,cost,80.50,5000.0,0.0,1.35,3.86,4.22,36-50,Laki-laki,Wiraswasta,5-10 juta,Motor dan mobil,Belanja/Rekreasi,Setiap hari,4.0,3.0,1.0,3.0,1.0,0
307,7a9845f9-7163-5817-818c-defa4493b22a,1,Kendaraan Pribadi,private_vehicle,60.50,10000.0,0.0,0.00,4.01,3.55,36-50,Laki-laki,Wiraswasta,5-10 juta,Motor dan mobil,Belanja/Rekreasi,Setiap hari,4.0,3.0,1.0,3.0,1.0,1
308,7cce0a38-aaf3-5cf6-b409-c6753852778e,0,Tercepat,time,65.60,10000.0,0.0,0.45,4.18,4.11,36-50,Laki-laki,Wiraswasta,1-3 juta,Motor,Kerja,Beberapa kali sebulan,5.0,4.0,4.0,4.0,2.0,0
308,7cce0a38-aaf3-5cf6-b409-c6753852778e,1,Termurah,alternative,72.00,13000.0,1.0,0.19,2.94,3.72,36-50,Laki-laki,Wiraswasta,1-3 juta,Motor,Kerja,Beberapa kali sebulan,5.0,4.0,4.0,4.0,2.0,0
308,7cce0a38-aaf3-5cf6-b409-c6753852778e,2,Kendaraan Pribadi,private_vehicle,41.10,16000.0,0.0,0.00,3.93,3.50,36-50,Laki-laki,Wiraswasta,1-3 juta,Motor,Kerja,Beberapa kali sebulan,5.0,4.0,4.0,4.0,2.0,1
309,78fedab0-ce2f-500c-8668-54402ac825f6,0,Termurah,cost,42.60,5000.0,0.0,0.47,3.88,4.17,36-50,Laki-laki,Wiraswasta,1-3 juta,Motor,Kerja,Beberapa kali sebulan,5.0,4.0,4.0,4.0,2.0,0
309,78fedab0-ce2f-500c-8668-54402ac825f6,1,Kendaraan Pribadi,private_vehicle,31.90,7500.0,0.0,0.00,3.74,3.61,36-50,Laki-laki,Wiraswasta,1-3 juta,Motor,Kerja,Beberapa kali sebulan,5.0,4.0,4.0,4.0,2.0,1
310,9d0effcd-43bd-5e10-ab55-69609d064120,0,Rekomendasi,time,49.50,10000.0,0.0,0.37,3.80,4.51,26-35,Perempuan,Wiraswasta,1-3 juta,Mobil,Lainnya,Setiap hari,3.0,2.0,2.0,4.0,3.0,1
310,9d0effcd-43bd-5e10-ab55-69609d064120,1,Termurah,alternative,56.00,14000.0,1.0,0.36,3.13,2.92,26-35,Perempuan,Wiraswasta,1-3 juta,Mobil,Lainnya,Setiap hari,3.0,2.0,2.0,4.0,3.0,0
310,9d0effcd-43bd-5e10-ab55-69609d064120,2,Kendaraan Pribadi,private_vehicle,65.00,18500.0,0.0,0.00,4.08,3.41,26-35,Perempuan,Wiraswasta,1-3 juta,Mobil,Lainnya,Setiap hari,3.0,2.0,2.0,4.0,3.0,0
311,e3606c95-c56c-5b07-b67b-c24c3977b52a,0,Preferensi Saya,preference,55.30,5000.0,0.0,0.78,4.19,4.05,26-35,Perempuan,Wiraswasta,1-3 juta,Mobil,Kerja,Setiap hari,3.0,2.0,2.0,4.0,3.0,0
311,e3606c95-c56c-5b07-b67b-c24c3977b52a,1,Kendaraan Pribadi,private_vehicle,55.40,13500.0,0.0,0.00,4.56,3.45,26-35,Perempuan,Wiraswasta,1-3 juta,Mobil,Kerja,Setiap hari,3.0,2.0,2.0,4.0,3.0,1
312,0e5942b3-ac7a-5b34-80d4-2f65bb7e938b,0,Rekomendasi,time,117.50,4000.0,0.0,0.85,2.08,2.77,26-35,Perempuan,Wiraswasta,3-5 juta,Motor,Lainnya,Beberapa kali seminggu,1.0,4.0,2.0,4.0,3.0,0
312,0e5942b3-ac7a-5b34-80d4-2f65bb7e938b,1,Kendaraan Pribadi,private_vehicle,65.00,10500.0,0.0,0.00,3.98,2.59,26-35,Perempuan,Wiraswasta,3-5 juta,Motor,Lainnya,Beberapa kali seminggu,1.0,4.0,2.0,4.0,3.0,1
313,54d6f799-7687-5c10-a9ff-b9b198fdee52,0,Tercepat,time,61.90,5000.0,0.0,0.26,3.49,4.21,26-35,Perempuan,Wiraswasta,3-5 juta,Motor,Belanja/Rekreasi,Beberapa kali seminggu,1.0,4.0,2.0,4.0,3.0,1
313,54d6f799-7687-5c10-a9ff-b9b198fdee52,1,Kendaraan Pribadi,private_vehicle,51.80,12500.0,0.0,0.00,4.35,2.59,26-35,Perempuan,Wiraswasta,3-5 juta,Motor,Belanja/Rekreasi,Beberapa kali seminggu,1.0,4.0,2.0,4.0,3.0,0
314,2b2e0830-ef35-57fe-807c-8c025bfc071b,0,Rekomendasi,time,51.10,5000.0,0.0,0.15,3.27,4.10,26-35,Laki-laki,Lainnya,1-3 juta,Motor,Belanja/Rekreasi,Setiap hari,5.0,4.0,4.0,3.0,2.0,0
314,2b2e0830-ef35-57fe-807c-8c025bfc071b,1,Termurah,alternative,68.70,8000.0,1.0,0.11,4.10,4.28,26-35,Laki-laki,Lainnya,1-3 juta,Motor,Belanja/Rekreasi,Setiap hari,5.0,4.0,4.0,3.0,2.0,0
314,2b2e0830-ef35-57fe-807c-8c025bfc071b,2,Kendaraan Pribadi,private_vehicle,33.40,12500.0,0.0,0.00,3.47,3.66,26-35,Laki-laki,Lainnya,1-3 juta,Motor,Belanja/Rekreasi,Setiap hari,5.0,4.0,4.0,3.0,2.0,1
315,a5cc01d1-ab57-5703-81dd-9ff79692b853,0,Rekomendasi,time,44.20,5000.0,0.0,0.64,4.37,4.20,26-35,Laki-laki,Lainnya,1-3 juta,Motor,Kerja,Setiap hari,5.0,4.0,4.0,3.0,2.0,0
315,a5cc01d1-ab57-5703-81dd-9ff79692b853,1,Kendaraan Pribadi,private_vehicle,25.90,8500.0,0.0,0.00,4.11,3.78,26-35,Laki-laki,Lainnya,1-3 juta,Motor,Kerja,Setiap hari,5.0,4.0,4.0,3.0,2.0,1
316,c75d755a-8252-5564-871a-8a6e429b42fb,0,Termurah,cost,54.60,5000.0,0.0,0.56,4.49,4.87,18-25,Perempuan,Pelajar/Mahasiswa,1-3 juta,Motor dan mobil,Sekolah/Kuliah,Beberapa kali seminggu,3.0,4.0,4.0,4.0,4.0,1
316,c75d755a-8252-5564-871a-8a6e429b42fb,1,Rekomendasi,alternative,57.60,7000.0,1.0,0.12,3.24,3.25,18-25,Perempuan,Pelajar/Mahasiswa,1-3 juta,Motor dan mobil,Sekolah/Kuliah,Beberapa kali seminggu,3.0,4.0,4.0,4.0,4.0,0
316,c75d755a-8252-5564-871a-8a6e429b42fb,2,Kendaraan Pribadi,private_vehicle,43.20,10500.0,0.0,0.00,3.67,3.34,18-25,Perempuan,Pelajar/Mahasiswa,1-3 juta,Motor dan mobil,Sekolah/Kuliah,Beberapa kali seminggu,3.0,4.0,4.0,4.0,4.0,0
317,d62cd083-f4d5-5930-8750-95c3ad2745af,0,Rekomendasi,time,77.50,4000.0,0.0,0.74,2.60,2.82,18-25,Perempuan,Pelajar/Mahasiswa,1-3 juta,Motor dan mobil,Sekolah/Kuliah,Beberapa kali seminggu,3.0,4.0,4.0,4.0,4.0,0
317,d62cd083-f4d5-5930-8750-95c3ad2745af,1,Kendaraan Pribadi,private_vehicle,52.00,12500.0,0.0,0.00,3.96,3.28,18-25,Perempuan,Pelajar/Mahasiswa,1-3 juta,Motor dan mobil,Sekolah/Kuliah,Beberapa kali seminggu,3.0,4.0,4.0,4.0,4.0,1
318,cf168172-7cf8-5632-966c-d9fc59a8b9f9,0,Tercepat,time,27.80,10000.0,0.0,0.24,3.87,3.46,18-25,Laki-laki,Pelajar/Mahasiswa,<1 juta,Mobil,Kerja,Beberapa kali sebulan,3.0,3.0,3.0,3.0,2.0,0
318,cf168172-7cf8-5632-966c-d9fc59a8b9f9,1,Rekomendasi,alternative,41.40,14000.0,1.0,0.09,2.89,4.13,18-25,Laki-laki,Pelajar/Mahasiswa,<1 juta,Mobil,Kerja,Beberapa kali sebulan,3.0,3.0,3.0,3.0,2.0,0
318,cf168172-7cf8-5632-966c-d9fc59a8b9f9,2,Kendaraan Pribadi,private_vehicle,23.40,6500.0,0.0,0.00,4.08,3.25,18-25,Laki-laki,Pelajar/Mahasiswa,<1 juta,Mobil,Kerja,Beberapa kali sebulan,3.0,3.0,3.0,3.0,2.0,1
319,ac089bc3-2bac-576d-80d7-f9f726cc13a3,0,Termurah,cost,66.30,5000.0,0.0,1.32,3.80,4.54,18-25,Laki-laki,Pelajar/Mahasiswa,<1 juta,Mobil,Sekolah/Kuliah,Beberapa kali sebulan,3.0,3.0,3.0,3.0,2.0,0
319,ac089bc3-2bac-576d-80d7-f9f726cc13a3,1,Kendaraan Pribadi,private_vehicle,50.40,11500.0,0.0,0.00,3.98,3.71,18-25,Laki-laki,Pelajar/Mahasiswa,<1 juta,Mobil,Sekolah/Kuliah,Beberapa kali sebulan,3.0,3.0,3.0,3.0,2.0,1
320,14fc4085-bb1c-59d0-9cec-27f29f5e5666,0,Rekomendasi,time,73.10,5000.0,0.0,1.18,3.47,4.07,18-25,Laki-laki,Pelajar/Mahasiswa,1-3 juta,Motor,Sekolah/Kuliah,Beberapa kali seminggu,4.0,5.0,4.0,4.0,3.0,0
320,14fc4085-bb1c-59d0-9cec-27f29f5e5666,1,Termurah,alternative,74.00,8000.0,1.0,0.27,3.25,4.36,18-25,Laki-laki,Pelajar/Mahasiswa,1-3 juta,Motor,Sekolah/Kuliah,Beberapa kali seminggu,4.0,5.0,4.0,4.0,3.0,0
320,14fc4085-bb1c-59d0-9cec-27f29f5e5666,2,Kendaraan Pribadi,private_vehicle,75.60,14500.0,0.0,0.00,3.74,3.29,18-25,Laki-laki,Pelajar/Mahasiswa,1-3 juta,Motor,Sekolah/Kuliah,Beberapa kali seminggu,4.0,5.0,4.0,4.0,3.0,1
321,a7e8faff-31aa-597b-aed7-7f437f36acc2,0,Rekomendasi,time,80.50,10000.0,0.0,1.29,3.54,3.49,18-25,Laki-laki,Pelajar/Mahasiswa,1-3 juta,Motor,Sekolah/Kuliah,Beberapa kali seminggu,4.0,5.0,4.0,4.0,3.0,0
321,a7e8faff-31aa-597b-aed7-7f437f36acc2,1,Kendaraan Pribadi,private_vehicle,60.10,14000.0,0.0,0.00,4.16,3.17,18-25,Laki-laki,Pelajar/Mahasiswa,1-3 juta,Motor,Sekolah/Kuliah,Beberapa kali seminggu,4.0,5.0,4.0,4.0,3.0,1
322,d8bee1b4-d7d8-5bbf-b574-e2097026365d,0,Rekomendasi,time,87.40,4000.0,0.0,0.36,2.08,3.75,18-25,Perempuan,Pelajar/Mahasiswa,<1 juta,Motor,Sekolah/Kuliah,Setiap hari,3.0,5.0,3.0,4.0,5.0,1
322,d8bee1b4-d7d8-5bbf-b574-e2097026365d,1,Kendaraan Pribadi,private_vehicle,45.00,9000.0,0.0,0.00,3.74,3.15,18-25,Perempuan,Pelajar/Mahasiswa,<1 juta,Motor,Sekolah/Kuliah,Setiap hari,3.0,5.0,3.0,4.0,5.0,0
323,189cc725-3bd8-5f69-be76-efa7f0a66a52,0,Termurah,cost,70.30,10000.0,0.0,1.13,4.76,4.40,18-25,Perempuan,Pelajar/Mahasiswa,<1 juta,Motor,Sekolah/Kuliah,Setiap hari,3.0,5.0,3.0,4.0,5.0,1
323,189cc725-3bd8-5f69-be76-efa7f0a66a52,1,Kendaraan Pribadi,private_vehicle,72.50,13000.0,0.0,0.00,3.98,3.50,18-25,Perempuan,Pelajar/Mahasiswa,<1 juta,Motor,Sekolah/Kuliah,Setiap hari,3.0,5.0,3.0,4.0,5.0,0
324,3878c933-d522-55fc-98e6-b0513bc4fc47,0,Tercepat,time,59.20,5000.0,0.0,0.36,4.25,4.43,36-50,Laki-laki,Karyawan,1-3 juta,Motor,Kerja,Setiap hari,4.0,2.0,2.0,2.0,4.0,1
324,3878c933-d522-55fc-98e6-b0513bc4fc47,1,Termurah,alternative,75.00,8000.0,1.0,0.09,3.44,3.37,36-50,Laki-laki,Karyawan,1-3 juta,Motor,Kerja,Setiap hari,4.0,2.0,2.0,2.0,4.0,0
324,3878c933-d522-55fc-98e6-b0513bc4fc47,2,Kendaraan Pribadi,private_vehicle,49.10,15500.0,0.0,0.00,3.55,2.64,36-50,Laki-laki,Karyawan,1-3 juta,Motor,Kerja,Setiap hari,4.0,2.0,2.0,2.0,4.0,0
325,7d3e84ff-93b1-5a00-852e-7cce5945b078,0,Rekomendasi,time,73.70,5000.0,0.0,0.83,3.50,4.22,36-50,Laki-laki,Karyawan,1-3 juta,Motor,Belanja/Rekreasi,Setiap hari,4.0,2.0,2.0,2.0,4.0,1
325,7d3e84ff-93b1-5a00-852e-7cce5945b078,1,Kendaraan Pribadi,private_vehicle,64.40,12000.0,0.0,0.00,3.87,3.46,36-50,Laki-laki,Karyawan,1-3 juta,Motor,Belanja/Rekreasi,Setiap hari,4.0,2.0,2.0,2.0,4.0,0
326,bd59815b-c876-5f95-8b49-49f30b0b459b,0,Termurah,cost,48.70,5000.0,0.0,0.91,3.18,4.31,26-35,Perempuan,Karyawan,1-3 juta,Motor dan mobil,Kerja,Jarang/tidak pernah,3.0,5.0,3.0,3.0,5.0,1
326,bd59815b-c876-5f95-8b49-49f30b0b459b,1,Rekomendasi,alternative,54.00,9000.0,1.0,0.23,3.19,3.88,26-35,Perempuan,Karyawan,1-3 juta,Motor dan mobil,Kerja,Jarang/tidak pernah,3.0,5.0,3.0,3.0,5.0,0
326,bd59815b-c876-5f95-8b49-49f30b0b459b,2,Kendaraan Pribadi,private_vehicle,31.00,10000.0,0.0,0.00,3.79,3.25,26-35,Perempuan,Karyawan,1-3 juta,Motor dan mobil,Kerja,Jarang/tidak pernah,3.0,5.0,3.0,3.0,5.0,0
327,c3e890d9-67b4-5fd6-9189-68a43462d240,0,Tercepat,time,65.90,5000.0,0.0,0.78,2.25,3.25,26-35,Perempuan,Karyawan,1-3 juta,Motor dan mobil,Kerja,Jarang/tidak pernah,3.0,5.0,3.0,3.0,5.0,0
327,c3e890d9-67b4-5fd6-9189-68a43462d240,1,Kendaraan Pribadi,private_vehicle,34.30,8000.0,0.0,0.00,4.12,2.33,26-35,Perempuan,Karyawan,1-3 juta,Motor dan mobil,Kerja,Jarang/tidak pernah,3.0,5.0,3.0,3.0,5.0,1
328,51f82429-c246-56b7-b23b-9b20c151dfcf,0,Preferensi Saya,preference,77.70,10000.0,0.0,1.27,3.67,3.84,18-25,Laki-laki,Pelajar/Mahasiswa,3-5 juta,Motor dan mobil,Sekolah/Kuliah,Beberapa kali seminggu,3.0,5.0,5.0,2.0,5.0,1
328,51f82429-c246-56b7-b23b-9b20c151dfcf,1,Tercepat,alternative,88.60,12000.0,1.0,0.13,3.19,5.00,18-25,Laki-laki,Pelajar/Mahasiswa,3-5 juta,Motor dan mobil,Sekolah/Kuliah,Beberapa kali seminggu,3.0,5.0,5.0,2.0,5.0,0
328,51f82429-c246-56b7-b23b-9b20c151dfcf,2,Kendaraan Pribadi,private_vehicle,53.00,13500.0,0.0,0.00,4.19,4.04,18-25,Laki-laki,Pelajar/Mahasiswa,3-5 juta,Motor dan mobil,Sekolah/Kuliah,Beberapa kali seminggu,3.0,5.0,5.0,2.0,5.0,0
329,f8db1e2d-5904-5141-99d8-5c596d5b87bc,0,Rekomendasi,time,60.70,5000.0,0.0,0.94,4.11,4.75,18-25,Laki-laki,Pelajar/Mahasiswa,3-5 juta,Motor dan mobil,Sekolah/Kuliah,Beberapa kali seminggu,3.0,5.0,5.0,2.0,5.0,1
329,f8db1e2d-5904-5141-99d8-5c596d5b87bc,1,Kendaraan Pribadi,private_vehicle,65.00,19000.0,0.0,0.00,4.37,3.05,18-25,Laki-laki,Pelajar/Mahasiswa,3-5 juta,Motor dan mobil,Sekolah/Kuliah,Beberapa kali seminggu,3.0,5.0,5.0,2.0,5.0,0
330,f935b04f-06e1-5d1f-b356-8beb1e07aafa,0,Tercepat,time,41.70,5000.0,0.0,0.45,3.81,4.02,18-25,Laki-laki,Pelajar/Mahasiswa,3-5 juta,Motor,Kerja,Beberapa kali seminggu,4.0,3.0,2.0,5.0,4.0,0
330,f935b04f-06e1-5d1f-b356-8beb1e07aafa,1,Termurah,alternative,56.50,8000.0,1.0,0.21,3.21,3.62,18-25,Laki-laki,Pelajar/Mahasiswa,3-5 juta,Motor,Kerja,Beberapa kali seminggu,4.0,3.0,2.0,5.0,4.0,0
330,f935b04f-06e1-5d1f-b356-8beb1e07aafa,2,Kendaraan Pribadi,private_vehicle,30.70,5500.0,0.0,0.00,4.17,2.91,18-25,Laki-laki,Pelajar/Mahasiswa,3-5 juta,Motor,Kerja,Beberapa kali seminggu,4.0,3.0,2.0,5.0,4.0,1
331,3d77737b-4da2-521b-bc00-6fea00c2ba56,0,Termurah,cost,73.40,5000.0,0.0,1.22,3.75,4.53,18-25,Laki-laki,Pelajar/Mahasiswa,3-5 juta,Motor,Sekolah/Kuliah,Beberapa kali seminggu,4.0,3.0,2.0,5.0,4.0,1
331,3d77737b-4da2-521b-bc00-6fea00c2ba56,1,Kendaraan Pribadi,private_vehicle,78.10,17000.0,0.0,0.00,3.36,2.57,18-25,Laki-laki,Pelajar/Mahasiswa,3-5 juta,Motor,Sekolah/Kuliah,Beberapa kali seminggu,4.0,3.0,2.0,5.0,4.0,0
332,b48f0e6e-5d25-53f3-a646-b65bb33a6ed0,0,Termurah,cost,67.80,5000.0,0.0,0.81,3.32,3.80,>50,Laki-laki,Karyawan,>10 juta,Motor,Belanja/Rekreasi,Setiap hari,4.0,5.0,3.0,1.0,3.0,1
332,b48f0e6e-5d25-53f3-a646-b65bb33a6ed0,1,Kendaraan Pribadi,private_vehicle,35.30,8500.0,0.0,0.00,4.15,3.48,>50,Laki-laki,Karyawan,>10 juta,Motor,Belanja/Rekreasi,Setiap hari,4.0,5.0,3.0,1.0,3.0,0
333,471597e0-4f62-5e8f-b6f6-f70e0318a8a9,0,Rekomendasi,time,68.30,5000.0,0.0,0.51,3.70,3.70,>50,Laki-laki,Karyawan,>10 juta,Motor,Kerja,Setiap hari,4.0,5.0,3.0,1.0,3.0,1
333,471597e0-4f62-5e8f-b6f6-f70e0318a8a9,1,Kendaraan Pribadi,private_vehicle,64.70,15500.0,0.0,0.00,4.20,2.87,>50,Laki-laki,Karyawan,>10 juta,Motor,Kerja,Setiap hari,4.0,5.0,3.0,1.0,3.0,0
334,447493de-e2d6-511a-9259-5f4222060ce5,0,Rekomendasi,time,48.50,5000.0,0.0,0.60,4.01,4.24,18-25,Perempuan,Pelajar/Mahasiswa,<1 juta,Motor,Kerja,Beberapa kali sebulan,4.0,4.0,5.0,5.0,3.0,0
334,447493de-e2d6-511a-9259-5f4222060ce5,1,Termurah,alternative,60.30,8000.0,1.0,0.14,2.53,3.81,18-25,Perempuan,Pelajar/Mahasiswa,<1 juta,Motor,Kerja,Beberapa kali sebulan,4.0,4.0,5.0,5.0,3.0,0
334,447493de-e2d6-511a-9259-5f4222060ce5,2,Kendaraan Pribadi,private_vehicle,29.30,8500.0,0.0,0.00,4.18,3.22,18-25,Perempuan,Pelajar/Mahasiswa,<1 juta,Motor,Kerja,Beberapa kali sebulan,4.0,4.0,5.0,5.0,3.0,1
335,ce226d6b-f374-59ee-bcf5-0adf4885ac8e,0,Termurah,cost,60.90,7000.0,0.0,0.65,2.17,2.71,18-25,Perempuan,Pelajar/Mahasiswa,<1 juta,Motor,Sekolah/Kuliah,Beberapa kali sebulan,4.0,4.0,5.0,5.0,3.0,0
335,ce226d6b-f374-59ee-bcf5-0adf4885ac8e,1,Kendaraan Pribadi,private_vehicle,26.60,8000.0,0.0,0.00,3.75,3.11,18-25,Perempuan,Pelajar/Mahasiswa,<1 juta,Motor,Sekolah/Kuliah,Beberapa kali sebulan,4.0,4.0,5.0,5.0,3.0,1
336,69c03939-4823-5819-98a6-3cc3a0451770,0,Rekomendasi,time,67.80,5000.0,0.0,0.74,5.00,3.61,>50,Perempuan,Pelajar/Mahasiswa,<1 juta,Motor,Belanja/Rekreasi,Beberapa kali seminggu,3.0,4.0,3.0,4.0,3.0,0
336,69c03939-4823-5819-98a6-3cc3a0451770,1,Tercepat,alternative,70.20,9000.0,1.0,0.29,3.03,3.62,>50,Perempuan,Pelajar/Mahasiswa,<1 juta,Motor,Belanja/Rekreasi,Beberapa kali seminggu,3.0,4.0,3.0,4.0,3.0,0
336,69c03939-4823-5819-98a6-3cc3a0451770,2,Kendaraan Pribadi,private_vehicle,49.30,10000.0,0.0,0.00,3.85,3.27,>50,Perempuan,Pelajar/Mahasiswa,<1 juta,Motor,Belanja/Rekreasi,Beberapa kali seminggu,3.0,4.0,3.0,4.0,3.0,1
337,11603912-929e-5245-907a-b4b6d980ac06,0,Termurah,cost,70.30,10000.0,0.0,1.26,4.61,4.08,>50,Perempuan,Pelajar/Mahasiswa,<1 juta,Motor,Sekolah/Kuliah,Beberapa kali seminggu,3.0,4.0,3.0,4.0,3.0,1
337,11603912-929e-5245-907a-b4b6d980ac06,1,Kendaraan Pribadi,private_vehicle,42.10,15000.0,0.0,0.00,4.15,2.66,>50,Perempuan,Pelajar/Mahasiswa,<1 juta,Motor,Sekolah/Kuliah,Beberapa kali seminggu,3.0,4.0,3.0,4.0,3.0,0
338,39a367ef-acfc-5c30-ab43-fbf35b556686,0,Rekomendasi,time,74.60,5000.0,0.0,0.95,4.42,4.23,18-25,Perempuan,Pelajar/Mahasiswa,1-3 juta,Motor,Sekolah/Kuliah,Setiap hari,2.0,4.0,5.0,4.0,3.0,1
338,39a367ef-acfc-5c30-ab43-fbf35b556686,1,Termurah,alternative,86.20,8000.0,1.0,0.25,3.60,3.80,18-25,Perempuan,Pelajar/Mahasiswa,1-3 juta,Motor,Sekolah/Kuliah,Setiap hari,2.0,4.0,5.0,4.0,3.0,0
338,39a367ef-acfc-5c30-ab43-fbf35b556686,2,Kendaraan Pribadi,private_vehicle,70.20,16500.0,0.0,0.00,4.11,3.87,18-25,Perempuan,Pelajar/Mahasiswa,1-3 juta,Motor,Sekolah/Kuliah,Setiap hari,2.0,4.0,5.0,4.0,3.0,0
339,2dc00bd0-4017-540b-b3cd-ebd74edc39cd,0,Rekomendasi,time,53.50,5000.0,0.0,1.31,3.64,3.68,18-25,Perempuan,Pelajar/Mahasiswa,1-3 juta,Motor,Sekolah/Kuliah,Setiap hari,2.0,4.0,5.0,4.0,3.0,0
339,2dc00bd0-4017-540b-b3cd-ebd74edc39cd,1,Kendaraan Pribadi,private_vehicle,32.00,6500.0,0.0,0.00,4.42,2.99,18-25,Perempuan,Pelajar/Mahasiswa,1-3 juta,Motor,Sekolah/Kuliah,Setiap hari,2.0,4.0,5.0,4.0,3.0,1
340,6b2f4aaf-0796-533d-8d7b-159087187a56,0,Termurah,cost,86.40,6000.0,0.0,0.33,2.14,3.06,18-25,Perempuan,Pelajar/Mahasiswa,1-3 juta,Motor,Sekolah/Kuliah,Beberapa kali seminggu,4.0,3.0,4.0,5.0,1.0,0
340,6b2f4aaf-0796-533d-8d7b-159087187a56,1,Kendaraan Pribadi,private_vehicle,48.80,13500.0,0.0,0.00,4.05,2.96,18-25,Perempuan,Pelajar/Mahasiswa,1-3 juta,Motor,Sekolah/Kuliah,Beberapa kali seminggu,4.0,3.0,4.0,5.0,1.0,1
341,a2cdf4c6-81aa-5c5d-92e8-bcca4b4be06b,0,Tercepat,time,55.70,5000.0,0.0,1.22,3.90,4.35,18-25,Perempuan,Pelajar/Mahasiswa,1-3 juta,Motor,Sekolah/Kuliah,Beberapa kali seminggu,4.0,3.0,4.0,5.0,1.0,1
341,a2cdf4c6-81aa-5c5d-92e8-bcca4b4be06b,1,Kendaraan Pribadi,private_vehicle,28.30,10000.0,0.0,0.00,4.05,3.68,18-25,Perempuan,Pelajar/Mahasiswa,1-3 juta,Motor,Sekolah/Kuliah,Beberapa kali seminggu,4.0,3.0,4.0,5.0,1.0,0
342,c6291900-e9e7-5bfe-b02a-925cc4d116e3,0,Tercepat,time,48.80,5000.0,0.0,1.19,3.53,5.00,36-50,Perempuan,Lainnya,5-10 juta,Motor,Kerja,Beberapa kali seminggu,1.0,1.0,2.0,4.0,4.0,0
342,c6291900-e9e7-5bfe-b02a-925cc4d116e3,1,Termurah,alternative,47.80,8000.0,1.0,0.10,2.29,3.57,36-50,Perempuan,Lainnya,5-10 juta,Motor,Kerja,Beberapa kali seminggu,1.0,1.0,2.0,4.0,4.0,0
342,c6291900-e9e7-5bfe-b02a-925cc4d116e3,2,Kendaraan Pribadi,private_vehicle,28.60,6000.0,0.0,0.00,4.47,2.72,36-50,Perempuan,Lainnya,5-10 juta,Motor,Kerja,Beberapa kali seminggu,1.0,1.0,2.0,4.0,4.0,1
343,1ef63e76-b813-5a3f-9b2a-be9730338e58,0,Preferensi Saya,preference,54.70,10000.0,0.0,0.76,3.99,4.54,36-50,Perempuan,Lainnya,5-10 juta,Motor,Kerja,Beberapa kali seminggu,1.0,1.0,2.0,4.0,4.0,1
343,1ef63e76-b813-5a3f-9b2a-be9730338e58,1,Kendaraan Pribadi,private_vehicle,52.40,14000.0,0.0,0.00,3.99,3.39,36-50,Perempuan,Lainnya,5-10 juta,Motor,Kerja,Beberapa kali seminggu,1.0,1.0,2.0,4.0,4.0,0
344,f9558acc-81b5-56b7-a371-8d965cc680b7,0,Preferensi Saya,preference,49.60,5000.0,0.0,1.33,4.45,4.02,18-25,Perempuan,Pelajar/Mahasiswa,<1 juta,Motor dan mobil,Sekolah/Kuliah,Jarang/tidak pernah,2.0,3.0,4.0,2.0,5.0,0
344,f9558acc-81b5-56b7-a371-8d965cc680b7,1,Termurah,alternative,51.90,7000.0,1.0,0.15,2.97,3.83,18-25,Perempuan,Pelajar/Mahasiswa,<1 juta,Motor dan mobil,Sekolah/Kuliah,Jarang/tidak pernah,2.0,3.0,4.0,2.0,5.0,0
344,f9558acc-81b5-56b7-a371-8d965cc680b7,2,Kendaraan Pribadi,private_vehicle,38.20,8500.0,0.0,0.00,3.71,3.56,18-25,Perempuan,Pelajar/Mahasiswa,<1 juta,Motor dan mobil,Sekolah/Kuliah,Jarang/tidak pernah,2.0,3.0,4.0,2.0,5.0,1
345,245f3b7d-d60b-5298-aad9-b2fecbc21099,0,Rekomendasi,time,83.00,5000.0,0.0,0.24,3.01,2.19,18-25,Perempuan,Pelajar/Mahasiswa,<1 juta,Motor dan mobil,Sekolah/Kuliah,Jarang/tidak pernah,2.0,3.0,4.0,2.0,5.0,0
345,245f3b7d-d60b-5298-aad9-b2fecbc21099,1,Kendaraan Pribadi,private_vehicle,48.00,10000.0,0.0,0.00,3.93,3.51,18-25,Perempuan,Pelajar/Mahasiswa,<1 juta,Motor dan mobil,Sekolah/Kuliah,Jarang/tidak pernah,2.0,3.0,4.0,2.0,5.0,1
346,ea5cf20a-cdf0-5f3c-902d-afb3174d28b5,0,Rekomendasi,time,44.90,5000.0,0.0,0.20,3.41,3.65,18-25,Perempuan,Wiraswasta,>10 juta,Motor dan mobil,Belanja/Rekreasi,Beberapa kali seminggu,5.0,3.0,3.0,4.0,4.0,0
346,ea5cf20a-cdf0-5f3c-902d-afb3174d28b5,1,Tercepat,alternative,58.20,8000.0,1.0,0.08,3.75,3.32,18-25,Perempuan,Wiraswasta,>10 juta,Motor dan mobil,Belanja/Rekreasi,Beberapa kali seminggu,5.0,3.0,3.0,4.0,4.0,0
346,ea5cf20a-cdf0-5f3c-902d-afb3174d28b5,2,Kendaraan Pribadi,private_vehicle,37.20,7500.0,0.0,0.00,4.15,3.73,18-25,Perempuan,Wiraswasta,>10 juta,Motor dan mobil,Belanja/Rekreasi,Beberapa kali seminggu,5.0,3.0,3.0,4.0,4.0,1
347,f4b01ba9-3f46-5af9-9839-4358076fedeb,0,Rekomendasi,time,50.50,5000.0,0.0,0.46,3.43,4.29,18-25,Perempuan,Wiraswasta,>10 juta,Motor dan mobil,Kerja,Beberapa kali seminggu,5.0,3.0,3.0,4.0,4.0,0
347,f4b01ba9-3f46-5af9-9839-4358076fedeb,1,Kendaraan Pribadi,private_vehicle,49.10,7500.0,0.0,0.00,4.39,3.63,18-25,Perempuan,Wiraswasta,>10 juta,Motor dan mobil,Kerja,Beberapa kali seminggu,5.0,3.0,3.0,4.0,4.0,1
348,49dc46da-26f6-58d5-924d-6ee9527a1e27,0,Termurah,cost,43.20,10000.0,0.0,0.86,4.22,4.60,26-35,Perempuan,Karyawan,3-5 juta,Motor dan mobil,Lainnya,Jarang/tidak pernah,3.0,3.0,1.0,2.0,4.0,0
348,49dc46da-26f6-58d5-924d-6ee9527a1e27,1,Preferensi Saya,preference,55.70,14000.0,1.0,0.36,3.23,4.58,26-35,Perempuan,Karyawan,3-5 juta,Motor dan mobil,Lainnya,Jarang/tidak pernah,3.0,3.0,1.0,2.0,4.0,0
348,49dc46da-26f6-58d5-924d-6ee9527a1e27,2,Kendaraan Pribadi,private_vehicle,25.30,4500.0,0.0,0.00,3.61,3.75,26-35,Perempuan,Karyawan,3-5 juta,Motor dan mobil,Lainnya,Jarang/tidak pernah,3.0,3.0,1.0,2.0,4.0,1
349,096f0656-bb49-5a2c-976d-f814eee3dfdf,0,Rekomendasi,time,58.70,5000.0,0.0,0.48,4.01,4.64,26-35,Perempuan,Karyawan,3-5 juta,Motor dan mobil,Kerja,Jarang/tidak pernah,3.0,3.0,1.0,2.0,4.0,1
349,096f0656-bb49-5a2c-976d-f814eee3dfdf,1,Kendaraan Pribadi,private_vehicle,51.20,10500.0,0.0,0.00,4.04,3.74,26-35,Perempuan,Karyawan,3-5 juta,Motor dan mobil,Kerja,Jarang/tidak pernah,3.0,3.0,1.0,2.0,4.0,0
350,e3cc7dab-4590-571f-a503-300f6095baad,0,Tercepat,time,65.70,6000.0,0.0,0.69,3.15,3.32,>50,Laki-laki,Pelajar/Mahasiswa,<1 juta,Motor dan mobil,Sekolah/Kuliah,Setiap hari,2.0,4.0,2.0,3.0,2.0,0
350,e3cc7dab-4590-571f-a503-300f6095baad,1,Kendaraan Pribadi,private_vehicle,32.50,7500.0,0.0,0.00,3.79,3.66,>50,Laki-laki,Pelajar/Mahasiswa,<1 juta,Motor dan mobil,Sekolah/Kuliah,Setiap hari,2.0,4.0,2.0,3.0,2.0,1
351,771f6001-60b3-56f6-9e70-25ee3490a209,0,Termurah,cost,32.90,5000.0,0.0,0.66,3.97,4.17,>50,Laki-laki,Pelajar/Mahasiswa,<1 juta,Motor dan mobil,Sekolah/Kuliah,Setiap hari,2.0,4.0,2.0,3.0,2.0,0
351,771f6001-60b3-56f6-9e70-25ee3490a209,1,Kendaraan Pribadi,private_vehicle,24.30,4000.0,0.0,0.00,4.22,2.53,>50,Laki-laki,Pelajar/Mahasiswa,<1 juta,Motor dan mobil,Sekolah/Kuliah,Setiap hari,2.0,4.0,2.0,3.0,2.0,1
352,310776de-c004-5f57-a773-472c72afd28e,0,Tercepat,time,47.90,5000.0,0.0,0.46,3.66,4.37,18-25,Perempuan,Pelajar/Mahasiswa,<1 juta,Motor,Sekolah/Kuliah,Jarang/tidak pernah,4.0,3.0,2.0,5.0,1.0,0
352,310776de-c004-5f57-a773-472c72afd28e,1,Preferensi Saya,preference,57.00,9000.0,1.0,0.33,2.54,3.32,18-25,Perempuan,Pelajar/Mahasiswa,<1 juta,Motor,Sekolah/Kuliah,Jarang/tidak pernah,4.0,3.0,2.0,5.0,1.0,1
352,310776de-c004-5f57-a773-472c72afd28e,2,Kendaraan Pribadi,private_vehicle,35.00,9000.0,0.0,0.00,4.12,3.08,18-25,Perempuan,Pelajar/Mahasiswa,<1 juta,Motor,Sekolah/Kuliah,Jarang/tidak pernah,4.0,3.0,2.0,5.0,1.0,0
353,2f429453-2abd-55df-b632-7754f2fadee0,0,Tercepat,time,61.50,5000.0,0.0,0.88,4.99,4.14,18-25,Perempuan,Pelajar/Mahasiswa,<1 juta,Motor,Sekolah/Kuliah,Jarang/tidak pernah,4.0,3.0,2.0,5.0,1.0,1
353,2f429453-2abd-55df-b632-7754f2fadee0,1,Kendaraan Pribadi,private_vehicle,51.10,12000.0,0.0,0.00,4.17,2.48,18-25,Perempuan,Pelajar/Mahasiswa,<1 juta,Motor,Sekolah/Kuliah,Jarang/tidak pernah,4.0,3.0,2.0,5.0,1.0,0
354,2411eeab-996a-58d8-a8cc-6ab283e50dac,0,Termurah,cost,50.60,5000.0,0.0,0.99,3.29,4.32,26-35,Laki-laki,Pelajar/Mahasiswa,<1 juta,Motor,Sekolah/Kuliah,Beberapa kali sebulan,1.0,3.0,3.0,5.0,3.0,1
354,2411eeab-996a-58d8-a8cc-6ab283e50dac,1,Rekomendasi,alternative,63.00,7000.0,1.0,0.13,3.66,3.24,26-35,Laki-laki,Pelajar/Mahasiswa,<1 juta,Motor,Sekolah/Kuliah,Beberapa kali sebulan,1.0,3.0,3.0,5.0,3.0,0
354,2411eeab-996a-58d8-a8cc-6ab283e50dac,2,Kendaraan Pribadi,private_vehicle,33.60,10500.0,0.0,0.00,4.11,2.43,26-35,Laki-laki,Pelajar/Mahasiswa,<1 juta,Motor,Sekolah/Kuliah,Beberapa kali sebulan,1.0,3.0,3.0,5.0,3.0,0
355,ae5c25e4-52b9-556e-8f15-44da042081c9,0,Tercepat,time,96.80,5000.0,0.0,0.17,2.57,3.15,26-35,Laki-laki,Pelajar/Mahasiswa,<1 juta,Motor,Sekolah/Kuliah,Beberapa kali sebulan,1.0,3.0,3.0,5.0,3.0,0
355,ae5c25e4-52b9-556e-8f15-44da042081c9,1,Kendaraan Pribadi,private_vehicle,53.50,11500.0,0.0,0.00,4.49,3.20,26-35,Laki-laki,Pelajar/Mahasiswa,<1 juta,Motor,Sekolah/Kuliah,Beberapa kali sebulan,1.0,3.0,3.0,5.0,3.0,1
356,348c0334-3a4f-5884-bac8-91f4da81ccab,0,Termurah,cost,62.00,5000.0,0.0,1.20,4.16,4.51,18-25,Perempuan,Pelajar/Mahasiswa,<1 juta,Motor dan mobil,Belanja/Rekreasi,Beberapa kali sebulan,5.0,5.0,2.0,1.0,3.0,1
356,348c0334-3a4f-5884-bac8-91f4da81ccab,1,Rekomendasi,alternative,70.30,8000.0,1.0,0.27,3.00,4.60,18-25,Perempuan,Pelajar/Mahasiswa,<1 juta,Motor dan mobil,Belanja/Rekreasi,Beberapa kali sebulan,5.0,5.0,2.0,1.0,3.0,0
356,348c0334-3a4f-5884-bac8-91f4da81ccab,2,Kendaraan Pribadi,private_vehicle,48.80,16000.0,0.0,0.00,3.95,3.45,18-25,Perempuan,Pelajar/Mahasiswa,<1 juta,Motor dan mobil,Belanja/Rekreasi,Beberapa kali sebulan,5.0,5.0,2.0,1.0,3.0,0
357,0327056c-c76e-5b9b-a4ec-c0cbbeebbfe4,0,Termurah,cost,52.40,5000.0,0.0,0.58,3.93,4.02,18-25,Perempuan,Pelajar/Mahasiswa,<1 juta,Motor dan mobil,Sekolah/Kuliah,Beberapa kali sebulan,5.0,5.0,2.0,1.0,3.0,0
357,0327056c-c76e-5b9b-a4ec-c0cbbeebbfe4,1,Kendaraan Pribadi,private_vehicle,49.10,8500.0,0.0,0.00,4.03,2.68,18-25,Perempuan,Pelajar/Mahasiswa,<1 juta,Motor dan mobil,Sekolah/Kuliah,Beberapa kali sebulan,5.0,5.0,2.0,1.0,3.0,1
358,13e3821d-1658-58b8-8c0d-5eb8cbcd53fc,0,Termurah,cost,58.70,5000.0,0.0,0.52,3.98,4.52,18-25,Laki-laki,Pelajar/Mahasiswa,1-3 juta,Motor dan mobil,Belanja/Rekreasi,Jarang/tidak pernah,3.0,5.0,3.0,4.0,2.0,1
358,13e3821d-1658-58b8-8c0d-5eb8cbcd53fc,1,Rekomendasi,alternative,71.00,7000.0,1.0,0.32,2.65,3.36,18-25,Laki-laki,Pelajar/Mahasiswa,1-3 juta,Motor dan mobil,Belanja/Rekreasi,Jarang/tidak pernah,3.0,5.0,3.0,4.0,2.0,0
358,13e3821d-1658-58b8-8c0d-5eb8cbcd53fc,2,Kendaraan Pribadi,private_vehicle,38.90,12000.0,0.0,0.00,3.62,3.23,18-25,Laki-laki,Pelajar/Mahasiswa,1-3 juta,Motor dan mobil,Belanja/Rekreasi,Jarang/tidak pernah,3.0,5.0,3.0,4.0,2.0,0
359,cefa1fec-5505-520c-97cd-c62c83a37040,0,Rekomendasi,time,60.60,5000.0,0.0,0.87,3.92,4.22,18-25,Laki-laki,Pelajar/Mahasiswa,1-3 juta,Motor dan mobil,Sekolah/Kuliah,Jarang/tidak pernah,3.0,5.0,3.0,4.0,2.0,0
359,cefa1fec-5505-520c-97cd-c62c83a37040,1,Kendaraan Pribadi,private_vehicle,57.40,18000.0,0.0,0.00,4.33,2.93,18-25,Laki-laki,Pelajar/Mahasiswa,1-3 juta,Motor dan mobil,Sekolah/Kuliah,Jarang/tidak pernah,3.0,5.0,3.0,4.0,2.0,1
360,12165f47-dbdc-5e44-8ba7-c2f2d2cadb3c,0,Rekomendasi,time,82.60,5000.0,0.0,0.88,2.97,3.06,18-25,Perempuan,Pelajar/Mahasiswa,<1 juta,Motor,Sekolah/Kuliah,Jarang/tidak pernah,3.0,1.0,3.0,5.0,4.0,0
360,12165f47-dbdc-5e44-8ba7-c2f2d2cadb3c,1,Kendaraan Pribadi,private_vehicle,39.50,8000.0,0.0,0.00,3.53,3.55,18-25,Perempuan,Pelajar/Mahasiswa,<1 juta,Motor,Sekolah/Kuliah,Jarang/tidak pernah,3.0,1.0,3.0,5.0,4.0,1
361,20c5376f-1774-57fa-b4a9-10531d32a90a,0,Rekomendasi,time,46.80,5000.0,0.0,0.61,4.05,4.02,18-25,Perempuan,Pelajar/Mahasiswa,<1 juta,Motor,Sekolah/Kuliah,Jarang/tidak pernah,3.0,1.0,3.0,5.0,4.0,0
361,20c5376f-1774-57fa-b4a9-10531d32a90a,1,Kendaraan Pribadi,private_vehicle,26.00,7500.0,0.0,0.00,4.06,3.23,18-25,Perempuan,Pelajar/Mahasiswa,<1 juta,Motor,Sekolah/Kuliah,Jarang/tidak pernah,3.0,1.0,3.0,5.0,4.0,1
362,51a63027-b4fe-5219-9283-d8907b5fee79,0,Rekomendasi,time,68.50,5000.0,0.0,1.33,4.35,4.43,36-50,Laki-laki,Wiraswasta,3-5 juta,Motor,Kerja,Beberapa kali sebulan,2.0,4.0,2.0,4.0,3.0,0
362,51a63027-b4fe-5219-9283-d8907b5fee79,1,Preferensi Saya,preference,65.10,7000.0,1.0,0.10,3.31,4.20,36-50,Laki-laki,Wiraswasta,3-5 juta,Motor,Kerja,Beberapa kali sebulan,2.0,4.0,2.0,4.0,3.0,0
362,51a63027-b4fe-5219-9283-d8907b5fee79,2,Kendaraan Pribadi,private_vehicle,53.80,13500.0,0.0,0.00,3.65,2.44,36-50,Laki-laki,Wiraswasta,3-5 juta,Motor,Kerja,Beberapa kali sebulan,2.0,4.0,2.0,4.0,3.0,1
363,89d94609-0f94-5cc5-8fe3-547caf814fe4,0,Tercepat,time,68.50,5000.0,0.0,1.34,3.70,4.12,36-50,Laki-laki,Wiraswasta,3-5 juta,Motor,Kerja,Beberapa kali sebulan,2.0,4.0,2.0,4.0,3.0,1
363,89d94609-0f94-5cc5-8fe3-547caf814fe4,1,Kendaraan Pribadi,private_vehicle,47.00,9500.0,0.0,0.00,3.61,3.21,36-50,Laki-laki,Wiraswasta,3-5 juta,Motor,Kerja,Beberapa kali sebulan,2.0,4.0,2.0,4.0,3.0,0
364,89265861-e786-549f-8b4b-aae2f8ab7fe9,0,Rekomendasi,time,31.70,5000.0,0.0,0.38,4.22,4.59,>50,Laki-laki,Lainnya,5-10 juta,Motor,Belanja/Rekreasi,Setiap hari,5.0,2.0,4.0,3.0,2.0,0
364,89265861-e786-549f-8b4b-aae2f8ab7fe9,1,Preferensi Saya,preference,41.80,8000.0,1.0,0.22,3.75,3.60,>50,Laki-laki,Lainnya,5-10 juta,Motor,Belanja/Rekreasi,Setiap hari,5.0,2.0,4.0,3.0,2.0,0
364,89265861-e786-549f-8b4b-aae2f8ab7fe9,2,Kendaraan Pribadi,private_vehicle,20.60,4500.0,0.0,0.00,4.46,3.15,>50,Laki-laki,Lainnya,5-10 juta,Motor,Belanja/Rekreasi,Setiap hari,5.0,2.0,4.0,3.0,2.0,1
365,9cf8a9ce-002d-5c19-87ab-7c4f42568260,0,Rekomendasi,time,62.00,6000.0,0.0,1.04,3.25,3.33,>50,Laki-laki,Lainnya,5-10 juta,Motor,Belanja/Rekreasi,Setiap hari,5.0,2.0,4.0,3.0,2.0,1
365,9cf8a9ce-002d-5c19-87ab-7c4f42568260,1,Kendaraan Pribadi,private_vehicle,31.90,7500.0,0.0,0.00,3.47,3.42,>50,Laki-laki,Lainnya,5-10 juta,Motor,Belanja/Rekreasi,Setiap hari,5.0,2.0,4.0,3.0,2.0,0
366,d37a36d3-0ac9-53b4-89ed-9d4aa4e8d7e1,0,Rekomendasi,time,73.80,10000.0,0.0,1.30,3.60,4.62,36-50,Laki-laki,PNS/TNI/Polri,1-3 juta,Motor,Kerja,Setiap hari,4.0,4.0,4.0,4.0,2.0,1
366,d37a36d3-0ac9-53b4-89ed-9d4aa4e8d7e1,1,Termurah,alternative,72.10,12000.0,1.0,0.11,3.05,4.16,36-50,Laki-laki,PNS/TNI/Polri,1-3 juta,Motor,Kerja,Setiap hari,4.0,4.0,4.0,4.0,2.0,0
366,d37a36d3-0ac9-53b4-89ed-9d4aa4e8d7e1,2,Kendaraan Pribadi,private_vehicle,58.70,15000.0,0.0,0.00,3.67,2.36,36-50,Laki-laki,PNS/TNI/Polri,1-3 juta,Motor,Kerja,Setiap hari,4.0,4.0,4.0,4.0,2.0,0
367,dafd55b9-51da-5b5c-b9df-5575d9ea7b50,0,Rekomendasi,time,38.40,5000.0,0.0,0.15,3.72,4.31,36-50,Laki-laki,PNS/TNI/Polri,1-3 juta,Motor,Kerja,Setiap hari,4.0,4.0,4.0,4.0,2.0,1
367,dafd55b9-51da-5b5c-b9df-5575d9ea7b50,1,Kendaraan Pribadi,private_vehicle,16.60,4000.0,0.0,0.00,3.76,2.91,36-50,Laki-laki,PNS/TNI/Polri,1-3 juta,Motor,Kerja,Setiap hari,4.0,4.0,4.0,4.0,2.0,0
368,8d77dd41-b9f2-54c3-9762-8e8f431e35e2,0,Preferensi Saya,preference,32.60,5000.0,0.0,0.28,4.14,4.05,18-25,Laki-laki,PNS/TNI/Polri,>10 juta,Motor,Lainnya,Jarang/tidak pernah,3.0,3.0,4.0,4.0,5.0,0
368,8d77dd41-b9f2-54c3-9762-8e8f431e35e2,1,Termurah,alternative,48.50,7000.0,1.0,0.29,3.66,3.13,18-25,Laki-laki,PNS/TNI/Polri,>10 juta,Motor,Lainnya,Jarang/tidak pernah,3.0,3.0,4.0,4.0,5.0,1
368,8d77dd41-b9f2-54c3-9762-8e8f431e35e2,2,Kendaraan Pribadi,private_vehicle,26.30,7000.0,0.0,0.00,3.90,3.61,18-25,Laki-laki,PNS/TNI/Polri,>10 juta,Motor,Lainnya,Jarang/tidak pernah,3.0,3.0,4.0,4.0,5.0,0
369,7950c116-3200-5f87-92e1-165dd840bf20,0,Preferensi Saya,preference,60.90,5000.0,0.0,0.79,3.71,4.33,18-25,Laki-laki,PNS/TNI/Polri,>10 juta,Motor,Belanja/Rekreasi,Jarang/tidak pernah,3.0,3.0,4.0,4.0,5.0,0
369,7950c116-3200-5f87-92e1-165dd840bf20,1,Kendaraan Pribadi,private_vehicle,51.10,10500.0,0.0,0.00,4.12,3.68,18-25,Laki-laki,PNS/TNI/Polri,>10 juta,Motor,Belanja/Rekreasi,Jarang/tidak pernah,3.0,3.0,4.0,4.0,5.0,1
