observation_id,respondent_id,alternative_index,label,optimized_for,time_minutes,cost_rupiah,transfers,access_km,comfort,reliability,age,gender,occupation,income,vehicle_ownership,trip_purpose,transit_frequency,pref_time,pref_cost,pref_comfort,pref_accessibility,pref_reliability,chosen
0,657b594f-1d4a-48ca-89eb-10e190342b2f,0,Tercepat,time,85.60,5000.0,2.0,1.63,2.62,3.07,,,,,,,,,,,,,1
0,657b594f-1d4a-48ca-89eb-10e190342b2f,1,Rekomendasi,alternative,88.13,10000.0,2.0,1.93,2.88,3.29,,,,,,,,,,,,,0
0,657b594f-1d4a-48ca-89eb-10e190342b2f,2,Kendaraan Pribadi,private_vehicle,16.50,2551.0,0.0,0.00,4.00,3.00,,,,,,,,,,,,,0
1,38804b74-2ba0-4309-8b28-388586d0a3e7,0,Rekomendasi,time,28.63,5000.0,0.0,0.21,4.78,4.96,<18,Perempuan,Wiraswasta,5-10 juta,Mobil,Kerja,Beberapa kali seminggu,3.0,4.0,2.0,4.0,4.0,1
1,38804b74-2ba0-4309-8b28-388586d0a3e7,1,Kendaraan Pribadi,private_vehicle,33.80,2815.0,0.0,0.00,4.00,3.00,<18,Perempuan,Wiraswasta,5-10 juta,Mobil,Kerja,Beberapa kali seminggu,3.0,4.0,2.0,4.0,4.0,0
2,543998fb-e431-4dbb-8506-69d8773616ed,0,Rekomendasi,time,69.64,10000.0,2.0,0.67,2.70,3.27,18-25,Laki-laki,Pelajar/Mahasiswa,<1 juta,Tidak punya,Sekolah/Kuliah,Beberapa kali seminggu,5.0,5.0,5.0,5.0,5.0,0
2,543998fb-e431-4dbb-8506-69d8773616ed,1,Termurah,cost,71.29,5000.0,2.0,1.01,2.41,2.84,18-25,Laki-laki,Pelajar/Mahasiswa,<1 juta,Tidak punya,Sekolah/Kuliah,Beberapa kali seminggu,5.0,5.0,5.0,5.0,5.0,1
2,543998fb-e431-4dbb-8506-69d8773616ed,2,Kendaraan Pribadi,private_vehicle,33.20,2770.0,0.0,0.00,4.00,3.00,18-25,Laki-laki,Pelajar/Mahasiswa,<1 juta,Tidak punya,Sekolah/Kuliah,Beberapa kali seminggu,5.0,5.0,5.0,5.0,5.0,0
3,ae321474-fe61-442a-9891-17ecbdca53e2,0,Rekomendasi,time,30.43,5000.0,0.0,0.72,3.54,3.46,18-25,Laki-laki,Pelajar/Mahasiswa,1-3 juta,Motor dan mobil,Sekolah/Kuliah,Beberapa kali seminggu,5.0,3.0,5.0,3.0,5.0,1
3,ae321474-fe61-442a-9891-17ecbdca53e2,1,Termurah,cost,38.80,0.0,0.0,0.76,2.50,2.49,18-25,Laki-laki,Pelajar/Mahasiswa,1-3 juta,Motor dan mobil,Sekolah/Kuliah,Beberapa kali seminggu,5.0,3.0,5.0,3.0,5.0,0
3,ae321474-fe61-442a-9891-17ecbdca53e2,2,Kendaraan Pribadi,private_vehicle,9.50,790.0,0.0,0.00,4.00,3.00,18-25,Laki-laki,Pelajar/Mahasiswa,1-3 juta,Motor dan mobil,Sekolah/Kuliah,Beberapa kali seminggu,5.0,3.0,5.0,3.0,5.0,0
4,78b68e37-1801-4f55-97be-77c096634558,0,Rekomendasi,time,47.63,5000.0,0.0,0.42,3.39,3.61,18-25,Laki-laki,Pelajar/Mahasiswa,5-10 juta,Motor dan mobil,Sekolah/Kuliah,Beberapa kali seminggu,,,,,,1
4,78b68e37-1801-4f55-97be-77c096634558,1,Kendaraan Pribadi,private_vehicle,30.20,2515.0,0.0,0.00,4.00,3.00,18-25,Laki-laki,Pelajar/Mahasiswa,5-10 juta,Motor dan mobil,Sekolah/Kuliah,Beberapa kali seminggu,,,,,,0
5,b38afdb4-49a8-404a-9787-42d99a365b52,0,Rekomendasi,time,53.51,10000.0,1.0,0.18,3.79,4.17,18-25,Perempuan,Pelajar/Mahasiswa,1-3 juta,Motor,Sekolah/Kuliah,Setiap hari,3.0,3.0,3.0,3.0,3.0,1
5,b38afdb4-49a8-404a-9787-42d99a365b52,1,Termurah,cost,55.62,5000.0,1.0,0.52,3.37,3.57,18-25,Perempuan,Pelajar/Mahasiswa,1-3 juta,Motor,Sekolah/Kuliah,Setiap hari,3.0,3.0,3.0,3.0,3.0,0
5,b38afdb4-49a8-404a-9787-42d99a365b52,2,Kendaraan Pribadi,private_vehicle,27.60,2302.0,0.0,0.00,4.00,3.00,18-25,Perempuan,Pelajar/Mahasiswa,1-3 juta,Motor,Sekolah/Kuliah,Setiap hari,3.0,3.0,3.0,3.0,3.0,0
6,3b99966b-d90b-40f7-9883-3568c82c13b9,0,Rekomendasi,time,66.25,5000.0,1.0,0.20,2.65,3.02,18-25,Laki-laki,Pelajar/Mahasiswa,<1 juta,Motor,Sekolah/Kuliah,Beberapa kali sebulan,,,,,,1
6,3b99966b-d90b-40f7-9883-3568c82c13b9,1,Kendaraan Pribadi,private_vehicle,37.40,3115.0,0.0,0.00,4.00,3.00,18-25,Laki-laki,Pelajar/Mahasiswa,<1 juta,Motor,Sekolah/Kuliah,Beberapa kali sebulan,,,,,,0
7,c9f08fc9-b07f-42e7-8b4b-a523add821c2,0,Rekomendasi,time,89.57,10000.0,2.0,1.08,2.65,3.17,<18,Perempuan,Pelajar/Mahasiswa,1-3 juta,Mobil,Sekolah/Kuliah,Jarang/tidak pernah,5.0,3.0,5.0,3.0,5.0,1
7,c9f08fc9-b07f-42e7-8b4b-a523add821c2,1,Termurah,cost,91.34,5000.0,2.0,1.42,2.43,2.84,<18,Perempuan,Pelajar/Mahasiswa,1-3 juta,Mobil,Sekolah/Kuliah,Jarang/tidak pernah,5.0,3.0,5.0,3.0,5.0,0
7,c9f08fc9-b07f-42e7-8b4b-a523add821c2,2,Kendaraan Pribadi,private_vehicle,34.60,2880.0,0.0,0.00,4.00,3.00,<18,Perempuan,Pelajar/Mahasiswa,1-3 juta,Mobil,Sekolah/Kuliah,Jarang/tidak pernah,5.0,3.0,5.0,3.0,5.0,0
8,e4bdfa4f-d092-5c3b-84f5-3062f4f29d02,0,Rekomendasi,time,50.51,10000.0,1.0,0.18,3.73,4.12,18-25,Perempuan,Pelajar/Mahasiswa,1-3 juta,Motor,Sekolah/Kuliah,Setiap hari,3.0,3.0,3.0,3.0,3.0,1
8,e4bdfa4f-d092-5c3b-84f5-3062f4f29d02,1,Termurah,cost,52.62,5000.0,1.0,0.52,3.30,3.49,18-25,Perempuan,Pelajar/Mahasiswa,1-3 juta,Motor,Sekolah/Kuliah,Setiap hari,3.0,3.0,3.0,3.0,3.0,0
8,e4bdfa4f-d092-5c3b-84f5-3062f4f29d02,2,Kendaraan Pribadi,private_vehicle,25.90,2158.0,0.0,0.00,4.00,3.00,18-25,Perempuan,Pelajar/Mahasiswa,1-3 juta,Motor,Sekolah/Kuliah,Setiap hari,3.0,3.0,3.0,3.0,3.0,0
9,42750a80-5340-478a-a0c5-45eaaf1c2c3a,0,Rekomendasi,time,89.56,10000.0,2.0,0.93,2.74,3.29,18-25,Perempuan,Pelajar/Mahasiswa,<1 juta,Motor dan mobil,Sekolah/Kuliah,Jarang/tidak pernah,5.0,3.0,5.0,5.0,5.0,0
9,42750a80-5340-478a-a0c5-45eaaf1c2c3a,1,Termurah,cost,91.33,5000.0,2.0,1.27,2.52,2.95,18-25,Perempuan,Pelajar/Mahasiswa,<1 juta,Motor dan mobil,Sekolah/Kuliah,Jarang/tidak pernah,5.0,3.0,5.0,5.0,5.0,0
9,42750a80-5340-478a-a0c5-45eaaf1c2c3a,2,Kendaraan Pribadi,private_vehicle,30.70,2558.0,0.0,0.00,4.00,3.00,18-25,Perempuan,Pelajar/Mahasiswa,<1 juta,Motor dan mobil,Sekolah/Kuliah,Jarang/tidak pernah,5.0,3.0,5.0,5.0,5.0,1
10,f5bea473-50eb-45e0-bf9d-5eced2e6bfd3,0,Rekomendasi,time,80.50,5000.0,1.0,0.86,2.67,2.92,18-25,Perempuan,Pelajar/Mahasiswa,<1 juta,Motor,Sekolah/Kuliah,Beberapa kali sebulan,3.0,3.0,3.0,5.0,5.0,0
10,f5bea473-50eb-45e0-bf9d-5eced2e6bfd3,1,Termurah,alternative,88.04,10000.0,2.0,1.20,2.48,2.92,18-25,Perempuan,Pelajar/Mahasiswa,<1 juta,Motor,Sekolah/Kuliah,Beberapa kali sebulan,3.0,3.0,3.0,5.0,5.0,0
10,f5bea473-50eb-45e0-bf9d-5eced2e6bfd3,2,Kendaraan Pribadi,private_vehicle,34.10,2840.0,0.0,0.00,4.00,3.00,18-25,Perempuan,Pelajar/Mahasiswa,<1 juta,Motor,Sekolah/Kuliah,Beberapa kali sebulan,3.0,3.0,3.0,5.0,5.0,1
11,79481eba-a48c-4093-8263-cf7ddf70f363,0,Rekomendasi,time,37.45,5000.0,0.0,0.33,3.40,3.60,<18,Perempuan,Karyawan,>10 juta,Motor dan mobil,Kerja,Jarang/tidak pernah,5.0,3.0,5.0,5.0,5.0,0
11,79481eba-a48c-4093-8263-cf7ddf70f363,1,Kendaraan Pribadi,private_vehicle,19.10,1595.0,0.0,0.00,4.00,3.00,<18,Perempuan,Karyawan,>10 juta,Motor dan mobil,Kerja,Jarang/tidak pernah,5.0,3.0,5.0,5.0,5.0,1
12,31e38237-a8cd-4eec-ab07-922eb8017778,0,Rekomendasi,time,48.42,5000.0,1.0,0.51,2.93,3.48,<18,Perempuan,Pelajar/Mahasiswa,<1 juta,Motor,Sekolah/Kuliah,Jarang/tidak pernah,4.0,3.0,3.0,4.0,5.0,0
12,31e38237-a8cd-4eec-ab07-922eb8017778,1,Termurah,cost,59.37,5000.0,1.0,0.85,2.66,3.00,<18,Perempuan,Pelajar/Mahasiswa,<1 juta,Motor,Sekolah/Kuliah,Jarang/tidak pernah,4.0,3.0,3.0,4.0,5.0,0
12,31e38237-a8cd-4eec-ab07-922eb8017778,2,Kendaraan Pribadi,private_vehicle,7.10,588.0,0.0,0.00,4.00,3.00,<18,Perempuan,Pelajar/Mahasiswa,<1 juta,Motor,Sekolah/Kuliah,Jarang/tidak pernah,4.0,3.0,3.0,4.0,5.0,1
13,3ecac3be-7820-4039-9554-b5c59dd4850c,0,Rekomendasi,time,26.07,0.0,0.0,0.74,2.17,2.85,<18,Laki-laki,Pelajar/Mahasiswa,<1 juta,Tidak punya,Sekolah/Kuliah,Setiap hari,5.0,5.0,3.0,5.0,5.0,1
13,3ecac3be-7820-4039-9554-b5c59dd4850c,1,Tercepat,alternative,26.79,0.0,0.0,0.76,2.17,2.85,<18,Laki-laki,Pelajar/Mahasiswa,<1 juta,Tidak punya,Sekolah/Kuliah,Setiap hari,5.0,5.0,3.0,5.0,5.0,0
13,3ecac3be-7820-4039-9554-b5c59dd4850c,2,Kendaraan Pribadi,private_vehicle,6.50,542.0,0.0,0.00,4.00,3.00,<18,Laki-laki,Pelajar/Mahasiswa,<1 juta,Tidak punya,Sekolah/Kuliah,Setiap hari,5.0,5.0,3.0,5.0,5.0,0
14,518b7a8c-7bd8-4d4b-8660-8dd68bb8c00e,0,Rekomendasi,time,74.82,10000.0,2.0,0.35,2.92,3.63,18-25,Perempuan,Pelajar/Mahasiswa,1-3 juta,Tidak punya,Sekolah/Kuliah,Beberapa kali seminggu,4.0,2.0,5.0,4.0,5.0,1
14,518b7a8c-7bd8-4d4b-8660-8dd68bb8c00e,1,Termurah,cost,76.59,5000.0,2.0,0.69,2.65,3.22,18-25,Perempuan,Pelajar/Mahasiswa,1-3 juta,Tidak punya,Sekolah/Kuliah,Beberapa kali seminggu,4.0,2.0,5.0,4.0,5.0,0
14,518b7a8c-7bd8-4d4b-8660-8dd68bb8c00e,2,Kendaraan Pribadi,private_vehicle,33.70,2808.0,0.0,0.00,4.00,3.00,18-25,Perempuan,Pelajar/Mahasiswa,1-3 juta,Tidak punya,Sekolah/Kuliah,Beberapa kali seminggu,4.0,2.0,5.0,4.0,5.0,0
15,04cbac75-80df-4c0d-a9f2-2165f65c1920,0,Rekomendasi,time,31.73,5000.0,0.0,0.04,4.96,4.99,18-25,Laki-laki,Pelajar/Mahasiswa,<1 juta,Motor,Lainnya,Beberapa kali sebulan,3.0,3.0,3.0,4.0,3.0,1
15,04cbac75-80df-4c0d-a9f2-2165f65c1920,1,Kendaraan Pribadi,private_vehicle,30.10,2508.0,0.0,0.00,4.00,3.00,18-25,Laki-laki,Pelajar/Mahasiswa,<1 juta,Motor,Lainnya,Beberapa kali sebulan,3.0,3.0,3.0,4.0,3.0,0
16,a24d9e35-3c96-4f95-8055-7316e9769181,0,Rekomendasi,time,25.25,5000.0,0.0,0.30,3.36,3.64,18-25,Laki-laki,Pelajar/Mahasiswa,>10 juta,Motor dan mobil,Sekolah/Kuliah,Beberapa kali sebulan,5.0,3.0,5.0,5.0,5.0,1
16,a24d9e35-3c96-4f95-8055-7316e9769181,1,Kendaraan Pribadi,private_vehicle,12.10,1008.0,0.0,0.00,4.00,3.00,18-25,Laki-laki,Pelajar/Mahasiswa,>10 juta,Motor dan mobil,Sekolah/Kuliah,Beberapa kali sebulan,5.0,3.0,5.0,5.0,5.0,0
17,2fa218f9-2d23-4970-a1b8-cc3f57856ccf,0,Rekomendasi,time,25.30,5000.0,0.0,0.31,3.36,3.64,18-25,Laki-laki,Pelajar/Mahasiswa,3-5 juta,Motor dan mobil,Sekolah/Kuliah,Beberapa kali sebulan,3.0,4.0,5.0,5.0,5.0,1
17,2fa218f9-2d23-4970-a1b8-cc3f57856ccf,1,Kendaraan Pribadi,private_vehicle,12.10,1008.0,0.0,0.00,4.00,3.00,18-25,Laki-laki,Pelajar/Mahasiswa,3-5 juta,Motor dan mobil,Sekolah/Kuliah,Beberapa kali sebulan,3.0,4.0,5.0,5.0,5.0,0
18,a5f921df-4bca-46f0-9f95-9479ae8f899b,0,Rekomendasi,time,29.84,5000.0,0.0,0.40,4.60,4.92,18-25,Perempuan,Pelajar/Mahasiswa,<1 juta,Motor,Lainnya,Jarang/tidak pernah,4.0,5.0,5.0,5.0,5.0,1
18,a5f921df-4bca-46f0-9f95-9479ae8f899b,1,Kendaraan Pribadi,private_vehicle,30.20,2512.0,0.0,0.00,4.00,3.00,18-25,Perempuan,Pelajar/Mahasiswa,<1 juta,Motor,Lainnya,Jarang/tidak pernah,4.0,5.0,5.0,5.0,5.0,0
19,a3e41bb6-ddb5-450c-9300-54ef42a100b4,0,Rekomendasi,time,65.56,5000.0,0.0,2.63,3.69,3.31,<18,Perempuan,Pelajar/Mahasiswa,<1 juta,Tidak punya,Sekolah/Kuliah,Beberapa kali seminggu,,,,,,1
19,a3e41bb6-ddb5-450c-9300-54ef42a100b4,1,Kendaraan Pribadi,private_vehicle,22.70,1890.0,0.0,0.00,4.00,3.00,<18,Perempuan,Pelajar/Mahasiswa,<1 juta,Tidak punya,Sekolah/Kuliah,Beberapa kali seminggu,,,,,,0
20,fd6971aa-39c4-4c6e-a165-2c2c7c3fc2dc,0,Rekomendasi,time,47.70,5000.0,1.0,0.45,2.94,3.47,<18,Perempuan,Pelajar/Mahasiswa,<1 juta,Tidak punya,Sekolah/Kuliah,Beberapa kali seminggu,,,,,,1
20,fd6971aa-39c4-4c6e-a165-2c2c7c3fc2dc,1,Termurah,cost,52.67,5000.0,1.0,0.59,2.54,3.10,<18,Perempuan,Pelajar/Mahasiswa,<1 juta,Tidak punya,Sekolah/Kuliah,Beberapa kali seminggu,,,,,,0
20,fd6971aa-39c4-4c6e-a165-2c2c7c3fc2dc,2,Kendaraan Pribadi,private_vehicle,8.50,710.0,0.0,0.00,4.00,3.00,<18,Perempuan,Pelajar/Mahasiswa,<1 juta,Tidak punya,Sekolah/Kuliah,Beberapa kali seminggu,,,,,,0
21,f158d3c9-c095-442f-9882-bfd77270c288,0,Rekomendasi,time,33.39,5000.0,0.0,0.29,3.39,3.61,<18,Perempuan,Pelajar/Mahasiswa,<1 juta,Tidak punya,Sekolah/Kuliah,Beberapa kali seminggu,5.0,4.0,5.0,5.0,4.0,1
21,f158d3c9-c095-442f-9882-bfd77270c288,1,Kendaraan Pribadi,private_vehicle,25.40,2118.0,0.0,0.00,4.00,3.00,<18,Perempuan,Pelajar/Mahasiswa,<1 juta,Tidak punya,Sekolah/Kuliah,Beberapa kali seminggu,5.0,4.0,5.0,5.0,4.0,0
22,7a862d58-90fd-5a7b-a065-9d0743439930,0,Rekomendasi,time,47.70,5000.0,1.0,0.45,2.94,3.47,<18,Perempuan,Pelajar/Mahasiswa,<1 juta,Tidak punya,Sekolah/Kuliah,Beberapa kali seminggu,,,,,,1
22,7a862d58-90fd-5a7b-a065-9d0743439930,1,Termurah,cost,52.67,5000.0,1.0,0.59,2.54,3.10,<18,Perempuan,Pelajar/Mahasiswa,<1 juta,Tidak punya,Sekolah/Kuliah,Beberapa kali seminggu,,,,,,0
22,7a862d58-90fd-5a7b-a065-9d0743439930,2,Kendaraan Pribadi,private_vehicle,17.60,1468.0,0.0,0.00,4.00,3.00,<18,Perempuan,Pelajar/Mahasiswa,<1 juta,Tidak punya,Sekolah/Kuliah,Beberapa kali seminggu,,,,,,0
23,8526a850-16d2-42ac-a51d-59da0af4d628,0,Rekomendasi,time,67.96,5000.0,1.0,0.30,2.61,3.02,<18,Laki-laki,Pelajar/Mahasiswa,<1 juta,Motor,Sekolah/Kuliah,Beberapa kali seminggu,,,,,,1
23,8526a850-16d2-42ac-a51d-59da0af4d628,1,Termurah,alternative,69.93,5000.0,1.0,0.50,2.59,3.06,<18,Laki-laki,Pelajar/Mahasiswa,<1 juta,Motor,Sekolah/Kuliah,Beberapa kali seminggu,,,,,,0
23,8526a850-16d2-42ac-a51d-59da0af4d628,2,Kendaraan Pribadi,private_vehicle,39.30,4588.0,0.0,0.00,4.00,3.00,<18,Laki-laki,Pelajar/Mahasiswa,<1 juta,Motor,Sekolah/Kuliah,Beberapa kali seminggu,,,,,,0
24,6c2a9869-f264-4810-8747-38443fc6bcf8,0,Rekomendasi,time,5.42,0.0,0.0,0.00,2.50,4.50,<18,Perempuan,Pelajar/Mahasiswa,<1 juta,Tidak punya,Sekolah/Kuliah,Beberapa kali seminggu,3.0,3.0,5.0,4.0,5.0,1
24,6c2a9869-f264-4810-8747-38443fc6bcf8,1,Kendaraan Pribadi,private_vehicle,2.40,285.0,0.0,0.00,4.00,3.00,<18,Perempuan,Pelajar/Mahasiswa,<1 juta,Tidak punya,Sekolah/Kuliah,Beberapa kali seminggu,3.0,3.0,5.0,4.0,5.0,0
25,491c6cd5-9166-4dd9-ac1c-ebd8130801f5,0,Rekomendasi,time,26.78,5000.0,0.0,0.29,3.37,3.63,18-25,Laki-laki,Pelajar/Mahasiswa,1-3 juta,Motor,Sekolah/Kuliah,Beberapa kali seminggu,,,,,,1
25,491c6cd5-9166-4dd9-ac1c-ebd8130801f5,1,Kendaraan Pribadi,private_vehicle,10.90,1272.0,0.0,0.00,4.00,3.00,18-25,Laki-laki,Pelajar/Mahasiswa,1-3 juta,Motor,Sekolah/Kuliah,Beberapa kali seminggu,,,,,,0
26,d7870cd0-cbeb-5823-9b07-3c4aeb920ead,0,Rekomendasi,time,26.78,5000.0,0.0,0.29,3.37,3.63,18-25,Laki-laki,Pelajar/Mahasiswa,1-3 juta,Motor,Sekolah/Kuliah,Beberapa kali seminggu,,,,,,1
26,d7870cd0-cbeb-5823-9b07-3c4aeb920ead,1,Kendaraan Pribadi,private_vehicle,7.40,862.0,0.0,0.00,4.00,3.00,18-25,Laki-laki,Pelajar/Mahasiswa,1-3 juta,Motor,Sekolah/Kuliah,Beberapa kali seminggu,,,,,,0
27,5a14bbeb-554f-4acf-b040-20a3b867c3dc,0,Rekomendasi,time,41.75,5000.0,0.0,1.30,4.08,3.82,18-25,Laki-laki,Pelajar/Mahasiswa,<1 juta,Motor,Sekolah/Kuliah,Jarang/tidak pernah,5.0,5.0,5.0,4.0,4.0,0
27,5a14bbeb-554f-4acf-b040-20a3b867c3dc,1,Kendaraan Pribadi,private_vehicle,17.80,2075.0,0.0,0.00,4.00,3.00,18-25,Laki-laki,Pelajar/Mahasiswa,<1 juta,Motor,Sekolah/Kuliah,Jarang/tidak pernah,5.0,5.0,5.0,4.0,4.0,1
28,dfce148f-f587-4077-a112-747e1d222e10,0,Rekomendasi,time,55.86,5000.0,0.0,0.92,3.44,3.35,18-25,Laki-laki,Pelajar/Mahasiswa,<1 juta,Motor,Sekolah/Kuliah,Jarang/tidak pernah,5.0,5.0,4.0,5.0,5.0,0
28,dfce148f-f587-4077-a112-747e1d222e10,1,Kendaraan Pribadi,private_vehicle,25.90,3022.0,0.0,0.00,4.00,3.00,18-25,Laki-laki,Pelajar/Mahasiswa,<1 juta,Motor,Sekolah/Kuliah,Jarang/tidak pernah,5.0,5.0,4.0,5.0,5.0,1
29,18f05e27-ef30-51af-b6f6-997fdbc20ecb,0,Rekomendasi,time,81.94,10000.0,1.0,0.52,3.57,3.80,18-25,Laki-laki,Pelajar/Mahasiswa,<1 juta,Motor,Sekolah/Kuliah,Jarang/tidak pernah,5.0,5.0,4.0,5.0,5.0,0
29,18f05e27-ef30-51af-b6f6-997fdbc20ecb,1,Termurah,cost,82.21,5000.0,1.0,0.52,3.22,3.45,18-25,Laki-laki,Pelajar/Mahasiswa,<1 juta,Motor,Sekolah/Kuliah,Jarang/tidak pernah,5.0,5.0,4.0,5.0,5.0,0
29,18f05e27-ef30-51af-b6f6-997fdbc20ecb,2,Kendaraan Pribadi,private_vehicle,39.20,4570.0,0.0,0.00,4.00,3.00,18-25,Laki-laki,Pelajar/Mahasiswa,<1 juta,Motor,Sekolah/Kuliah,Jarang/tidak pernah,5.0,5.0,4.0,5.0,5.0,1
30,333ccf89-1ba8-510a-a131-5d7834a8c83d,0,Rekomendasi,time,40.40,5000.0,0.0,0.85,3.44,3.28,18-25,Laki-laki,Pelajar/Mahasiswa,<1 juta,Motor,Sekolah/Kuliah,Jarang/tidak pernah,5.0,5.0,4.0,5.0,5.0,0
30,333ccf89-1ba8-510a-a131-5d7834a8c83d,1,Kendaraan Pribadi,private_vehicle,17.00,1982.0,0.0,0.00,4.00,3.00,18-25,Laki-laki,Pelajar/Mahasiswa,<1 juta,Motor,Sekolah/Kuliah,Jarang/tidak pernah,5.0,5.0,4.0,5.0,5.0,1
31,c1b1c33f-97ea-50e0-82cc-564600da5973,0,Rekomendasi,time,72.96,10000.0,1.0,0.55,3.42,3.65,18-25,Laki-laki,Pelajar/Mahasiswa,<1 juta,Motor,Sekolah/Kuliah,Jarang/tidak pernah,5.0,5.0,4.0,5.0,5.0,0
31,c1b1c33f-97ea-50e0-82cc-564600da5973,1,Termurah,cost,73.24,5000.0,1.0,0.55,3.02,3.25,18-25,Laki-laki,Pelajar/Mahasiswa,<1 juta,Motor,Sekolah/Kuliah,Jarang/tidak pernah,5.0,5.0,4.0,5.0,5.0,0
31,c1b1c33f-97ea-50e0-82cc-564600da5973,2,Kendaraan Pribadi,private_vehicle,28.70,3350.0,0.0,0.00,4.00,3.00,18-25,Laki-laki,Pelajar/Mahasiswa,<1 juta,Motor,Sekolah/Kuliah,Jarang/tidak pernah,5.0,5.0,4.0,5.0,5.0,1
32,7857b82a-cfc9-582b-9b01-e6f236dfa1dd,0,Rekomendasi,time,69.70,5000.0,0.0,1.76,3.57,3.26,18-25,Laki-laki,Pelajar/Mahasiswa,<1 juta,Motor,Sekolah/Kuliah,Jarang/tidak pernah,5.0,5.0,4.0,5.0,5.0,0
32,7857b82a-cfc9-582b-9b01-e6f236dfa1dd,1,Kendaraan Pribadi,private_vehicle,31.00,3620.0,0.0,0.00,4.00,3.00,18-25,Laki-laki,Pelajar/Mahasiswa,<1 juta,Motor,Sekolah/Kuliah,Jarang/tidak pernah,5.0,5.0,4.0,5.0,5.0,1
33,d2bc084c-3d31-5063-b9b1-60929e7c5c00,0,Rekomendasi,time,58.12,5000.0,0.0,2.18,3.63,3.18,18-25,Laki-laki,Pelajar/Mahasiswa,<1 juta,Motor,Sekolah/Kuliah,Jarang/tidak pernah,5.0,5.0,4.0,5.0,5.0,0
33,d2bc084c-3d31-5063-b9b1-60929e7c5c00,1,Termurah,cost,104.15,0.0,2.0,1.51,1.77,2.28,18-25,Laki-laki,Pelajar/Mahasiswa,<1 juta,Motor,Sekolah/Kuliah,Jarang/tidak pernah,5.0,5.0,4.0,5.0,5.0,0
33,d2bc084c-3d31-5063-b9b1-60929e7c5c00,2,Kendaraan Pribadi,private_vehicle,16.00,1870.0,0.0,0.00,4.00,3.00,18-25,Laki-laki,Pelajar/Mahasiswa,<1 juta,Motor,Sekolah/Kuliah,Jarang/tidak pernah,5.0,5.0,4.0,5.0,5.0,1
34,26fe1de9-a736-506c-a461-92a25c678997,0,Rekomendasi,time,66.18,0.0,0.0,4.11,3.49,2.74,18-25,Laki-laki,Pelajar/Mahasiswa,<1 juta,Motor,Sekolah/Kuliah,Jarang/tidak pernah,5.0,5.0,4.0,5.0,5.0,0
34,26fe1de9-a736-506c-a461-92a25c678997,1,Kendaraan Pribadi,private_vehicle,16.30,1902.0,0.0,0.00,4.00,3.00,18-25,Laki-laki,Pelajar/Mahasiswa,<1 juta,Motor,Sekolah/Kuliah,Jarang/tidak pernah,5.0,5.0,4.0,5.0,5.0,1
35,4d547101-f49e-44c6-a664-f7002ba5fb39,0,Rekomendasi,time,57.99,5000.0,1.0,0.76,3.57,3.73,18-25,Laki-laki,Pelajar/Mahasiswa,<1 juta,Motor,Sekolah/Kuliah,Beberapa kali seminggu,,,,,,1
35,4d547101-f49e-44c6-a664-f7002ba5fb39,1,Preferensi Saya,preference,58.32,5000.0,1.0,0.79,3.57,3.73,18-25,Laki-laki,Pelajar/Mahasiswa,<1 juta,Motor,Sekolah/Kuliah,Beberapa kali seminggu,,,,,,0
35,4d547101-f49e-44c6-a664-f7002ba5fb39,2,Kendaraan Pribadi,private_vehicle,22.70,2652.0,0.0,0.00,4.00,3.00,18-25,Laki-laki,Pelajar/Mahasiswa,<1 juta,Motor,Sekolah/Kuliah,Beberapa kali seminggu,,,,,,0
36,6cab52cf-7add-5003-be20-b2af7abeeb48,0,Rekomendasi,time,9.65,0.0,0.0,0.00,3.45,3.55,18-25,Laki-laki,Pelajar/Mahasiswa,<1 juta,Motor,Sekolah/Kuliah,Jarang/tidak pernah,5.0,5.0,4.0,5.0,5.0,0
36,6cab52cf-7add-5003-be20-b2af7abeeb48,1,Kendaraan Pribadi,private_vehicle,2.70,320.0,0.0,0.00,4.00,3.00,18-25,Laki-laki,Pelajar/Mahasiswa,<1 juta,Motor,Sekolah/Kuliah,Jarang/tidak pernah,5.0,5.0,4.0,5.0,5.0,1
37,bd047505-d1f1-4140-8acc-1ec873c4ede2,0,Rekomendasi,time,34.60,10000.0,0.0,0.06,4.56,4.60,,,,,,,,4.0,5.0,4.0,5.0,4.0,1
37,bd047505-d1f1-4140-8acc-1ec873c4ede2,1,Kendaraan Pribadi,private_vehicle,20.60,2400.0,0.0,0.00,4.00,3.00,,,,,,,,4.0,5.0,4.0,5.0,4.0,0
38,24b713cf-37b4-4cdd-bf6d-7a516298e9b7,0,Rekomendasi,time,60.31,10000.0,1.0,1.07,3.61,3.75,18-25,Laki-laki,Pelajar/Mahasiswa,>10 juta,Mobil,Sekolah/Kuliah,Beberapa kali sebulan,,,,,,1
38,24b713cf-37b4-4cdd-bf6d-7a516298e9b7,1,Termurah,cost,61.01,5000.0,1.0,1.07,3.11,3.24,18-25,Laki-laki,Pelajar/Mahasiswa,>10 juta,Mobil,Sekolah/Kuliah,Beberapa kali sebulan,,,,,,0
38,24b713cf-37b4-4cdd-bf6d-7a516298e9b7,2,Preferensi Saya,preference,61.96,5000.0,1.0,1.23,3.12,3.32,18-25,Laki-laki,Pelajar/Mahasiswa,>10 juta,Mobil,Sekolah/Kuliah,Beberapa kali sebulan,,,,,,0
38,24b713cf-37b4-4cdd-bf6d-7a516298e9b7,3,Kendaraan Pribadi,private_vehicle,20.60,2402.0,0.0,0.00,4.00,3.00,18-25,Laki-laki,Pelajar/Mahasiswa,>10 juta,Mobil,Sekolah/Kuliah,Beberapa kali sebulan,,,,,,0
39,8c66deca-a2f1-40c3-953b-4cb284206a64,0,Rekomendasi,time,65.96,10000.0,2.0,0.30,2.64,3.35,,,,,,,,,,,,,1
39,8c66deca-a2f1-40c3-953b-4cb284206a64,1,Termurah,cost,67.73,5000.0,2.0,0.64,2.34,2.90,,,,,,,,,,,,,0
39,8c66deca-a2f1-40c3-953b-4cb284206a64,2,Kendaraan Pribadi,private_vehicle,21.70,2535.0,0.0,0.00,4.00,3.00,,,,,,,,,,,,,0
40,296a8dd8-1dd0-4749-8d37-a6c6e5681014,0,Rekomendasi,time,117.68,5000.0,2.0,1.92,2.73,3.26,,,,,,,,,,,,,1
40,296a8dd8-1dd0-4749-8d37-a6c6e5681014,1,Kendaraan Pribadi,private_vehicle,39.60,4618.0,0.0,0.00,4.00,3.00,,,,,,,,,,,,,0
41,e3b69822-8712-4bd2-bbfd-671509cf2755,0,Rekomendasi,time,47.73,5000.0,1.0,0.56,2.91,3.49,<18,Perempuan,Pelajar/Mahasiswa,<1 juta,Motor,Lainnya,Beberapa kali seminggu,3.0,3.0,3.0,3.0,4.0,1
41,e3b69822-8712-4bd2-bbfd-671509cf2755,1,Termurah,cost,54.91,5000.0,1.0,0.85,2.66,3.00,<18,Perempuan,Pelajar/Mahasiswa,<1 juta,Motor,Lainnya,Beberapa kali seminggu,3.0,3.0,3.0,3.0,4.0,0
41,e3b69822-8712-4bd2-bbfd-671509cf2755,2,Kendaraan Pribadi,private_vehicle,7.40,858.0,0.0,0.00,4.00,3.00,<18,Perempuan,Pelajar/Mahasiswa,<1 juta,Motor,Lainnya,Beberapa kali seminggu,3.0,3.0,3.0,3.0,4.0,0
42,ec063c25-0fa8-407f-9d1f-dcd22682313a,0,Rekomendasi,time,13.60,0.0,0.0,0.00,3.97,3.03,18-25,Perempuan,Pelajar/Mahasiswa,<1 juta,Tidak punya,Sekolah/Kuliah,Beberapa kali seminggu,4.0,4.0,4.0,4.0,4.0,1
42,ec063c25-0fa8-407f-9d1f-dcd22682313a,1,Kendaraan Pribadi,private_vehicle,2.40,280.0,0.0,0.00,4.00,3.00,18-25,Perempuan,Pelajar/Mahasiswa,<1 juta,Tidak punya,Sekolah/Kuliah,Beberapa kali seminggu,4.0,4.0,4.0,4.0,4.0,0
43,e26424b6-9731-49b5-a15a-407702373fa3,0,Rekomendasi,time,45.78,0.0,0.0,2.38,3.08,2.79,26-35,Laki-laki,Karyawan,>10 juta,Motor dan mobil,Kerja,Beberapa kali sebulan,,,,,,1
43,e26424b6-9731-49b5-a15a-407702373fa3,1,Tercepat,alternative,46.50,0.0,0.0,2.40,3.07,2.80,26-35,Laki-laki,Karyawan,>10 juta,Motor dan mobil,Kerja,Beberapa kali sebulan,,,,,,0
43,e26424b6-9731-49b5-a15a-407702373fa3,2,Kendaraan Pribadi,private_vehicle,20.70,1728.0,0.0,0.00,4.00,3.00,26-35,Laki-laki,Karyawan,>10 juta,Motor dan mobil,Kerja,Beberapa kali sebulan,,,,,,0
44,9c766be6-8c56-5c33-af24-26344956fac8,0,Rekomendasi,time,45.78,0.0,0.0,2.38,3.08,2.79,26-35,Laki-laki,Karyawan,>10 juta,Motor dan mobil,Kerja,Beberapa kali sebulan,3.0,3.0,3.0,3.0,3.0,1
44,9c766be6-8c56-5c33-af24-26344956fac8,1,Termurah,alternative,46.50,0.0,0.0,2.40,3.07,2.80,26-35,Laki-laki,Karyawan,>10 juta,Motor dan mobil,Kerja,Beberapa kali sebulan,3.0,3.0,3.0,3.0,3.0,0
44,9c766be6-8c56-5c33-af24-26344956fac8,2,Kendaraan Pribadi,private_vehicle,20.70,1728.0,0.0,0.00,4.00,3.00,26-35,Laki-laki,Karyawan,>10 juta,Motor dan mobil,Kerja,Beberapa kali sebulan,3.0,3.0,3.0,3.0,3.0,0
45,8eeefecd-2fe3-4d8d-8615-cfac41ae6662,0,Rekomendasi,time,25.51,5000.0,0.0,0.70,3.17,3.83,>50,Perempuan,PNS/TNI/Polri,>10 juta,Motor dan mobil,Kerja,Jarang/tidak pernah,5.0,5.0,5.0,5.0,5.0,1
45,8eeefecd-2fe3-4d8d-8615-cfac41ae6662,1,Termurah,cost,25.75,0.0,0.0,0.76,2.56,2.50,>50,Perempuan,PNS/TNI/Polri,>10 juta,Motor dan mobil,Kerja,Jarang/tidak pernah,5.0,5.0,5.0,5.0,5.0,0
45,8eeefecd-2fe3-4d8d-8615-cfac41ae6662,2,Kendaraan Pribadi,private_vehicle,5.50,455.0,0.0,0.00,4.00,3.00,>50,Perempuan,PNS/TNI/Polri,>10 juta,Motor dan mobil,Kerja,Jarang/tidak pernah,5.0,5.0,5.0,5.0,5.0,0
46,57ea59a6-ad6c-47ce-8e88-1542e4db33ed,0,Rekomendasi,time,73.63,5000.0,1.0,1.30,3.17,3.34,36-50,Perempuan,Lainnya,3-5 juta,Mobil,Kerja,Beberapa kali sebulan,4.0,4.0,3.0,4.0,3.0,1
46,57ea59a6-ad6c-47ce-8e88-1542e4db33ed,1,Termurah,cost,85.95,5000.0,1.0,1.64,2.93,3.00,36-50,Perempuan,Lainnya,3-5 juta,Mobil,Kerja,Beberapa kali sebulan,4.0,4.0,3.0,4.0,3.0,0
46,57ea59a6-ad6c-47ce-8e88-1542e4db33ed,2,Kendaraan Pribadi,private_vehicle,46.30,3862.0,0.0,0.00,4.00,3.00,36-50,Perempuan,Lainnya,3-5 juta,Mobil,Kerja,Beberapa kali sebulan,4.0,4.0,3.0,4.0,3.0,0
47,09c61de7-bfc2-450b-80d1-972e3c093e61,0,Rekomendasi,time,34.45,0.0,0.0,1.05,2.78,2.56,18-25,Perempuan,Pelajar/Mahasiswa,<1 juta,Motor dan mobil,Sekolah/Kuliah,Beberapa kali seminggu,5.0,5.0,5.0,5.0,5.0,1
47,09c61de7-bfc2-450b-80d1-972e3c093e61,1,Tercepat,alternative,35.93,5000.0,0.0,0.87,3.35,3.21,18-25,Perempuan,Pelajar/Mahasiswa,<1 juta,Motor dan mobil,Sekolah/Kuliah,Beberapa kali seminggu,5.0,5.0,5.0,5.0,5.0,0
47,09c61de7-bfc2-450b-80d1-972e3c093e61,2,Kendaraan Pribadi,private_vehicle,7.60,635.0,0.0,0.00,4.00,3.00,18-25,Perempuan,Pelajar/Mahasiswa,<1 juta,Motor dan mobil,Sekolah/Kuliah,Beberapa kali seminggu,5.0,5.0,5.0,5.0,5.0,0
48,7a7cd803-300a-4a5d-9334-9d34a8513ffc,0,Rekomendasi,time,24.74,5000.0,0.0,0.52,3.25,3.75,,,,,,,,4.0,3.0,5.0,4.0,5.0,1
48,7a7cd803-300a-4a5d-9334-9d34a8513ffc,1,Termurah,cost,36.54,0.0,0.0,1.04,2.83,2.49,,,,,,,,4.0,3.0,5.0,4.0,5.0,0
48,7a7cd803-300a-4a5d-9334-9d34a8513ffc,2,Kendaraan Pribadi,private_vehicle,5.70,472.0,0.0,0.00,4.00,3.00,,,,,,,,4.0,3.0,5.0,4.0,5.0,0
49,8a72e54b-26f0-4091-91ec-ce07b33cb19f,0,Rekomendasi,time,137.51,5000.0,3.0,0.29,1.60,2.55,,,,,,,,,,,,,1
49,8a72e54b-26f0-4091-91ec-ce07b33cb19f,1,Kendaraan Pribadi,private_vehicle,30.40,2532.0,0.0,0.00,4.00,3.00,,,,,,,,,,,,,0
50,e7574957-ee1d-4974-bf17-3bfa267bc904,0,Rekomendasi,time,46.52,5000.0,0.0,1.92,3.66,3.34,18-25,Perempuan,Pelajar/Mahasiswa,<1 juta,Tidak punya,Sekolah/Kuliah,Beberapa kali sebulan,5.0,3.0,5.0,5.0,5.0,1
50,e7574957-ee1d-4974-bf17-3bfa267bc904,1,Kendaraan Pribadi,private_vehicle,12.20,1020.0,0.0,0.00,4.00,3.00,18-25,Perempuan,Pelajar/Mahasiswa,<1 juta,Tidak punya,Sekolah/Kuliah,Beberapa kali sebulan,5.0,3.0,5.0,5.0,5.0,0
51,75f56a39-d053-5ab2-8e39-f3ba7d2357cb,0,Rekomendasi,time,30.48,5000.0,0.0,0.70,3.54,3.46,18-25,Perempuan,Pelajar/Mahasiswa,<1 juta,Motor,Sekolah/Kuliah,Beberapa kali sebulan,3.0,5.0,4.0,3.0,5.0,1
51,75f56a39-d053-5ab2-8e39-f3ba7d2357cb,1,Kendaraan Pribadi,private_vehicle,7.50,625.0,0.0,0.00,4.00,3.00,18-25,Perempuan,Pelajar/Mahasiswa,<1 juta,Motor,Sekolah/Kuliah,Beberapa kali sebulan,3.0,5.0,4.0,3.0,5.0,0
52,d5886ccb-0764-415d-a1d1-25b49129e356,0,Rekomendasi,time,98.01,5000.0,1.0,0.95,2.60,2.87,18-25,Laki-laki,Pelajar/Mahasiswa,<1 juta,Motor,Sekolah/Kuliah,Beberapa kali seminggu,,,,,,1
52,d5886ccb-0764-415d-a1d1-25b49129e356,1,Kendaraan Pribadi,private_vehicle,36.40,3032.0,0.0,0.00,4.00,3.00,18-25,Laki-laki,Pelajar/Mahasiswa,<1 juta,Motor,Sekolah/Kuliah,Beberapa kali seminggu,,,,,,0
53,cdaa9857-19a6-46e8-9615-fb59893f27bf,0,Rekomendasi,time,148.43,5000.0,3.0,1.17,1.72,2.57,18-25,Perempuan,Pelajar/Mahasiswa,<1 juta,Motor,Sekolah/Kuliah,Beberapa kali seminggu,3.0,5.0,5.0,5.0,5.0,0
53,cdaa9857-19a6-46e8-9615-fb59893f27bf,1,Kendaraan Pribadi,private_vehicle,30.00,2502.0,0.0,0.00,4.00,3.00,18-25,Perempuan,Pelajar/Mahasiswa,<1 juta,Motor,Sekolah/Kuliah,Beberapa kali seminggu,3.0,5.0,5.0,5.0,5.0,1
54,f10ecbea-2840-4638-bc72-6d27964fa2b8,0,Rekomendasi,time,57.71,5000.0,0.0,1.52,3.60,3.40,<18,Perempuan,Pelajar/Mahasiswa,<1 juta,Tidak punya,Sekolah/Kuliah,Beberapa kali sebulan,4.0,4.0,4.0,4.0,4.0,1
54,f10ecbea-2840-4638-bc72-6d27964fa2b8,1,Kendaraan Pribadi,private_vehicle,26.20,2185.0,0.0,0.00,4.00,3.00,<18,Perempuan,Pelajar/Mahasiswa,<1 juta,Tidak punya,Sekolah/Kuliah,Beberapa kali sebulan,4.0,4.0,4.0,4.0,4.0,0
55,9f69ac3a-ae35-5167-8539-9e6e7e65d982,0,Rekomendasi,time,154.03,5000.0,3.0,1.28,1.74,2.61,18-25,Laki-laki,Pelajar/Mahasiswa,<1 juta,Motor,Sekolah/Kuliah,Setiap hari,5.0,5.0,5.0,5.0,5.0,1
55,9f69ac3a-ae35-5167-8539-9e6e7e65d982,1,Kendaraan Pribadi,private_vehicle,31.80,2652.0,0.0,0.00,4.00,3.00,18-25,Laki-laki,Pelajar/Mahasiswa,<1 juta,Motor,Sekolah/Kuliah,Setiap hari,5.0,5.0,5.0,5.0,5.0,0
56,0fa905bd-dba9-4375-a7de-4c32fdc2f5f9,0,Rekomendasi,time,36.93,5000.0,0.0,0.28,3.41,3.59,<18,Perempuan,Pelajar/Mahasiswa,<1 juta,Tidak punya,Sekolah/Kuliah,Jarang/tidak pernah,3.0,3.0,3.0,3.0,3.0,1
56,0fa905bd-dba9-4375-a7de-4c32fdc2f5f9,1,Kendaraan Pribadi,private_vehicle,31.80,2652.0,0.0,0.00,4.00,3.00,<18,Perempuan,Pelajar/Mahasiswa,<1 juta,Tidak punya,Sekolah/Kuliah,Jarang/tidak pernah,3.0,3.0,3.0,3.0,3.0,0
57,d6d425e3-de36-5dda-9e25-a14b2d3c02c7,0,Rekomendasi,time,47.63,5000.0,0.0,0.42,3.39,3.61,18-25,Laki-laki,Pelajar/Mahasiswa,5-10 juta,Motor dan mobil,Sekolah/Kuliah,Beberapa kali seminggu,,,,,,1
57,d6d425e3-de36-5dda-9e25-a14b2d3c02c7,1,Kendaraan Pribadi,private_vehicle,38.70,3228.0,0.0,0.00,4.00,3.00,18-25,Laki-laki,Pelajar/Mahasiswa,5-10 juta,Motor dan mobil,Sekolah/Kuliah,Beberapa kali seminggu,,,,,,0
58,f321a721-7ab8-4e0a-a859-37ed89d813b8,0,Rekomendasi,time,51.69,5000.0,1.0,1.17,2.92,3.10,18-25,Laki-laki,Pelajar/Mahasiswa,<1 juta,Motor,Lainnya,Beberapa kali seminggu,3.0,4.0,4.0,4.0,4.0,1
58,f321a721-7ab8-4e0a-a859-37ed89d813b8,1,Kendaraan Pribadi,private_vehicle,22.30,1860.0,0.0,0.00,4.00,3.00,18-25,Laki-laki,Pelajar/Mahasiswa,<1 juta,Motor,Lainnya,Beberapa kali seminggu,3.0,4.0,4.0,4.0,4.0,0
59,f88d5387-61ab-58bb-9a09-03cdeac688da,0,Rekomendasi,time,84.64,5000.0,1.0,0.67,2.57,3.06,<18,Laki-laki,Pelajar/Mahasiswa,<1 juta,Motor dan mobil,Sekolah/Kuliah,Beberapa kali seminggu,,,,,,1
59,f88d5387-61ab-58bb-9a09-03cdeac688da,1,Kendaraan Pribadi,private_vehicle,42.00,3500.0,0.0,0.00,4.00,3.00,<18,Laki-laki,Pelajar/Mahasiswa,<1 juta,Motor dan mobil,Sekolah/Kuliah,Beberapa kali seminggu,,,,,,0
60,551107bd-bfcd-4c59-a5a7-1f2696408156,0,Rekomendasi,time,30.71,5000.0,0.0,0.60,3.26,3.74,,,,,,,,,,,,,1
60,551107bd-bfcd-4c59-a5a7-1f2696408156,1,Kendaraan Pribadi,private_vehicle,8.00,670.0,0.0,0.00,4.00,3.00,,,,,,,,,,,,,0
61,e0a42a6f-c06f-4665-912b-1261682bdde4,0,Rekomendasi,time,57.07,5000.0,0.0,2.46,3.54,3.27,18-25,Laki-laki,Pelajar/Mahasiswa,1-3 juta,Motor dan mobil,Sekolah/Kuliah,Jarang/tidak pernah,,,,,,0
61,e0a42a6f-c06f-4665-912b-1261682bdde4,1,Kendaraan Pribadi,private_vehicle,19.70,1640.0,0.0,0.00,4.00,3.00,18-25,Laki-laki,Pelajar/Mahasiswa,1-3 juta,Motor dan mobil,Sekolah/Kuliah,Jarang/tidak pernah,,,,,,1
62,4c75bf2f-5fe4-5cdb-aa9a-b252966d08e3,0,Rekomendasi,time,28.07,0.0,0.0,0.00,4.00,3.00,18-25,Perempuan,Pelajar/Mahasiswa,1-3 juta,Tidak punya,Sekolah/Kuliah,Beberapa kali seminggu,4.0,2.0,5.0,4.0,5.0,1
62,4c75bf2f-5fe4-5cdb-aa9a-b252966d08e3,1,Kendaraan Pribadi,private_vehicle,8.90,740.0,0.0,0.00,4.00,3.00,18-25,Perempuan,Pelajar/Mahasiswa,1-3 juta,Tidak punya,Sekolah/Kuliah,Beberapa kali seminggu,4.0,2.0,5.0,4.0,5.0,0
63,c9bdf883-fc5c-4008-8bcb-12aeedc66c5a,0,Rekomendasi,time,116.23,5000.0,2.0,0.93,2.11,2.66,18-25,Perempuan,Pelajar/Mahasiswa,<1 juta,Motor dan mobil,Sekolah/Kuliah,Setiap hari,5.0,5.0,5.0,3.0,5.0,1
63,c9bdf883-fc5c-4008-8bcb-12aeedc66c5a,1,Kendaraan Pribadi,private_vehicle,24.60,2052.0,0.0,0.00,4.00,3.00,18-25,Perempuan,Pelajar/Mahasiswa,<1 juta,Motor dan mobil,Sekolah/Kuliah,Setiap hari,5.0,5.0,5.0,3.0,5.0,0
64,0c9eeadf-1021-4e23-9b06-2c99646c7c51,0,Rekomendasi,time,84.03,5000.0,0.0,3.57,3.64,3.13,18-25,Laki-laki,Pelajar/Mahasiswa,<1 juta,Motor dan mobil,Sekolah/Kuliah,Setiap hari,5.0,5.0,4.0,3.0,4.0,1
64,0c9eeadf-1021-4e23-9b06-2c99646c7c51,1,Kendaraan Pribadi,private_vehicle,39.00,3248.0,0.0,0.00,4.00,3.00,18-25,Laki-laki,Pelajar/Mahasiswa,<1 juta,Motor dan mobil,Sekolah/Kuliah,Setiap hari,5.0,5.0,4.0,3.0,4.0,0
65,531e6bc1-bb5e-5dc8-9381-3ecd56f03f79,0,Rekomendasi,time,84.03,5000.0,0.0,3.57,3.64,3.13,18-25,Laki-laki,Pelajar/Mahasiswa,<1 juta,Motor dan mobil,Sekolah/Kuliah,Setiap hari,5.0,5.0,4.0,3.0,4.0,1
65,531e6bc1-bb5e-5dc8-9381-3ecd56f03f79,1,Kendaraan Pribadi,private_vehicle,39.00,3248.0,0.0,0.00,4.00,3.00,18-25,Laki-laki,Pelajar/Mahasiswa,<1 juta,Motor dan mobil,Sekolah/Kuliah,Setiap hari,5.0,5.0,4.0,3.0,4.0,0
66,f2241d11-0dff-4dd7-b3e3-625dec18aea7,0,Rekomendasi,time,64.13,0.0,0.0,0.00,3.70,2.96,<18,Perempuan,Pelajar/Mahasiswa,<1 juta,Motor,Sekolah/Kuliah,Beberapa kali seminggu,4.0,5.0,5.0,5.0,5.0,1
66,f2241d11-0dff-4dd7-b3e3-625dec18aea7,1,Kendaraan Pribadi,private_vehicle,36.10,3005.0,0.0,0.00,4.00,3.00,<18,Perempuan,Pelajar/Mahasiswa,<1 juta,Motor,Sekolah/Kuliah,Beberapa kali seminggu,4.0,5.0,5.0,5.0,5.0,0
67,3b2c2c1f-7029-42a9-9a3d-eb0c615cc72f,0,Rekomendasi,time,27.56,0.0,0.0,1.05,2.92,2.46,18-25,Perempuan,Pelajar/Mahasiswa,3-5 juta,Tidak punya,Sekolah/Kuliah,Jarang/tidak pernah,3.0,3.0,3.0,5.0,4.0,1
67,3b2c2c1f-7029-42a9-9a3d-eb0c615cc72f,1,Tercepat,alternative,28.81,5000.0,0.0,0.98,3.60,3.40,18-25,Perempuan,Pelajar/Mahasiswa,3-5 juta,Tidak punya,Sekolah/Kuliah,Jarang/tidak pernah,3.0,3.0,3.0,5.0,4.0,0
67,3b2c2c1f-7029-42a9-9a3d-eb0c615cc72f,2,Kendaraan Pribadi,private_vehicle,7.90,655.0,0.0,0.00,4.00,3.00,18-25,Perempuan,Pelajar/Mahasiswa,3-5 juta,Tidak punya,Sekolah/Kuliah,Jarang/tidak pernah,3.0,3.0,3.0,5.0,4.0,0
68,5dd97b80-fdfc-4383-a258-5c7a56c9f05e,0,Rekomendasi,time,102.04,0.0,0.0,7.03,3.65,2.83,,,,,,,,,,,,,1
68,5dd97b80-fdfc-4383-a258-5c7a56c9f05e,1,Kendaraan Pribadi,private_vehicle,42.50,3542.0,0.0,0.00,4.00,3.00,,,,,,,,,,,,,0
69,75a5273c-9b86-4890-8ed1-1d4247f39cc6,0,Rekomendasi,time,75.27,5000.0,1.0,1.28,2.86,3.04,26-35,Laki-laki,PNS/TNI/Polri,5-10 juta,Mobil,Kerja,Jarang/tidak pernah,5.0,3.0,5.0,5.0,5.0,0
69,75a5273c-9b86-4890-8ed1-1d4247f39cc6,1,Kendaraan Pribadi,private_vehicle,33.50,2788.0,0.0,0.00,4.00,3.00,26-35,Laki-laki,PNS/TNI/Polri,5-10 juta,Mobil,Kerja,Jarang/tidak pernah,5.0,3.0,5.0,5.0,5.0,1
70,9ecebdf2-ff07-4f9e-bcd3-086d9ed3be56,0,Rekomendasi,time,68.12,5000.0,0.0,0.89,3.34,3.26,18-25,Laki-laki,Pelajar/Mahasiswa,<1 juta,Motor,Sekolah/Kuliah,Jarang/tidak pernah,5.0,4.0,3.0,5.0,5.0,1
70,9ecebdf2-ff07-4f9e-bcd3-086d9ed3be56,1,Kendaraan Pribadi,private_vehicle,24.50,2852.0,0.0,0.00,4.00,3.00,18-25,Laki-laki,Pelajar/Mahasiswa,<1 juta,Motor,Sekolah/Kuliah,Jarang/tidak pernah,5.0,4.0,3.0,5.0,5.0,0
71,fab3322c-c94f-49bd-86d8-52ac97bcedf5,0,Rekomendasi,time,89.75,5000.0,1.0,1.08,2.70,2.99,36-50,Perempuan,PNS/TNI/Polri,>10 juta,Motor dan mobil,Kerja,Beberapa kali sebulan,5.0,5.0,5.0,5.0,5.0,1
71,fab3322c-c94f-49bd-86d8-52ac97bcedf5,1,Kendaraan Pribadi,private_vehicle,45.50,3792.0,0.0,0.00,4.00,3.00,36-50,Perempuan,PNS/TNI/Polri,>10 juta,Motor dan mobil,Kerja,Beberapa kali sebulan,5.0,5.0,5.0,5.0,5.0,0
72,460563d9-f028-5100-ba5a-32726615cb36,0,Rekomendasi,time,25.99,0.0,0.0,0.83,2.55,2.61,36-50,Perempuan,PNS/TNI/Polri,>10 juta,Motor dan mobil,Kerja,Beberapa kali sebulan,5.0,4.0,4.0,5.0,5.0,1
72,460563d9-f028-5100-ba5a-32726615cb36,1,Kendaraan Pribadi,private_vehicle,6.20,520.0,0.0,0.00,4.00,3.00,36-50,Perempuan,PNS/TNI/Polri,>10 juta,Motor dan mobil,Kerja,Beberapa kali sebulan,5.0,4.0,4.0,5.0,5.0,0
73,d0776227-409c-48b3-b73b-1cb7dddbd8a5,0,Rekomendasi,time,38.75,5000.0,0.0,1.75,3.62,3.38,<18,Laki-laki,Pelajar/Mahasiswa,<1 juta,Motor dan mobil,Sekolah/Kuliah,Beberapa kali seminggu,5.0,5.0,3.0,5.0,5.0,1
73,d0776227-409c-48b3-b73b-1cb7dddbd8a5,1,Termurah,cost,48.56,0.0,0.0,1.92,2.89,2.75,<18,Laki-laki,Pelajar/Mahasiswa,<1 juta,Motor dan mobil,Sekolah/Kuliah,Beberapa kali seminggu,5.0,5.0,3.0,5.0,5.0,0
73,d0776227-409c-48b3-b73b-1cb7dddbd8a5,2,Kendaraan Pribadi,private_vehicle,11.00,1278.0,0.0,0.00,4.00,3.00,<18,Laki-laki,Pelajar/Mahasiswa,<1 juta,Motor dan mobil,Sekolah/Kuliah,Beberapa kali seminggu,5.0,5.0,3.0,5.0,5.0,0
74,8cf497b2-87bb-477f-ba1a-25d564d088bb,0,Rekomendasi,time,29.62,0.0,0.0,1.22,2.84,2.64,18-25,Laki-laki,Pelajar/Mahasiswa,<1 juta,Motor dan mobil,Sekolah/Kuliah,Jarang/tidak pernah,4.0,4.0,3.0,5.0,4.0,1
74,8cf497b2-87bb-477f-ba1a-25d564d088bb,1,Tercepat,alternative,33.96,5000.0,0.0,1.35,3.69,3.31,18-25,Laki-laki,Pelajar/Mahasiswa,<1 juta,Motor dan mobil,Sekolah/Kuliah,Jarang/tidak pernah,4.0,4.0,3.0,5.0,4.0,0
74,8cf497b2-87bb-477f-ba1a-25d564d088bb,2,Kendaraan Pribadi,private_vehicle,8.30,692.0,0.0,0.00,4.00,3.00,18-25,Laki-laki,Pelajar/Mahasiswa,<1 juta,Motor dan mobil,Sekolah/Kuliah,Jarang/tidak pernah,4.0,4.0,3.0,5.0,4.0,0
75,20aefdc3-7136-5c93-b663-97180bf695e8,0,Rekomendasi,time,29.62,0.0,0.0,1.22,2.84,2.64,18-25,Laki-laki,Pelajar/Mahasiswa,<1 juta,Motor dan mobil,Sekolah/Kuliah,Jarang/tidak pernah,4.0,4.0,3.0,5.0,4.0,1
75,20aefdc3-7136-5c93-b663-97180bf695e8,1,Tercepat,alternative,33.96,5000.0,0.0,1.35,3.69,3.31,18-25,Laki-laki,Pelajar/Mahasiswa,<1 juta,Motor dan mobil,Sekolah/Kuliah,Jarang/tidak pernah,4.0,4.0,3.0,5.0,4.0,0
75,20aefdc3-7136-5c93-b663-97180bf695e8,2,Kendaraan Pribadi,private_vehicle,8.30,692.0,0.0,0.00,4.00,3.00,18-25,Laki-laki,Pelajar/Mahasiswa,<1 juta,Motor dan mobil,Sekolah/Kuliah,Jarang/tidak pernah,4.0,4.0,3.0,5.0,4.0,0
76,75fb50c3-9943-594d-a4ff-0fa7e5764c26,0,Rekomendasi,time,108.89,5000.0,2.0,1.04,2.44,3.04,36-50,Perempuan,PNS/TNI/Polri,>10 juta,Motor dan mobil,Kerja,Beberapa kali sebulan,5.0,3.0,2.0,5.0,5.0,1
76,75fb50c3-9943-594d-a4ff-0fa7e5764c26,1,Kendaraan Pribadi,private_vehicle,52.20,4350.0,0.0,0.00,4.00,3.00,36-50,Perempuan,PNS/TNI/Polri,>10 juta,Motor dan mobil,Kerja,Beberapa kali sebulan,5.0,3.0,2.0,5.0,5.0,0
77,1599f268-d201-43c7-b81e-1bbf1356cbb7,0,Rekomendasi,time,77.61,5000.0,1.0,2.68,3.34,3.22,18-25,Perempuan,Pelajar/Mahasiswa,<1 juta,Motor,Sekolah/Kuliah,Beberapa kali seminggu,,,,,,1
77,1599f268-d201-43c7-b81e-1bbf1356cbb7,1,Kendaraan Pribadi,private_vehicle,30.20,2515.0,0.0,0.00,4.00,3.00,18-25,Perempuan,Pelajar/Mahasiswa,<1 juta,Motor,Sekolah/Kuliah,Beberapa kali seminggu,,,,,,0
78,12fe1528-6c21-5439-9b48-dce18898042c,0,Rekomendasi,time,77.61,5000.0,1.0,2.68,3.34,3.22,18-25,Perempuan,Pelajar/Mahasiswa,<1 juta,Motor,Sekolah/Kuliah,Beberapa kali seminggu,,,,,,0
78,12fe1528-6c21-5439-9b48-dce18898042c,1,Kendaraan Pribadi,private_vehicle,30.20,2515.0,0.0,0.00,4.00,3.00,18-25,Perempuan,Pelajar/Mahasiswa,<1 juta,Motor,Sekolah/Kuliah,Beberapa kali seminggu,,,,,,1
79,703565c0-d60d-5bb7-aea0-8fe057dddff3,0,Rekomendasi,time,131.22,5000.0,2.0,0.58,2.08,2.79,18-25,Perempuan,Pelajar/Mahasiswa,<1 juta,Motor,Sekolah/Kuliah,Beberapa kali seminggu,5.0,5.0,2.0,3.0,2.0,0
79,703565c0-d60d-5bb7-aea0-8fe057dddff3,1,Kendaraan Pribadi,private_vehicle,22.60,1882.0,0.0,0.00,4.00,3.00,18-25,Perempuan,Pelajar/Mahasiswa,<1 juta,Motor,Sekolah/Kuliah,Beberapa kali seminggu,5.0,5.0,2.0,3.0,2.0,1
80,9dbc466e-ff35-4e24-93bf-93abf542de29,0,Rekomendasi,time,35.09,5000.0,0.0,0.49,3.33,3.67,18-25,Perempuan,Pelajar/Mahasiswa,<1 juta,Motor,Sekolah/Kuliah,Setiap hari,3.0,5.0,3.0,5.0,1.0,1
80,9dbc466e-ff35-4e24-93bf-93abf542de29,1,Kendaraan Pribadi,private_vehicle,20.00,1662.0,0.0,0.00,4.00,3.00,18-25,Perempuan,Pelajar/Mahasiswa,<1 juta,Motor,Sekolah/Kuliah,Setiap hari,3.0,5.0,3.0,5.0,1.0,0
81,bf587975-3449-4d58-9f0a-b2d2d99f8580,0,Rekomendasi,time,35.83,0.0,0.0,1.19,2.58,2.62,18-25,Laki-laki,Pelajar/Mahasiswa,<1 juta,Motor,Belanja/Rekreasi,Beberapa kali seminggu,1.0,3.0,5.0,4.0,2.0,0
81,bf587975-3449-4d58-9f0a-b2d2d99f8580,1,Kendaraan Pribadi,private_vehicle,17.00,1415.0,0.0,0.00,4.00,3.00,18-25,Laki-laki,Pelajar/Mahasiswa,<1 juta,Motor,Belanja/Rekreasi,Beberapa kali seminggu,1.0,3.0,5.0,4.0,2.0,1
82,970e7c4c-627d-58df-a023-2576440f4df7,0,Rekomendasi,time,31.69,5000.0,0.0,0.35,3.37,3.63,18-25,Perempuan,Pelajar/Mahasiswa,<1 juta,Motor,Sekolah/Kuliah,Setiap hari,5.0,3.0,2.0,2.0,2.0,0
82,970e7c4c-627d-58df-a023-2576440f4df7,1,Kendaraan Pribadi,private_vehicle,23.50,1958.0,0.0,0.00,4.00,3.00,18-25,Perempuan,Pelajar/Mahasiswa,<1 juta,Motor,Sekolah/Kuliah,Setiap hari,5.0,3.0,2.0,2.0,2.0,1
83,688456e4-9d1a-5769-9dc2-0a766ce872a0,0,Rekomendasi,time,71.62,5000.0,1.0,0.84,2.50,2.71,18-25,Laki-laki,Pelajar/Mahasiswa,<1 juta,Motor,Belanja/Rekreasi,Beberapa kali seminggu,5.0,4.0,3.0,1.0,1.0,0
83,688456e4-9d1a-5769-9dc2-0a766ce872a0,1,Kendaraan Pribadi,private_vehicle,42.90,3575.0,0.0,0.00,4.00,3.00,18-25,Laki-laki,Pelajar/Mahasiswa,<1 juta,Motor,Belanja/Rekreasi,Beberapa kali seminggu,5.0,4.0,3.0,1.0,1.0,1
84,71460c45-9b9c-595d-aa25-e81c2d31d126,0,Rekomendasi,time,88.81,5000.0,2.0,0.55,1.90,2.65,18-25,Laki-laki,Pelajar/Mahasiswa,<1 juta,Motor,Belanja/Rekreasi,Beberapa kali seminggu,3.0,2.0,5.0,4.0,2.0,0
84,71460c45-9b9c-595d-aa25-e81c2d31d126,1,Kendaraan Pribadi,private_vehicle,17.60,2058.0,0.0,0.00,4.00,3.00,18-25,Laki-laki,Pelajar/Mahasiswa,<1 juta,Motor,Belanja/Rekreasi,Beberapa kali seminggu,3.0,2.0,5.0,4.0,2.0,1
85,a13bb81b-7bb9-5848-834c-b4234e6410eb,0,Rekomendasi,time,50.20,5000.0,0.0,1.22,3.61,3.39,18-25,Perempuan,Pelajar/Mahasiswa,<1 juta,Motor,Sekolah/Kuliah,Setiap hari,5.0,4.0,4.0,5.0,5.0,1
85,a13bb81b-7bb9-5848-834c-b4234e6410eb,1,Kendaraan Pribadi,private_vehicle,32.90,3840.0,0.0,0.00,4.00,3.00,18-25,Perempuan,Pelajar/Mahasiswa,<1 juta,Motor,Sekolah/Kuliah,Setiap hari,5.0,4.0,4.0,5.0,5.0,0
86,bf7b6b1f-dffb-5c55-824f-2bb3e3146813,0,Rekomendasi,time,12.37,0.0,0.0,0.00,3.88,3.12,18-25,Perempuan,Pelajar/Mahasiswa,<1 juta,Motor,Sekolah/Kuliah,Setiap hari,5.0,4.0,5.0,1.0,2.0,0
86,bf7b6b1f-dffb-5c55-824f-2bb3e3146813,1,Kendaraan Pribadi,private_vehicle,3.60,418.0,0.0,0.00,4.00,3.00,18-25,Perempuan,Pelajar/Mahasiswa,<1 juta,Motor,Sekolah/Kuliah,Setiap hari,5.0,4.0,5.0,1.0,2.0,1
87,62e6c6b0-b3e8-5282-8576-76db9bb534ca,0,Rekomendasi,time,158.10,5000.0,3.0,1.14,1.82,2.67,18-25,Laki-laki,Pelajar/Mahasiswa,<1 juta,Motor,Belanja/Rekreasi,Beberapa kali seminggu,3.0,5.0,5.0,3.0,1.0,0
87,62e6c6b0-b3e8-5282-8576-76db9bb534ca,1,Kendaraan Pribadi,private_vehicle,16.30,1898.0,0.0,0.00,4.00,3.00,18-25,Laki-laki,Pelajar/Mahasiswa,<1 juta,Motor,Belanja/Rekreasi,Beberapa kali seminggu,3.0,5.0,5.0,3.0,1.0,1
88,c89d092c-3bf1-5124-bb88-11263180618e,0,Rekomendasi,time,35.84,0.0,0.0,1.01,2.70,2.55,18-25,Laki-laki,Pelajar/Mahasiswa,<1 juta,Motor,Belanja/Rekreasi,Beberapa kali seminggu,3.0,4.0,4.0,4.0,2.0,0
88,c89d092c-3bf1-5124-bb88-11263180618e,1,Kendaraan Pribadi,private_vehicle,11.90,1392.0,0.0,0.00,4.00,3.00,18-25,Laki-laki,Pelajar/Mahasiswa,<1 juta,Motor,Belanja/Rekreasi,Beberapa kali seminggu,3.0,4.0,4.0,4.0,2.0,1
89,7f9ea97c-518e-5e39-9c06-325aa21769ac,0,Rekomendasi,time,49.98,5000.0,0.0,1.21,3.57,3.43,18-25,Laki-laki,Pelajar/Mahasiswa,<1 juta,Motor,Belanja/Rekreasi,Beberapa kali seminggu,5.0,1.0,3.0,5.0,3.0,0
89,7f9ea97c-518e-5e39-9c06-325aa21769ac,1,Kendaraan Pribadi,private_vehicle,20.90,2432.0,0.0,0.00,4.00,3.00,18-25,Laki-laki,Pelajar/Mahasiswa,<1 juta,Motor,Belanja/Rekreasi,Beberapa kali seminggu,5.0,1.0,3.0,5.0,3.0,1
90,27477762-4a59-5640-bd13-9dde54eb8509,0,Rekomendasi,time,16.62,0.0,0.0,0.00,3.69,3.31,18-25,Perempuan,Pelajar/Mahasiswa,<1 juta,Motor,Sekolah/Kuliah,Setiap hari,5.0,2.0,4.0,3.0,4.0,0
90,27477762-4a59-5640-bd13-9dde54eb8509,1,Kendaraan Pribadi,private_vehicle,3.90,452.0,0.0,0.00,4.00,3.00,18-25,Perempuan,Pelajar/Mahasiswa,<1 juta,Motor,Sekolah/Kuliah,Setiap hari,5.0,2.0,4.0,3.0,4.0,1
91,0caada20-f215-578c-bb3d-cb72fcf639d4,0,Rekomendasi,time,153.82,5000.0,2.0,2.68,2.37,2.76,18-25,Laki-laki,Pelajar/Mahasiswa,<1 juta,Motor,Belanja/Rekreasi,Beberapa kali seminggu,3.0,5.0,1.0,2.0,5.0,0
91,0caada20-f215-578c-bb3d-cb72fcf639d4,1,Kendaraan Pribadi,private_vehicle,14.90,1735.0,0.0,0.00,4.00,3.00,18-25,Laki-laki,Pelajar/Mahasiswa,<1 juta,Motor,Belanja/Rekreasi,Beberapa kali seminggu,3.0,5.0,1.0,2.0,5.0,1
92,3aa69cc4-f279-53aa-9c2f-4633c25a50db,0,Rekomendasi,time,44.37,5000.0,0.0,1.57,3.71,3.29,18-25,Perempuan,Pelajar/Mahasiswa,<1 juta,Motor,Sekolah/Kuliah,Setiap hari,5.0,4.0,4.0,5.0,4.0,1
92,3aa69cc4-f279-53aa-9c2f-4633c25a50db,1,Kendaraan Pribadi,private_vehicle,11.20,1310.0,0.0,0.00,4.00,3.00,18-25,Perempuan,Pelajar/Mahasiswa,<1 juta,Motor,Sekolah/Kuliah,Setiap hari,5.0,4.0,4.0,5.0,4.0,0
93,f665daf7-ae10-560b-a99d-1d6f54e9e3ec,0,Rekomendasi,time,129.92,5000.0,2.0,1.75,2.34,2.78,18-25,Laki-laki,Pelajar/Mahasiswa,<1 juta,Motor,Belanja/Rekreasi,Beberapa kali seminggu,4.0,3.0,2.0,4.0,2.0,0
93,f665daf7-ae10-560b-a99d-1d6f54e9e3ec,1,Kendaraan Pribadi,private_vehicle,23.90,2785.0,0.0,0.00,4.00,3.00,18-25,Laki-laki,Pelajar/Mahasiswa,<1 juta,Motor,Belanja/Rekreasi,Beberapa kali seminggu,4.0,3.0,2.0,4.0,2.0,1
94,8f11a1b6-8c13-5ebf-bd62-dac3a5f55ccc,0,Rekomendasi,time,135.09,5000.0,3.0,0.58,1.66,2.52,18-25,Perempuan,Pelajar/Mahasiswa,<1 juta,Motor,Sekolah/Kuliah,Setiap hari,5.0,2.0,2.0,1.0,2.0,0
94,8f11a1b6-8c13-5ebf-bd62-dac3a5f55ccc,1,Kendaraan Pribadi,private_vehicle,11.40,1330.0,0.0,0.00,4.00,3.00,18-25,Perempuan,Pelajar/Mahasiswa,<1 juta,Motor,Sekolah/Kuliah,Setiap hari,5.0,2.0,2.0,1.0,2.0,1
95,c22176ab-8786-5a28-9aa0-1e6de0f44e89,0,Rekomendasi,time,105.14,5000.0,2.0,0.77,2.12,2.64,18-25,Perempuan,Pelajar/Mahasiswa,<1 juta,Motor,Sekolah/Kuliah,Setiap hari,5.0,4.0,3.0,5.0,5.0,1
95,c22176ab-8786-5a28-9aa0-1e6de0f44e89,1,Kendaraan Pribadi,private_vehicle,13.40,1562.0,0.0,0.00,4.00,3.00,18-25,Perempuan,Pelajar/Mahasiswa,<1 juta,Motor,Sekolah/Kuliah,Setiap hari,5.0,4.0,3.0,5.0,5.0,0
96,2216f3f2-1655-5f0d-9e17-a6cba96d6ab5,0,Rekomendasi,time,31.06,5000.0,0.0,0.69,3.23,3.77,18-25,Laki-laki,Pelajar/Mahasiswa,<1 juta,Motor,Belanja/Rekreasi,Beberapa kali seminggu,5.0,5.0,3.0,2.0,4.0,1
96,2216f3f2-1655-5f0d-9e17-a6cba96d6ab5,1,Kendaraan Pribadi,private_vehicle,13.60,1588.0,0.0,0.00,4.00,3.00,18-25,Laki-laki,Pelajar/Mahasiswa,<1 juta,Motor,Belanja/Rekreasi,Beberapa kali seminggu,5.0,5.0,3.0,2.0,4.0,0
97,99cdcf61-dc10-5126-9247-933afdc23a7b,0,Rekomendasi,time,130.94,5000.0,2.0,2.09,2.22,2.64,18-25,Perempuan,Pelajar/Mahasiswa,<1 juta,Motor,Sekolah/Kuliah,Setiap hari,5.0,5.0,4.0,5.0,3.0,1
97,99cdcf61-dc10-5126-9247-933afdc23a7b,1,Kendaraan Pribadi,private_vehicle,28.40,3315.0,0.0,0.00,4.00,3.00,18-25,Perempuan,Pelajar/Mahasiswa,<1 juta,Motor,Sekolah/Kuliah,Setiap hari,5.0,5.0,4.0,5.0,3.0,0
98,75b2a423-5bdc-55ba-8a99-5b168c9f9b80,0,Rekomendasi,time,19.10,0.0,0.0,0.31,2.10,2.48,18-25,Perempuan,Pelajar/Mahasiswa,<1 juta,Motor,Sekolah/Kuliah,Setiap hari,5.0,5.0,4.0,4.0,5.0,0
98,75b2a423-5bdc-55ba-8a99-5b168c9f9b80,1,Kendaraan Pribadi,private_vehicle,9.90,1160.0,0.0,0.00,4.00,3.00,18-25,Perempuan,Pelajar/Mahasiswa,<1 juta,Motor,Sekolah/Kuliah,Setiap hari,5.0,5.0,4.0,4.0,5.0,1
99,2fbb8dbb-3a5c-5d5e-ad79-b0aa166adbee,0,Rekomendasi,time,117.11,5000.0,1.0,3.39,3.08,3.05,18-25,Laki-laki,Pelajar/Mahasiswa,<1 juta,Motor,Belanja/Rekreasi,Beberapa kali seminggu,5.0,3.0,3.0,3.0,4.0,1
99,2fbb8dbb-3a5c-5d5e-ad79-b0aa166adbee,1,Kendaraan Pribadi,private_vehicle,26.50,2208.0,0.0,0.00,4.00,3.00,18-25,Laki-laki,Pelajar/Mahasiswa,<1 juta,Motor,Belanja/Rekreasi,Beberapa kali seminggu,5.0,3.0,3.0,3.0,4.0,0
100,4afc0131-5605-5aa3-a1dd-265d7795aa61,0,Rekomendasi,time,25.17,0.0,0.0,0.00,4.00,3.00,18-25,Perempuan,Pelajar/Mahasiswa,<1 juta,Motor,Sekolah/Kuliah,Setiap hari,5.0,3.0,3.0,2.0,3.0,0
100,4afc0131-5605-5aa3-a1dd-265d7795aa61,1,Kendaraan Pribadi,private_vehicle,4.70,388.0,0.0,0.00,4.00,3.00,18-25,Perempuan,Pelajar/Mahasiswa,<1 juta,Motor,Sekolah/Kuliah,Setiap hari,5.0,3.0,3.0,2.0,3.0,1
101,64a947a4-8e26-5d9e-a765-5d353d41e8d5,0,Rekomendasi,time,29.71,5000.0,0.0,0.38,3.34,3.66,18-25,Laki-laki,Pelajar/Mahasiswa,<1 juta,Motor,Belanja/Rekreasi,Beberapa kali seminggu,4.0,5.0,4.0,4.0,2.0,1
101,64a947a4-8e26-5d9e-a765-5d353d41e8d5,1,Kendaraan Pribadi,private_vehicle,19.20,1600.0,0.0,0.00,4.00,3.00,18-25,Laki-laki,Pelajar/Mahasiswa,<1 juta,Motor,Belanja/Rekreasi,Beberapa kali seminggu,4.0,5.0,4.0,4.0,2.0,0
102,c0da798e-16ac-54c1-8608-984602cb5688,0,Rekomendasi,time,13.28,0.0,0.0,0.00,3.55,3.45,18-25,Perempuan,Pelajar/Mahasiswa,<1 juta,Motor,Sekolah/Kuliah,Setiap hari,5.0,4.0,3.0,2.0,4.0,0
102,c0da798e-16ac-54c1-8608-984602cb5688,1,Kendaraan Pribadi,private_vehicle,7.70,645.0,0.0,0.00,4.00,3.00,18-25,Perempuan,Pelajar/Mahasiswa,<1 juta,Motor,Sekolah/Kuliah,Setiap hari,5.0,4.0,3.0,2.0,4.0,1
103,decfae1d-a5b6-59db-975a-994f035da60a,0,Rekomendasi,time,113.68,5000.0,2.0,0.21,2.00,2.65,18-25,Perempuan,Pelajar/Mahasiswa,<1 juta,Motor,Sekolah/Kuliah,Setiap hari,5.0,3.0,4.0,5.0,3.0,1
103,decfae1d-a5b6-59db-975a-994f035da60a,1,Kendaraan Pribadi,private_vehicle,31.30,2605.0,0.0,0.00,4.00,3.00,18-25,Perempuan,Pelajar/Mahasiswa,<1 juta,Motor,Sekolah/Kuliah,Setiap hari,5.0,3.0,4.0,5.0,3.0,0
104,b2f64972-c38b-5262-8e89-431b9120075e,0,Rekomendasi,time,30.65,0.0,0.0,0.67,2.64,2.44,18-25,Laki-laki,Pelajar/Mahasiswa,<1 juta,Motor,Belanja/Rekreasi,Beberapa kali seminggu,2.0,5.0,3.0,3.0,3.0,1
104,b2f64972-c38b-5262-8e89-431b9120075e,1,Kendaraan Pribadi,private_vehicle,13.10,1095.0,0.0,0.00,4.00,3.00,18-25,Laki-laki,Pelajar/Mahasiswa,<1 juta,Motor,Belanja/Rekreasi,Beberapa kali seminggu,2.0,5.0,3.0,3.0,3.0,0
105,4309055b-8a87-553d-b780-23aa19e31891,0,Rekomendasi,time,22.85,0.0,0.0,0.00,4.00,3.00,18-25,Perempuan,Pelajar/Mahasiswa,<1 juta,Motor,Sekolah/Kuliah,Setiap hari,3.0,5.0,2.0,3.0,2.0,0
105,4309055b-8a87-553d-b780-23aa19e31891,1,Kendaraan Pribadi,private_vehicle,5.60,465.0,0.0,0.00,4.00,3.00,18-25,Perempuan,Pelajar/Mahasiswa,<1 juta,Motor,Sekolah/Kuliah,Setiap hari,3.0,5.0,2.0,3.0,2.0,1
106,a2dbf8bc-27c3-534d-8a6a-2f74a862001b,0,Rekomendasi,time,56.11,5000.0,0.0,1.21,3.57,3.43,18-25,Laki-laki,Pelajar/Mahasiswa,<1 juta,Motor,Belanja/Rekreasi,Beberapa kali seminggu,4.0,4.0,3.0,4.0,1.0,1
106,a2dbf8bc-27c3-534d-8a6a-2f74a862001b,1,Kendaraan Pribadi,private_vehicle,29.20,2432.0,0.0,0.00,4.00,3.00,18-25,Laki-laki,Pelajar/Mahasiswa,<1 juta,Motor,Belanja/Rekreasi,Beberapa kali seminggu,4.0,4.0,3.0,4.0,1.0,0
107,cb4b6fb1-1381-5dc1-acbf-3a05d5bad59c,0,Rekomendasi,time,120.65,5000.0,2.0,1.07,2.11,2.74,18-25,Perempuan,Pelajar/Mahasiswa,<1 juta,Motor,Sekolah/Kuliah,Setiap hari,5.0,3.0,4.0,5.0,5.0,1
107,cb4b6fb1-1381-5dc1-acbf-3a05d5bad59c,1,Kendaraan Pribadi,private_vehicle,30.60,2552.0,0.0,0.00,4.00,3.00,18-25,Perempuan,Pelajar/Mahasiswa,<1 juta,Motor,Sekolah/Kuliah,Setiap hari,5.0,3.0,4.0,5.0,5.0,0
108,94fb143f-95c1-5b02-82d7-3a994b1099be,0,Rekomendasi,time,34.24,5000.0,0.0,1.67,4.41,3.83,36-50,Perempuan,PNS/TNI/Polri,>10 juta,Motor dan mobil,Kerja,Beberapa kali sebulan,4.0,5.0,4.0,5.0,5.0,1
108,94fb143f-95c1-5b02-82d7-3a994b1099be,1,Kendaraan Pribadi,private_vehicle,16.00,1335.0,0.0,0.00,4.00,3.00,36-50,Perempuan,PNS/TNI/Polri,>10 juta,Motor dan mobil,Kerja,Beberapa kali sebulan,4.0,5.0,4.0,5.0,5.0,0
109,587e715f-f7b8-537c-971b-3ca3e2858c68,0,Rekomendasi,time,113.78,5000.0,1.0,2.09,2.74,2.82,36-50,Perempuan,PNS/TNI/Polri,>10 juta,Motor dan mobil,Kerja,Beberapa kali sebulan,3.0,5.0,3.0,4.0,4.0,1
109,587e715f-f7b8-537c-971b-3ca3e2858c68,1,Kendaraan Pribadi,private_vehicle,37.30,3110.0,0.0,0.00,4.00,3.00,36-50,Perempuan,PNS/TNI/Polri,>10 juta,Motor dan mobil,Kerja,Beberapa kali sebulan,3.0,5.0,3.0,4.0,4.0,0
110,70bfe05e-433c-50c0-a394-b935eaa140fd,0,Rekomendasi,time,104.62,5000.0,2.0,1.12,2.01,2.61,36-50,Perempuan,PNS/TNI/Polri,>10 juta,Motor dan mobil,Kerja,Beberapa kali sebulan,4.0,3.0,4.0,3.0,3.0,1
110,70bfe05e-433c-50c0-a394-b935eaa140fd,1,Kendaraan Pribadi,private_vehicle,30.10,2508.0,0.0,0.00,4.00,3.00,36-50,Perempuan,PNS/TNI/Polri,>10 juta,Motor dan mobil,Kerja,Beberapa kali sebulan,4.0,3.0,4.0,3.0,3.0,0
111,4f63dfa6-7fc3-5312-b144-5d1ea4255ead,0,Rekomendasi,time,104.62,5000.0,2.0,1.12,2.01,2.61,36-50,Perempuan,PNS/TNI/Polri,>10 juta,Motor dan mobil,Kerja,Beberapa kali sebulan,4.0,3.0,4.0,3.0,3.0,1
111,4f63dfa6-7fc3-5312-b144-5d1ea4255ead,1,Kendaraan Pribadi,private_vehicle,30.10,2508.0,0.0,0.00,4.00,3.00,36-50,Perempuan,PNS/TNI/Polri,>10 juta,Motor dan mobil,Kerja,Beberapa kali sebulan,4.0,3.0,4.0,3.0,3.0,0
112,64049320-6acd-550f-8698-71aa3d5d0d6d,0,Rekomendasi,time,104.62,5000.0,2.0,1.12,2.01,2.61,36-50,Perempuan,PNS/TNI/Polri,>10 juta,Motor dan mobil,Kerja,Beberapa kali sebulan,4.0,3.0,4.0,3.0,3.0,1
112,64049320-6acd-550f-8698-71aa3d5d0d6d,1,Kendaraan Pribadi,private_vehicle,30.10,2508.0,0.0,0.00,4.00,3.00,36-50,Perempuan,PNS/TNI/Polri,>10 juta,Motor dan mobil,Kerja,Beberapa kali sebulan,4.0,3.0,4.0,3.0,3.0,0
113,4745af24-7df1-5ab2-bd81-ac646ca7d4ec,0,Rekomendasi,time,45.86,5000.0,1.0,1.20,2.35,2.70,36-50,Perempuan,PNS/TNI/Polri,>10 juta,Motor dan mobil,Kerja,Beberapa kali sebulan,2.0,4.0,5.0,5.0,4.0,1
113,4745af24-7df1-5ab2-bd81-ac646ca7d4ec,1,Kendaraan Pribadi,private_vehicle,40.60,3382.0,0.0,0.00,4.00,3.00,36-50,Perempuan,PNS/TNI/Polri,>10 juta,Motor dan mobil,Kerja,Beberapa kali sebulan,2.0,4.0,5.0,5.0,4.0,0
114,9ea26c2a-8a74-5d9e-9239-30422b817839,0,Rekomendasi,time,9.72,0.0,0.0,0.00,3.36,3.60,18-25,Laki-laki,Pelajar/Mahasiswa,<1 juta,Motor,Sekolah/Kuliah,Jarang/tidak pernah,5.0,5.0,4.0,5.0,5.0,0
114,9ea26c2a-8a74-5d9e-9239-30422b817839,1,Kendaraan Pribadi,private_vehicle,2.70,320.0,0.0,0.00,4.00,3.00,18-25,Laki-laki,Pelajar/Mahasiswa,<1 juta,Motor,Sekolah/Kuliah,Jarang/tidak pernah,5.0,5.0,4.0,5.0,5.0,1
114,9ea26c2a-8a74-5d9e-9239-30422b817839,2,Preferensi Saya,preference,9.55,0.0,0.0,0.00,3.32,3.40,18-25,Laki-laki,Pelajar/Mahasiswa,<1 juta,Motor,Sekolah/Kuliah,Jarang/tidak pernah,5.0,5.0,4.0,5.0,5.0,0
115,b4d587e5-4bfd-5fa0-b1c5-ddc9d41aa738,0,Rekomendasi,time,38.06,5000.0,0.0,1.20,4.06,3.82,18-25,Laki-laki,Pelajar/Mahasiswa,<1 juta,Motor,Sekolah/Kuliah,Jarang/tidak pernah,5.0,5.0,5.0,4.0,4.0,1
115,b4d587e5-4bfd-5fa0-b1c5-ddc9d41aa738,1,Kendaraan Pribadi,private_vehicle,16.80,1958.0,0.0,0.00,4.00,3.00,18-25,Laki-laki,Pelajar/Mahasiswa,<1 juta,Motor,Sekolah/Kuliah,Jarang/tidak pernah,5.0,5.0,5.0,4.0,4.0,0
116,9efe9341-6a2d-5fb3-bcc2-796819d8b59e,0,Rekomendasi,time,99.41,5000.0,2.0,1.20,2.11,2.72,36-50,Perempuan,PNS/TNI/Polri,>10 juta,Motor dan mobil,Kerja,Beberapa kali sebulan,5.0,4.0,4.0,2.0,4.0,0
116,9efe9341-6a2d-5fb3-bcc2-796819d8b59e,1,Kendaraan Pribadi,private_vehicle,29.00,2416.0,0.0,0.00,4.00,3.00,36-50,Perempuan,PNS/TNI/Polri,>10 juta,Motor dan mobil,Kerja,Beberapa kali sebulan,5.0,4.0,4.0,2.0,4.0,1
117,8105fe41-7a6a-50de-81f8-0d26172fc178,0,Rekomendasi,time,38.82,5000.0,0.0,0.26,3.21,3.69,<18,Perempuan,Pelajar/Mahasiswa,<1 juta,Tidak punya,Sekolah/Kuliah,Jarang/tidak pernah,3.0,4.0,4.0,3.0,3.0,1
117,8105fe41-7a6a-50de-81f8-0d26172fc178,1,Kendaraan Pribadi,private_vehicle,32.50,2710.0,0.0,0.00,4.00,3.00,<18,Perempuan,Pelajar/Mahasiswa,<1 juta,Tidak punya,Sekolah/Kuliah,Jarang/tidak pernah,3.0,4.0,4.0,3.0,3.0,0
118,db0e689a-ce74-5bbd-9d37-cbdc32037a25,0,Rekomendasi,time,120.42,5000.0,2.0,0.60,2.08,2.69,18-25,Perempuan,Pelajar/Mahasiswa,<1 juta,Motor,Sekolah/Kuliah,Beberapa kali seminggu,5.0,5.0,2.0,3.0,2.0,0
118,db0e689a-ce74-5bbd-9d37-cbdc32037a25,1,Kendaraan Pribadi,private_vehicle,21.40,1782.0,0.0,0.00,4.00,3.00,18-25,Perempuan,Pelajar/Mahasiswa,<1 juta,Motor,Sekolah/Kuliah,Beberapa kali seminggu,5.0,5.0,2.0,3.0,2.0,1
119,b6e1c748-334b-5da4-a460-2064438ace74,0,Rekomendasi,time,30.52,5000.0,0.0,0.74,3.78,3.29,18-25,Laki-laki,Pelajar/Mahasiswa,1-3 juta,Motor dan mobil,Sekolah/Kuliah,Beberapa kali seminggu,5.0,3.0,5.0,3.0,5.0,1
119,b6e1c748-334b-5da4-a460-2064438ace74,1,Termurah,cost,41.89,0.0,0.0,0.75,2.50,2.32,18-25,Laki-laki,Pelajar/Mahasiswa,1-3 juta,Motor dan mobil,Sekolah/Kuliah,Beberapa kali seminggu,5.0,3.0,5.0,3.0,5.0,0
119,b6e1c748-334b-5da4-a460-2064438ace74,2,Kendaraan Pribadi,private_vehicle,9.90,823.0,0.0,0.00,4.00,3.00,18-25,Laki-laki,Pelajar/Mahasiswa,1-3 juta,Motor dan mobil,Sekolah/Kuliah,Beberapa kali seminggu,5.0,3.0,5.0,3.0,5.0,0
120,3d64ac2b-909a-5374-815e-30376acc3988,0,Rekomendasi,time,56.76,5000.0,0.0,1.22,3.33,3.04,18-25,Laki-laki,Pelajar/Mahasiswa,<1 juta,Motor,Belanja/Rekreasi,Beberapa kali seminggu,5.0,3.0,3.0,4.0,1.0,1
120,3d64ac2b-909a-5374-815e-30376acc3988,1,Kendaraan Pribadi,private_vehicle,29.80,2482.0,0.0,0.00,4.00,3.00,18-25,Laki-laki,Pelajar/Mahasiswa,<1 juta,Motor,Belanja/Rekreasi,Beberapa kali seminggu,5.0,3.0,3.0,4.0,1.0,0
121,5a066f67-fe0a-56a5-8841-ad66bcb82b2e,0,Rekomendasi,time,106.02,5000.0,2.0,1.06,2.57,2.89,36-50,Perempuan,PNS/TNI/Polri,>10 juta,Motor dan mobil,Kerja,Beberapa kali sebulan,5.0,2.0,2.0,5.0,5.0,1
121,5a066f67-fe0a-56a5-8841-ad66bcb82b2e,1,Kendaraan Pribadi,private_vehicle,49.50,4125.0,0.0,0.00,4.00,3.00,36-50,Perempuan,PNS/TNI/Polri,>10 juta,Motor dan mobil,Kerja,Beberapa kali sebulan,5.0,2.0,2.0,5.0,5.0,0
122,71547f10-e4d5-5e0c-be96-8f41a5c7f205,0,Rekomendasi,time,40.42,5000.0,0.0,0.83,3.54,3.23,18-25,Laki-laki,Pelajar/Mahasiswa,<1 juta,Motor,Sekolah/Kuliah,Jarang/tidak pernah,5.0,4.0,4.0,5.0,5.0,1
122,71547f10-e4d5-5e0c-be96-8f41a5c7f205,1,Kendaraan Pribadi,private_vehicle,16.70,1947.0,0.0,0.00,4.00,3.00,18-25,Laki-laki,Pelajar/Mahasiswa,<1 juta,Motor,Sekolah/Kuliah,Jarang/tidak pernah,5.0,4.0,4.0,5.0,5.0,0
123,5b53373d-e0d1-55b3-b123-ed1d359b2d54,0,Rekomendasi,time,5.51,0.0,0.0,0.00,2.34,4.68,<18,Perempuan,Pelajar/Mahasiswa,<1 juta,Tidak punya,Sekolah/Kuliah,Beberapa kali seminggu,4.0,3.0,5.0,3.0,5.0,1
123,5b53373d-e0d1-55b3-b123-ed1d359b2d54,1,Kendaraan Pribadi,private_vehicle,2.40,285.0,0.0,0.00,4.00,3.00,<18,Perempuan,Pelajar/Mahasiswa,<1 juta,Tidak punya,Sekolah/Kuliah,Beberapa kali seminggu,4.0,3.0,5.0,3.0,5.0,0
124,21205743-417e-5070-b410-33397243ad98,0,Rekomendasi,time,64.41,10000.0,2.0,0.70,2.68,3.14,18-25,Laki-laki,Pelajar/Mahasiswa,<1 juta,Tidak punya,Sekolah/Kuliah,Beberapa kali seminggu,5.0,5.0,5.0,5.0,4.0,1
124,21205743-417e-5070-b410-33397243ad98,1,Termurah,cost,64.94,5000.0,2.0,0.98,2.28,2.99,18-25,Laki-laki,Pelajar/Mahasiswa,<1 juta,Tidak punya,Sekolah/Kuliah,Beberapa kali seminggu,5.0,5.0,5.0,5.0,4.0,0
124,21205743-417e-5070-b410-33397243ad98,2,Kendaraan Pribadi,private_vehicle,31.40,2620.0,0.0,0.00,4.00,3.00,18-25,Laki-laki,Pelajar/Mahasiswa,<1 juta,Tidak punya,Sekolah/Kuliah,Beberapa kali seminggu,5.0,5.0,5.0,5.0,4.0,0
125,aaa0b502-f237-58ab-8201-38c537753853,0,Rekomendasi,time,30.03,5000.0,0.0,0.67,3.38,3.47,18-25,Perempuan,Pelajar/Mahasiswa,<1 juta,Motor,Sekolah/Kuliah,Beberapa kali sebulan,4.0,5.0,4.0,3.0,5.0,0
125,aaa0b502-f237-58ab-8201-38c537753853,1,Kendaraan Pribadi,private_vehicle,7.50,625.0,0.0,0.00,4.00,3.00,18-25,Perempuan,Pelajar/Mahasiswa,<1 juta,Motor,Sekolah/Kuliah,Beberapa kali sebulan,4.0,5.0,4.0,3.0,5.0,1
126,b0813576-5f6c-58e0-a689-7773b8110523,0,Rekomendasi,time,64.66,5000.0,0.0,0.86,3.30,3.26,18-25,Laki-laki,Pelajar/Mahasiswa,<1 juta,Motor,Sekolah/Kuliah,Jarang/tidak pernah,5.0,4.0,4.0,5.0,5.0,1
126,b0813576-5f6c-58e0-a689-7773b8110523,1,Kendaraan Pribadi,private_vehicle,23.20,2701.0,0.0,0.00,4.00,3.00,18-25,Laki-laki,Pelajar/Mahasiswa,<1 juta,Motor,Sekolah/Kuliah,Jarang/tidak pernah,5.0,4.0,4.0,5.0,5.0,0
127,7d563cf3-54d7-5e35-81ff-8f8f827d11e9,0,Rekomendasi,time,12.91,0.0,0.0,0.00,3.71,3.22,18-25,Perempuan,Pelajar/Mahasiswa,<1 juta,Motor,Sekolah/Kuliah,Setiap hari,5.0,4.0,5.0,1.0,1.0,1
127,7d563cf3-54d7-5e35-81ff-8f8f827d11e9,1,Kendaraan Pribadi,private_vehicle,3.60,418.0,0.0,0.00,4.00,3.00,18-25,Perempuan,Pelajar/Mahasiswa,<1 juta,Motor,Sekolah/Kuliah,Setiap hari,5.0,4.0,5.0,1.0,1.0,0
128,c4bccd5d-9408-5641-9fba-f7916591cb6c,0,Rekomendasi,time,23.42,5000.0,0.0,0.30,3.22,3.63,18-25,Laki-laki,Pelajar/Mahasiswa,3-5 juta,Motor dan mobil,Sekolah/Kuliah,Beberapa kali sebulan,3.0,4.0,5.0,5.0,5.0,1
128,c4bccd5d-9408-5641-9fba-f7916591cb6c,1,Kendaraan Pribadi,private_vehicle,11.60,966.0,0.0,0.00,4.00,3.00,18-25,Laki-laki,Pelajar/Mahasiswa,3-5 juta,Motor dan mobil,Sekolah/Kuliah,Beberapa kali sebulan,3.0,4.0,5.0,5.0,5.0,0
129,e0f7f006-fee4-5de3-9d6f-62794d1a2db8,0,Rekomendasi,time,27.45,0.0,0.0,0.80,2.61,2.59,36-50,Perempuan,PNS/TNI/Polri,>10 juta,Motor dan mobil,Kerja,Beberapa kali sebulan,5.0,4.0,4.0,5.0,5.0,1
129,e0f7f006-fee4-5de3-9d6f-62794d1a2db8,1,Kendaraan Pribadi,private_vehicle,6.40,537.0,0.0,0.00,4.00,3.00,36-50,Perempuan,PNS/TNI/Polri,>10 juta,Motor dan mobil,Kerja,Beberapa kali sebulan,5.0,4.0,4.0,5.0,5.0,0
130,6b005051-bb33-5078-978c-569851f903b4,0,Rekomendasi,time,35.73,5000.0,0.0,0.50,3.18,3.56,18-25,Perempuan,Pelajar/Mahasiswa,<1 juta,Motor,Sekolah/Kuliah,Setiap hari,2.0,5.0,3.0,5.0,1.0,1
130,6b005051-bb33-5078-978c-569851f903b4,1,Kendaraan Pribadi,private_vehicle,20.00,1662.0,0.0,0.00,4.00,3.00,18-25,Perempuan,Pelajar/Mahasiswa,<1 juta,Motor,Sekolah/Kuliah,Setiap hari,2.0,5.0,3.0,5.0,1.0,0
131,edd191be-81d5-5c1d-a3fe-e61926163566,0,Rekomendasi,time,57.70,5000.0,0.0,1.57,3.55,3.52,<18,Perempuan,Pelajar/Mahasiswa,<1 juta,Tidak punya,Sekolah/Kuliah,Beberapa kali sebulan,4.0,5.0,4.0,5.0,4.0,1
131,edd191be-81d5-5c1d-a3fe-e61926163566,1,Kendaraan Pribadi,private_vehicle,26.40,2202.0,0.0,0.00,4.00,3.00,<18,Perempuan,Pelajar/Mahasiswa,<1 juta,Tidak punya,Sekolah/Kuliah,Beberapa kali sebulan,4.0,5.0,4.0,5.0,4.0,0
132,145b1221-71cf-5a8e-81a4-152242ed4d4f,0,Rekomendasi,time,150.47,5000.0,3.0,1.15,1.72,2.63,18-25,Laki-laki,Pelajar/Mahasiswa,<1 juta,Motor,Belanja/Rekreasi,Beberapa kali seminggu,3.0,5.0,5.0,4.0,1.0,0
132,145b1221-71cf-5a8e-81a4-152242ed4d4f,1,Kendaraan Pribadi,private_vehicle,15.40,1793.0,0.0,0.00,4.00,3.00,18-25,Laki-laki,Pelajar/Mahasiswa,<1 juta,Motor,Belanja/Rekreasi,Beberapa kali seminggu,3.0,5.0,5.0,4.0,1.0,1
133,b598ab1f-69dd-5c63-8cd2-52bf3a3e370c,0,Rekomendasi,time,28.60,0.0,0.0,0.00,4.07,2.98,18-25,Perempuan,Pelajar/Mahasiswa,1-3 juta,Tidak punya,Sekolah/Kuliah,Beberapa kali seminggu,4.0,2.0,5.0,4.0,5.0,1
133,b598ab1f-69dd-5c63-8cd2-52bf3a3e370c,1,Kendaraan Pribadi,private_vehicle,9.00,748.0,0.0,0.00,4.00,3.00,18-25,Perempuan,Pelajar/Mahasiswa,1-3 juta,Tidak punya,Sekolah/Kuliah,Beberapa kali seminggu,4.0,2.0,5.0,4.0,5.0,0
134,9a1605ab-72b4-5ff5-a9f2-941974eed3ca,0,Rekomendasi,time,89.18,5000.0,0.0,3.50,3.43,3.21,18-25,Laki-laki,Pelajar/Mahasiswa,<1 juta,Motor dan mobil,Sekolah/Kuliah,Setiap hari,5.0,5.0,4.0,3.0,4.0,1
134,9a1605ab-72b4-5ff5-a9f2-941974eed3ca,1,Kendaraan Pribadi,private_vehicle,40.30,3356.0,0.0,0.00,4.00,3.00,18-25,Laki-laki,Pelajar/Mahasiswa,<1 juta,Motor dan mobil,Sekolah/Kuliah,Setiap hari,5.0,5.0,4.0,3.0,4.0,0
135,1b956262-9530-50a2-a97e-ff60f2ee92a7,0,Rekomendasi,time,37.66,5000.0,0.0,0.34,3.45,3.50,<18,Perempuan,Karyawan,>10 juta,Motor dan mobil,Kerja,Jarang/tidak pernah,5.0,4.0,5.0,5.0,5.0,1
135,1b956262-9530-50a2-a97e-ff60f2ee92a7,1,Kendaraan Pribadi,private_vehicle,19.00,1587.0,0.0,0.00,4.00,3.00,<18,Perempuan,Karyawan,>10 juta,Motor dan mobil,Kerja,Jarang/tidak pernah,5.0,4.0,5.0,5.0,5.0,0
136,5425c829-c7d6-54bc-bd18-2f04838129f5,0,Rekomendasi,time,146.39,5000.0,2.0,2.62,2.59,2.72,18-25,Laki-laki,Pelajar/Mahasiswa,<1 juta,Motor,Belanja/Rekreasi,Beberapa kali seminggu,3.0,5.0,1.0,2.0,5.0,0
136,5425c829-c7d6-54bc-bd18-2f04838129f5,1,Kendaraan Pribadi,private_vehicle,14.20,1653.0,0.0,0.00,4.00,3.00,18-25,Laki-laki,Pelajar/Mahasiswa,<1 juta,Motor,Belanja/Rekreasi,Beberapa kali seminggu,3.0,5.0,1.0,2.0,5.0,1
137,132ed1f4-89cb-5e05-bbd3-7876876cc4f5,0,Rekomendasi,time,45.19,5000.0,0.0,1.66,3.56,3.17,18-25,Perempuan,Pelajar/Mahasiswa,<1 juta,Motor,Sekolah/Kuliah,Setiap hari,5.0,4.0,4.0,5.0,4.0,1
137,132ed1f4-89cb-5e05-bbd3-7876876cc4f5,1,Kendaraan Pribadi,private_vehicle,11.80,1380.0,0.0,0.00,4.00,3.00,18-25,Perempuan,Pelajar/Mahasiswa,<1 juta,Motor,Sekolah/Kuliah,Setiap hari,5.0,4.0,4.0,5.0,4.0,0
138,6fdc0984-bb6e-5533-8aeb-26288178117b,0,Rekomendasi,time,26.48,0.0,0.0,0.69,2.05,3.02,<18,Laki-laki,Pelajar/Mahasiswa,<1 juta,Tidak punya,Sekolah/Kuliah,Setiap hari,5.0,5.0,3.0,5.0,5.0,1
138,6fdc0984-bb6e-5533-8aeb-26288178117b,1,Tercepat,alternative,26.52,0.0,0.0,0.71,2.07,2.62,<18,Laki-laki,Pelajar/Mahasiswa,<1 juta,Tidak punya,Sekolah/Kuliah,Setiap hari,5.0,5.0,3.0,5.0,5.0,0
138,6fdc0984-bb6e-5533-8aeb-26288178117b,2,Kendaraan Pribadi,private_vehicle,6.50,542.0,0.0,0.00,4.00,3.00,<18,Laki-laki,Pelajar/Mahasiswa,<1 juta,Tidak punya,Sekolah/Kuliah,Setiap hari,5.0,5.0,3.0,5.0,5.0,0
139,5602ac58-d52e-5d5b-92af-ea481e8698e4,0,Rekomendasi,time,32.71,5000.0,0.0,0.04,5.00,4.97,18-25,Laki-laki,Pelajar/Mahasiswa,<1 juta,Motor,Lainnya,Beberapa kali sebulan,3.0,3.0,3.0,4.0,3.0,1
139,5602ac58-d52e-5d5b-92af-ea481e8698e4,1,Kendaraan Pribadi,private_vehicle,30.70,2558.0,0.0,0.00,4.00,3.00,18-25,Laki-laki,Pelajar/Mahasiswa,<1 juta,Motor,Lainnya,Beberapa kali sebulan,3.0,3.0,3.0,4.0,3.0,0
140,1b9cbebc-04fa-5fd5-ac43-2db1ef6613f9,0,Rekomendasi,time,69.25,10000.0,1.0,0.52,3.45,3.63,18-25,Laki-laki,Pelajar/Mahasiswa,<1 juta,Motor,Sekolah/Kuliah,Jarang/tidak pernah,5.0,4.0,4.0,5.0,5.0,1
140,1b9cbebc-04fa-5fd5-ac43-2db1ef6613f9,1,Termurah,cost,71.18,5000.0,1.0,0.59,2.99,3.18,18-25,Laki-laki,Pelajar/Mahasiswa,<1 juta,Motor,Sekolah/Kuliah,Jarang/tidak pernah,5.0,4.0,4.0,5.0,5.0,0
140,1b9cbebc-04fa-5fd5-ac43-2db1ef6613f9,2,Kendaraan Pribadi,private_vehicle,27.90,3257.0,0.0,0.00,4.00,3.00,18-25,Laki-laki,Pelajar/Mahasiswa,<1 juta,Motor,Sekolah/Kuliah,Jarang/tidak pernah,5.0,4.0,4.0,5.0,5.0,0
141,70e56d97-e27a-51bc-81ed-b16abab61066,0,Rekomendasi,time,58.57,5000.0,0.0,2.16,3.64,3.20,18-25,Laki-laki,Pelajar/Mahasiswa,<1 juta,Motor,Sekolah/Kuliah,Jarang/tidak pernah,5.0,5.0,4.0,5.0,5.0,0
141,70e56d97-e27a-51bc-81ed-b16abab61066,1,Termurah,cost,104.92,0.0,2.0,1.43,1.73,2.16,18-25,Laki-laki,Pelajar/Mahasiswa,<1 juta,Motor,Sekolah/Kuliah,Jarang/tidak pernah,5.0,5.0,4.0,5.0,5.0,0
141,70e56d97-e27a-51bc-81ed-b16abab61066,2,Kendaraan Pribadi,private_vehicle,16.60,1940.0,0.0,0.00,4.00,3.00,18-25,Laki-laki,Pelajar/Mahasiswa,<1 juta,Motor,Sekolah/Kuliah,Jarang/tidak pernah,5.0,5.0,4.0,5.0,5.0,1
142,b4d2a829-dcb0-585c-a962-8d5adc9e67b0,0,Rekomendasi,time,99.96,5000.0,2.0,1.06,1.81,2.67,36-50,Perempuan,PNS/TNI/Polri,>10 juta,Motor dan mobil,Kerja,Beberapa kali sebulan,3.0,3.0,3.0,3.0,2.0,0
142,b4d2a829-dcb0-585c-a962-8d5adc9e67b0,1,Kendaraan Pribadi,private_vehicle,28.10,2341.0,0.0,0.00,4.00,3.00,36-50,Perempuan,PNS/TNI/Polri,>10 juta,Motor dan mobil,Kerja,Beberapa kali sebulan,3.0,3.0,3.0,3.0,2.0,1
143,44f54f2d-66f0-50ed-b8e8-fa72877f7e16,0,Rekomendasi,time,108.32,5000.0,2.0,0.22,1.82,2.71,18-25,Perempuan,Pelajar/Mahasiswa,<1 juta,Motor,Sekolah/Kuliah,Setiap hari,5.0,2.0,4.0,5.0,3.0,0
143,44f54f2d-66f0-50ed-b8e8-fa72877f7e16,1,Kendaraan Pribadi,private_vehicle,30.90,2572.0,0.0,0.00,4.00,3.00,18-25,Perempuan,Pelajar/Mahasiswa,<1 juta,Motor,Sekolah/Kuliah,Setiap hari,5.0,2.0,4.0,5.0,3.0,1
144,42c60f88-4f8a-561f-8aeb-8a788ab305af,0,Rekomendasi,time,83.34,5000.0,0.0,3.85,3.48,3.05,18-25,Laki-laki,Pelajar/Mahasiswa,<1 juta,Motor dan mobil,Sekolah/Kuliah,Setiap hari,5.0,5.0,3.0,2.0,4.0,0
144,42c60f88-4f8a-561f-8aeb-8a788ab305af,1,Kendaraan Pribadi,private_vehicle,37.40,3115.0,0.0,0.00,4.00,3.00,18-25,Laki-laki,Pelajar/Mahasiswa,<1 juta,Motor dan mobil,Sekolah/Kuliah,Setiap hari,5.0,5.0,3.0,2.0,4.0,1
145,75c35af3-734d-5e3c-8dcd-b61af6015e12,0,Rekomendasi,time,13.09,0.0,0.0,0.00,3.47,3.50,18-25,Perempuan,Pelajar/Mahasiswa,<1 juta,Motor,Sekolah/Kuliah,Setiap hari,5.0,4.0,3.0,2.0,4.0,1
145,75c35af3-734d-5e3c-8dcd-b61af6015e12,1,Kendaraan Pribadi,private_vehicle,7.90,662.0,0.0,0.00,4.00,3.00,18-25,Perempuan,Pelajar/Mahasiswa,<1 juta,Motor,Sekolah/Kuliah,Setiap hari,5.0,4.0,3.0,2.0,4.0,0
145,75c35af3-734d-5e3c-8dcd-b61af6015e12,2,Preferensi Saya,preference,13.99,0.0,0.0,0.00,3.67,3.36,18-25,Perempuan,Pelajar/Mahasiswa,<1 juta,Motor,Sekolah/Kuliah,Setiap hari,5.0,4.0,3.0,2.0,4.0,0
146,335061f6-14cd-533d-92bd-8ca78f6b6435,0,Rekomendasi,time,44.76,5000.0,0.0,2.03,3.73,3.33,18-25,Perempuan,Pelajar/Mahasiswa,<1 juta,Tidak punya,Sekolah/Kuliah,Beberapa kali sebulan,4.0,3.0,5.0,5.0,5.0,1
146,335061f6-14cd-533d-92bd-8ca78f6b6435,1,Kendaraan Pribadi,private_vehicle,11.60,970.0,0.0,0.00,4.00,3.00,18-25,Perempuan,Pelajar/Mahasiswa,<1 juta,Tidak punya,Sekolah/Kuliah,Beberapa kali sebulan,4.0,3.0,5.0,5.0,5.0,0
147,aafc4672-c5cf-5bfe-b6eb-1d6cac520bf7,0,Rekomendasi,time,35.17,0.0,0.0,1.12,2.83,2.49,18-25,Perempuan,Pelajar/Mahasiswa,<1 juta,Motor dan mobil,Sekolah/Kuliah,Beberapa kali seminggu,5.0,4.0,5.0,5.0,5.0,1
147,aafc4672-c5cf-5bfe-b6eb-1d6cac520bf7,1,Tercepat,alternative,36.27,5000.0,0.0,0.91,3.02,3.20,18-25,Perempuan,Pelajar/Mahasiswa,<1 juta,Motor dan mobil,Sekolah/Kuliah,Beberapa kali seminggu,5.0,4.0,5.0,5.0,5.0,0
147,aafc4672-c5cf-5bfe-b6eb-1d6cac520bf7,2,Kendaraan Pribadi,private_vehicle,7.90,660.0,0.0,0.00,4.00,3.00,18-25,Perempuan,Pelajar/Mahasiswa,<1 juta,Motor dan mobil,Sekolah/Kuliah,Beberapa kali seminggu,5.0,4.0,5.0,5.0,5.0,0
148,8750bf65-208d-5660-9fb8-f253f65f57ef,0,Rekomendasi,time,82.48,10000.0,2.0,0.95,2.85,3.52,18-25,Perempuan,Pelajar/Mahasiswa,<1 juta,Motor dan mobil,Sekolah/Kuliah,Jarang/tidak pernah,5.0,3.0,4.0,5.0,5.0,0
148,8750bf65-208d-5660-9fb8-f253f65f57ef,1,Termurah,cost,83.97,5000.0,2.0,1.32,2.54,3.11,18-25,Perempuan,Pelajar/Mahasiswa,<1 juta,Motor dan mobil,Sekolah/Kuliah,Jarang/tidak pernah,5.0,3.0,4.0,5.0,5.0,0
148,8750bf65-208d-5660-9fb8-f253f65f57ef,2,Kendaraan Pribadi,private_vehicle,28.70,2391.0,0.0,0.00,4.00,3.00,18-25,Perempuan,Pelajar/Mahasiswa,<1 juta,Motor dan mobil,Sekolah/Kuliah,Jarang/tidak pernah,5.0,3.0,4.0,5.0,5.0,1
149,7baa50e4-bdc4-5d07-8623-3607eeb847b1,0,Rekomendasi,time,78.50,10000.0,1.0,0.52,3.59,3.72,18-25,Laki-laki,Pelajar/Mahasiswa,<1 juta,Motor,Sekolah/Kuliah,Jarang/tidak pernah,5.0,5.0,5.0,5.0,4.0,1
149,7baa50e4-bdc4-5d07-8623-3607eeb847b1,1,Termurah,cost,84.37,5000.0,1.0,0.50,3.11,3.46,18-25,Laki-laki,Pelajar/Mahasiswa,<1 juta,Motor,Sekolah/Kuliah,Jarang/tidak pernah,5.0,5.0,5.0,5.0,4.0,0
149,7baa50e4-bdc4-5d07-8623-3607eeb847b1,2,Kendaraan Pribadi,private_vehicle,38.90,4535.0,0.0,0.00,4.00,3.00,18-25,Laki-laki,Pelajar/Mahasiswa,<1 juta,Motor,Sekolah/Kuliah,Jarang/tidak pernah,5.0,5.0,5.0,5.0,4.0,0
150,e1d583fd-66a5-52ad-bb94-5795da313d73,0,Rekomendasi,time,28.89,5000.0,0.0,0.42,4.61,4.95,18-25,Perempuan,Pelajar/Mahasiswa,<1 juta,Motor,Lainnya,Jarang/tidak pernah,5.0,5.0,5.0,5.0,5.0,1
150,e1d583fd-66a5-52ad-bb94-5795da313d73,1,Kendaraan Pribadi,private_vehicle,28.40,2362.0,0.0,0.00,4.00,3.00,18-25,Perempuan,Pelajar/Mahasiswa,<1 juta,Motor,Lainnya,Jarang/tidak pernah,5.0,5.0,5.0,5.0,5.0,0
150,e1d583fd-66a5-52ad-bb94-5795da313d73,2,Preferensi Saya,preference,27.77,5000.0,0.0,0.42,4.48,4.93,18-25,Perempuan,Pelajar/Mahasiswa,<1 juta,Motor,Lainnya,Jarang/tidak pernah,5.0,5.0,5.0,5.0,5.0,0
151,0c3aaa6f-2adf-578d-8f02-44783adde897,0,Rekomendasi,time,74.72,5000.0,1.0,1.21,3.13,3.40,36-50,Perempuan,Lainnya,3-5 juta,Mobil,Kerja,Beberapa kali sebulan,4.0,4.0,3.0,4.0,4.0,1
151,0c3aaa6f-2adf-578d-8f02-44783adde897,1,Termurah,cost,90.28,5000.0,1.0,1.68,2.81,3.14,36-50,Perempuan,Lainnya,3-5 juta,Mobil,Kerja,Beberapa kali sebulan,4.0,4.0,3.0,4.0,4.0,0
151,0c3aaa6f-2adf-578d-8f02-44783adde897,2,Kendaraan Pribadi,private_vehicle,48.30,4029.0,0.0,0.00,4.00,3.00,36-50,Perempuan,Lainnya,3-5 juta,Mobil,Kerja,Beberapa kali sebulan,4.0,4.0,3.0,4.0,4.0,0
152,04be40e7-39f2-53ff-9371-7057a0d10bc7,0,Rekomendasi,time,52.26,10000.0,1.0,0.17,4.03,4.23,18-25,Perempuan,Pelajar/Mahasiswa,1-3 juta,Motor,Sekolah/Kuliah,Setiap hari,3.0,3.0,3.0,2.0,3.0,1
152,04be40e7-39f2-53ff-9371-7057a0d10bc7,1,Termurah,cost,52.89,5000.0,1.0,0.52,3.55,3.46,18-25,Perempuan,Pelajar/Mahasiswa,1-3 juta,Motor,Sekolah/Kuliah,Setiap hari,3.0,3.0,3.0,2.0,3.0,0
152,04be40e7-39f2-53ff-9371-7057a0d10bc7,2,Kendaraan Pribadi,private_vehicle,26.80,2233.0,0.0,0.00,4.00,3.00,18-25,Perempuan,Pelajar/Mahasiswa,1-3 juta,Motor,Sekolah/Kuliah,Setiap hari,3.0,3.0,3.0,2.0,3.0,0
153,75090677-0a0e-5af7-a18b-3c067bf0888e,0,Rekomendasi,time,120.73,5000.0,2.0,1.00,1.87,2.82,18-25,Perempuan,Pelajar/Mahasiswa,<1 juta,Motor,Sekolah/Kuliah,Setiap hari,5.0,3.0,4.0,5.0,5.0,1
153,75090677-0a0e-5af7-a18b-3c067bf0888e,1,Kendaraan Pribadi,private_vehicle,29.60,2469.0,0.0,0.00,4.00,3.00,18-25,Perempuan,Pelajar/Mahasiswa,<1 juta,Motor,Sekolah/Kuliah,Setiap hari,5.0,3.0,4.0,5.0,5.0,0
154,7b84cc07-ee3f-574c-873e-9892322b86fd,0,Rekomendasi,time,117.15,5000.0,1.0,2.09,2.70,2.54,36-50,Perempuan,PNS/TNI/Polri,>10 juta,Motor dan mobil,Kerja,Beberapa kali sebulan,4.0,5.0,2.0,4.0,3.0,1
154,7b84cc07-ee3f-574c-873e-9892322b86fd,1,Kendaraan Pribadi,private_vehicle,39.40,3285.0,0.0,0.00,4.00,3.00,36-50,Perempuan,PNS/TNI/Polri,>10 juta,Motor dan mobil,Kerja,Beberapa kali sebulan,4.0,5.0,2.0,4.0,3.0,0
155,812f1689-1fe1-5f18-997e-b2902986f40c,0,Rekomendasi,time,150.38,5000.0,3.0,1.34,1.75,2.37,18-25,Laki-laki,Pelajar/Mahasiswa,<1 juta,Motor,Sekolah/Kuliah,Setiap hari,5.0,5.0,5.0,4.0,5.0,0
155,812f1689-1fe1-5f18-997e-b2902986f40c,1,Kendaraan Pribadi,private_vehicle,31.50,2627.0,0.0,0.00,4.00,3.00,18-25,Laki-laki,Pelajar/Mahasiswa,<1 juta,Motor,Sekolah/Kuliah,Setiap hari,5.0,5.0,5.0,4.0,5.0,1
156,fcfbdf5b-e382-5ccd-8d36-a55a3474481d,0,Rekomendasi,time,42.23,5000.0,1.0,1.11,2.52,2.69,36-50,Perempuan,PNS/TNI/Polri,>10 juta,Motor dan mobil,Kerja,Beberapa kali sebulan,2.0,3.0,5.0,5.0,4.0,1
156,fcfbdf5b-e382-5ccd-8d36-a55a3474481d,1,Kendaraan Pribadi,private_vehicle,38.10,3174.0,0.0,0.00,4.00,3.00,36-50,Perempuan,PNS/TNI/Polri,>10 juta,Motor dan mobil,Kerja,Beberapa kali sebulan,2.0,3.0,5.0,5.0,4.0,0
157,43774e7d-ca00-5aac-b5fa-f4dba6ecbd34,0,Rekomendasi,time,32.39,5000.0,0.0,1.73,4.44,3.84,36-50,Perempuan,PNS/TNI/Polri,>10 juta,Motor dan mobil,Kerja,Beberapa kali sebulan,4.0,5.0,5.0,5.0,5.0,1
157,43774e7d-ca00-5aac-b5fa-f4dba6ecbd34,1,Kendaraan Pribadi,private_vehicle,15.60,1302.0,0.0,0.00,4.00,3.00,36-50,Perempuan,PNS/TNI/Polri,>10 juta,Motor dan mobil,Kerja,Beberapa kali sebulan,4.0,5.0,5.0,5.0,5.0,0
158,36c6e258-959e-5fde-9dea-43c9ea61c9f5,0,Rekomendasi,time,17.73,0.0,0.0,0.00,3.58,3.06,18-25,Perempuan,Pelajar/Mahasiswa,<1 juta,Motor,Sekolah/Kuliah,Setiap hari,4.0,2.0,4.0,2.0,4.0,1
158,36c6e258-959e-5fde-9dea-43c9ea61c9f5,1,Kendaraan Pribadi,private_vehicle,4.10,475.0,0.0,0.00,4.00,3.00,18-25,Perempuan,Pelajar/Mahasiswa,<1 juta,Motor,Sekolah/Kuliah,Setiap hari,4.0,2.0,4.0,2.0,4.0,0
159,e8d25751-6cf8-5eaf-9771-b81fc1eef48d,0,Rekomendasi,time,28.43,0.0,0.0,1.20,2.83,2.40,18-25,Laki-laki,Pelajar/Mahasiswa,<1 juta,Motor dan mobil,Sekolah/Kuliah,Jarang/tidak pernah,4.0,4.0,3.0,5.0,4.0,0
159,e8d25751-6cf8-5eaf-9771-b81fc1eef48d,1,Tercepat,alternative,32.71,5000.0,0.0,1.33,3.73,3.32,18-25,Laki-laki,Pelajar/Mahasiswa,<1 juta,Motor dan mobil,Sekolah/Kuliah,Jarang/tidak pernah,4.0,4.0,3.0,5.0,4.0,1
159,e8d25751-6cf8-5eaf-9771-b81fc1eef48d,2,Kendaraan Pribadi,private_vehicle,8.00,667.0,0.0,0.00,4.00,3.00,18-25,Laki-laki,Pelajar/Mahasiswa,<1 juta,Motor dan mobil,Sekolah/Kuliah,Jarang/tidak pernah,4.0,4.0,3.0,5.0,4.0,0
160,ce740706-73d9-5166-b933-48c5b97b1a5b,0,Rekomendasi,time,32.91,0.0,0.0,1.15,2.55,2.64,18-25,Laki-laki,Pelajar/Mahasiswa,<1 juta,Motor,Belanja/Rekreasi,Beberapa kali seminggu,1.0,3.0,5.0,4.0,2.0,0
160,ce740706-73d9-5166-b933-48c5b97b1a5b,1,Kendaraan Pribadi,private_vehicle,16.00,1332.0,0.0,0.00,4.00,3.00,18-25,Laki-laki,Pelajar/Mahasiswa,<1 juta,Motor,Belanja/Rekreasi,Beberapa kali seminggu,1.0,3.0,5.0,4.0,2.0,1
161,e2bb9502-521a-5a09-b54d-4bbb79c453fb,0,Rekomendasi,time,27.67,5000.0,0.0,0.21,4.70,5.00,<18,Perempuan,Wiraswasta,5-10 juta,Mobil,Kerja,Beberapa kali seminggu,3.0,4.0,3.0,5.0,4.0,1
161,e2bb9502-521a-5a09-b54d-4bbb79c453fb,1,Kendaraan Pribadi,private_vehicle,33.20,2765.0,0.0,0.00,4.00,3.00,<18,Perempuan,Wiraswasta,5-10 juta,Mobil,Kerja,Beberapa kali seminggu,3.0,4.0,3.0,5.0,4.0,0
161,e2bb9502-521a-5a09-b54d-4bbb79c453fb,2,Preferensi Saya,preference,28.30,5000.0,0.0,0.20,4.90,5.00,<18,Perempuan,Wiraswasta,5-10 juta,Mobil,Kerja,Beberapa kali seminggu,3.0,4.0,3.0,5.0,4.0,0
162,3c926650-233b-5971-af95-aad111239007,0,Rekomendasi,time,103.40,5000.0,2.0,1.21,1.95,2.36,36-50,Perempuan,PNS/TNI/Polri,>10 juta,Motor dan mobil,Kerja,Beberapa kali sebulan,5.0,3.0,5.0,3.0,3.0,0
162,3c926650-233b-5971-af95-aad111239007,1,Kendaraan Pribadi,private_vehicle,30.50,2541.0,0.0,0.00,4.00,3.00,36-50,Perempuan,PNS/TNI/Polri,>10 juta,Motor dan mobil,Kerja,Beberapa kali sebulan,5.0,3.0,5.0,3.0,3.0,1
163,124aa6f7-9c3f-503c-a99d-7739a9f0cb61,0,Rekomendasi,time,44.13,0.0,0.0,2.22,3.11,2.93,26-35,Laki-laki,Karyawan,>10 juta,Motor dan mobil,Kerja,Beberapa kali sebulan,3.0,2.0,3.0,2.0,3.0,1
163,124aa6f7-9c3f-503c-a99d-7739a9f0cb61,1,Termurah,alternative,45.20,0.0,0.0,2.29,3.00,2.78,26-35,Laki-laki,Karyawan,>10 juta,Motor dan mobil,Kerja,Beberapa kali sebulan,3.0,2.0,3.0,2.0,3.0,0
163,124aa6f7-9c3f-503c-a99d-7739a9f0cb61,2,Kendaraan Pribadi,private_vehicle,20.20,1686.0,0.0,0.00,4.00,3.00,26-35,Laki-laki,Karyawan,>10 juta,Motor dan mobil,Kerja,Beberapa kali sebulan,3.0,2.0,3.0,2.0,3.0,0
164,03ccd31c-c836-5922-8773-2289be1e5969,0,Rekomendasi,time,83.72,5000.0,2.0,0.51,1.90,2.66,18-25,Laki-laki,Pelajar/Mahasiswa,<1 juta,Motor,Belanja/Rekreasi,Beberapa kali seminggu,3.0,2.0,5.0,5.0,1.0,1
164,03ccd31c-c836-5922-8773-2289be1e5969,1,Kendaraan Pribadi,private_vehicle,17.00,1988.0,0.0,0.00,4.00,3.00,18-25,Laki-laki,Pelajar/Mahasiswa,<1 juta,Motor,Belanja/Rekreasi,Beberapa kali seminggu,3.0,2.0,5.0,5.0,1.0,0
165,35e40a8b-61f8-5a95-bc70-b3c0a221c84c,0,Rekomendasi,time,31.12,0.0,0.0,1.25,2.81,2.65,18-25,Laki-laki,Pelajar/Mahasiswa,<1 juta,Motor dan mobil,Sekolah/Kuliah,Jarang/tidak pernah,4.0,4.0,4.0,5.0,4.0,1
165,35e40a8b-61f8-5a95-bc70-b3c0a221c84c,1,Tercepat,alternative,35.89,5000.0,0.0,1.26,3.69,3.42,18-25,Laki-laki,Pelajar/Mahasiswa,<1 juta,Motor dan mobil,Sekolah/Kuliah,Jarang/tidak pernah,4.0,4.0,4.0,5.0,4.0,0
165,35e40a8b-61f8-5a95-bc70-b3c0a221c84c,2,Kendaraan Pribadi,private_vehicle,8.50,709.0,0.0,0.00,4.00,3.00,18-25,Laki-laki,Pelajar/Mahasiswa,<1 juta,Motor dan mobil,Sekolah/Kuliah,Jarang/tidak pernah,4.0,4.0,4.0,5.0,4.0,0
166,6a9c48d5-90d7-5426-9cfc-715249e43993,0,Rekomendasi,time,23.36,0.0,0.0,0.00,3.97,3.09,18-25,Perempuan,Pelajar/Mahasiswa,<1 juta,Motor,Sekolah/Kuliah,Setiap hari,3.0,5.0,1.0,2.0,2.0,1
166,6a9c48d5-90d7-5426-9cfc-715249e43993,1,Kendaraan Pribadi,private_vehicle,5.80,482.0,0.0,0.00,4.00,3.00,18-25,Perempuan,Pelajar/Mahasiswa,<1 juta,Motor,Sekolah/Kuliah,Setiap hari,3.0,5.0,1.0,2.0,2.0,0
166,6a9c48d5-90d7-5426-9cfc-715249e43993,2,Preferensi Saya,preference,23.86,0.0,0.0,0.00,4.19,2.84,18-25,Perempuan,Pelajar/Mahasiswa,<1 juta,Motor,Sekolah/Kuliah,Setiap hari,3.0,5.0,1.0,2.0,2.0,0
167,bd8abd5b-7846-52a0-acf4-379adf6ea2aa,0,Rekomendasi,time,32.67,0.0,0.0,0.67,2.70,2.38,18-25,Laki-laki,Pelajar/Mahasiswa,<1 juta,Motor,Belanja/Rekreasi,Beberapa kali seminggu,2.0,5.0,3.0,3.0,3.0,1
167,bd8abd5b-7846-52a0-acf4-379adf6ea2aa,1,Kendaraan Pribadi,private_vehicle,13.50,1128.0,0.0,0.00,4.00,3.00,18-25,Laki-laki,Pelajar/Mahasiswa,<1 juta,Motor,Belanja/Rekreasi,Beberapa kali seminggu,2.0,5.0,3.0,3.0,3.0,0
168,e76c7204-35d8-5874-a2e3-1c2fd7d68826,0,Rekomendasi,time,55.58,5000.0,0.0,1.31,3.59,3.53,18-25,Perempuan,Pelajar/Mahasiswa,<1 juta,Motor,Sekolah/Kuliah,Setiap hari,5.0,5.0,4.0,5.0,5.0,1
168,e76c7204-35d8-5874-a2e3-1c2fd7d68826,1,Kendaraan Pribadi,private_vehicle,35.20,4108.0,0.0,0.00,4.00,3.00,18-25,Perempuan,Pelajar/Mahasiswa,<1 juta,Motor,Sekolah/Kuliah,Setiap hari,5.0,5.0,4.0,5.0,5.0,0
169,3cfda2c3-7ee7-55ac-ae07-a28b901da28f,0,Rekomendasi,time,147.31,5000.0,3.0,1.16,1.86,2.52,18-25,Perempuan,Pelajar/Mahasiswa,<1 juta,Motor,Sekolah/Kuliah,Beberapa kali seminggu,3.0,5.0,5.0,5.0,4.0,1
169,3cfda2c3-7ee7-55ac-ae07-a28b901da28f,1,Kendaraan Pribadi,private_vehicle,30.50,2544.0,0.0,0.00,4.00,3.00,18-25,Perempuan,Pelajar/Mahasiswa,<1 juta,Motor,Sekolah/Kuliah,Beberapa kali seminggu,3.0,5.0,5.0,5.0,4.0,0
170,cb17c367-a4ea-5914-bf0a-fe8593cb3093,0,Rekomendasi,time,28.86,5000.0,0.0,0.69,3.16,3.72,18-25,Laki-laki,Pelajar/Mahasiswa,<1 juta,Motor,Belanja/Rekreasi,Beberapa kali seminggu,5.0,5.0,4.0,2.0,5.0,1
170,cb17c367-a4ea-5914-bf0a-fe8593cb3093,1,Kendaraan Pribadi,private_vehicle,12.80,1495.0,0.0,0.00,4.00,3.00,18-25,Laki-laki,Pelajar/Mahasiswa,<1 juta,Motor,Belanja/Rekreasi,Beberapa kali seminggu,5.0,5.0,4.0,2.0,5.0,0
171,252a03a9-ea61-50e4-b9e8-711e7d94220c,0,Rekomendasi,time,30.40,5000.0,0.0,0.37,3.46,3.39,18-25,Laki-laki,Pelajar/Mahasiswa,<1 juta,Motor,Belanja/Rekreasi,Beberapa kali seminggu,5.0,5.0,4.0,4.0,2.0,1
171,252a03a9-ea61-50e4-b9e8-711e7d94220c,1,Kendaraan Pribadi,private_vehicle,20.30,1692.0,0.0,0.00,4.00,3.00,18-25,Laki-laki,Pelajar/Mahasiswa,<1 juta,Motor,Belanja/Rekreasi,Beberapa kali seminggu,5.0,5.0,4.0,4.0,2.0,0
172,59c8e96b-a8c3-5a53-935e-4aa856350254,0,Rekomendasi,time,66.14,0.0,0.0,4.35,3.49,2.80,18-25,Laki-laki,Pelajar/Mahasiswa,<1 juta,Motor,Sekolah/Kuliah,Jarang/tidak pernah,5.0,5.0,4.0,5.0,4.0,1
172,59c8e96b-a8c3-5a53-935e-4aa856350254,1,Kendaraan Pribadi,private_vehicle,16.70,1949.0,0.0,0.00,4.00,3.00,18-25,Laki-laki,Pelajar/Mahasiswa,<1 juta,Motor,Sekolah/Kuliah,Jarang/tidak pernah,5.0,5.0,4.0,5.0,4.0,0
173,68d44e1f-1bcc-55cf-b0eb-e5b36199ab9a,0,Rekomendasi,time,70.05,5000.0,1.0,1.18,2.84,3.05,26-35,Laki-laki,PNS/TNI/Polri,5-10 juta,Mobil,Kerja,Jarang/tidak pernah,5.0,3.0,5.0,4.0,5.0,1
173,68d44e1f-1bcc-55cf-b0eb-e5b36199ab9a,1,Kendaraan Pribadi,private_vehicle,32.10,2671.0,0.0,0.00,4.00,3.00,26-35,Laki-laki,PNS/TNI/Polri,5-10 juta,Mobil,Kerja,Jarang/tidak pernah,5.0,3.0,5.0,4.0,5.0,0
174,a5774584-2f17-58a8-b3b8-ac78d7378df6,0,Rekomendasi,time,47.00,5000.0,0.0,1.19,3.81,3.47,18-25,Laki-laki,Pelajar/Mahasiswa,<1 juta,Motor,Belanja/Rekreasi,Beberapa kali seminggu,5.0,1.0,3.0,5.0,3.0,1
174,a5774584-2f17-58a8-b3b8-ac78d7378df6,1,Kendaraan Pribadi,private_vehicle,20.00,2327.0,0.0,0.00,4.00,3.00,18-25,Laki-laki,Pelajar/Mahasiswa,<1 juta,Motor,Belanja/Rekreasi,Beberapa kali seminggu,5.0,1.0,3.0,5.0,3.0,0
175,ba8b997c-3349-50de-9a0d-af066c3a6e82,0,Rekomendasi,time,79.98,5000.0,1.0,0.88,2.45,2.89,18-25,Perempuan,Pelajar/Mahasiswa,<1 juta,Motor,Sekolah/Kuliah,Beberapa kali sebulan,3.0,3.0,3.0,5.0,5.0,1
175,ba8b997c-3349-50de-9a0d-af066c3a6e82,1,Termurah,alternative,88.25,10000.0,2.0,1.11,2.39,2.83,18-25,Perempuan,Pelajar/Mahasiswa,<1 juta,Motor,Sekolah/Kuliah,Beberapa kali sebulan,3.0,3.0,3.0,5.0,5.0,0
175,ba8b997c-3349-50de-9a0d-af066c3a6e82,2,Kendaraan Pribadi,private_vehicle,32.90,2740.0,0.0,0.00,4.00,3.00,18-25,Perempuan,Pelajar/Mahasiswa,<1 juta,Motor,Sekolah/Kuliah,Beberapa kali sebulan,3.0,3.0,3.0,5.0,5.0,0
176,f8f236db-d768-58a8-a8fe-136627a21d35,0,Rekomendasi,time,48.32,10000.0,1.0,0.19,3.87,4.01,18-25,Perempuan,Pelajar/Mahasiswa,1-3 juta,Motor,Sekolah/Kuliah,Setiap hari,4.0,3.0,4.0,3.0,3.0,1
176,f8f236db-d768-58a8-a8fe-136627a21d35,1,Termurah,cost,50.34,5000.0,1.0,0.52,3.36,3.64,18-25,Perempuan,Pelajar/Mahasiswa,1-3 juta,Motor,Sekolah/Kuliah,Setiap hari,4.0,3.0,4.0,3.0,3.0,0
176,f8f236db-d768-58a8-a8fe-136627a21d35,2,Kendaraan Pribadi,private_vehicle,25.70,2144.0,0.0,0.00,4.00,3.00,18-25,Perempuan,Pelajar/Mahasiswa,1-3 juta,Motor,Sekolah/Kuliah,Setiap hari,4.0,3.0,4.0,3.0,3.0,0
177,7b96681a-5faa-50ad-8ada-73e88ad4b871,0,Rekomendasi,time,76.66,5000.0,1.0,0.81,2.71,2.47,18-25,Laki-laki,Pelajar/Mahasiswa,<1 juta,Motor,Belanja/Rekreasi,Beberapa kali seminggu,5.0,4.0,2.0,1.0,1.0,1
177,7b96681a-5faa-50ad-8ada-73e88ad4b871,1,Kendaraan Pribadi,private_vehicle,45.10,3758.0,0.0,0.00,4.00,3.00,18-25,Laki-laki,Pelajar/Mahasiswa,<1 juta,Motor,Belanja/Rekreasi,Beberapa kali seminggu,5.0,4.0,2.0,1.0,1.0,0
178,e6bd1ebb-38ca-5019-ba55-71546f154ac5,0,Rekomendasi,time,118.42,5000.0,2.0,0.93,1.98,2.56,18-25,Perempuan,Pelajar/Mahasiswa,<1 juta,Motor dan mobil,Sekolah/Kuliah,Setiap hari,5.0,5.0,5.0,3.0,5.0,0
178,e6bd1ebb-38ca-5019-ba55-71546f154ac5,1,Kendaraan Pribadi,private_vehicle,24.30,2027.0,0.0,0.00,4.00,3.00,18-25,Perempuan,Pelajar/Mahasiswa,<1 juta,Motor dan mobil,Sekolah/Kuliah,Setiap hari,5.0,5.0,5.0,3.0,5.0,1
179,66fc4e10-fc99-507a-b9bf-549baa935a7e,0,Rekomendasi,time,65.34,0.0,0.0,0.00,3.51,2.88,<18,Perempuan,Pelajar/Mahasiswa,<1 juta,Motor,Sekolah/Kuliah,Beberapa kali seminggu,4.0,5.0,5.0,5.0,5.0,1
179,66fc4e10-fc99-507a-b9bf-549baa935a7e,1,Kendaraan Pribadi,private_vehicle,38.20,3180.0,0.0,0.00,4.00,3.00,<18,Perempuan,Pelajar/Mahasiswa,<1 juta,Motor,Sekolah/Kuliah,Beberapa kali seminggu,4.0,5.0,5.0,5.0,5.0,0
180,be1a85b4-a0b5-50a2-8e48-7ba76ac6a19c,0,Rekomendasi,time,134.26,5000.0,2.0,2.24,2.13,2.53,18-25,Perempuan,Pelajar/Mahasiswa,<1 juta,Motor,Sekolah/Kuliah,Setiap hari,5.0,5.0,5.0,5.0,3.0,0
180,be1a85b4-a0b5-50a2-8e48-7ba76ac6a19c,1,Kendaraan Pribadi,private_vehicle,28.40,3315.0,0.0,0.00,4.00,3.00,18-25,Perempuan,Pelajar/Mahasiswa,<1 juta,Motor,Sekolah/Kuliah,Setiap hari,5.0,5.0,5.0,5.0,3.0,1
181,eb10ecf3-99e3-563c-ba50-e5dc9598f7d3,0,Rekomendasi,time,107.21,5000.0,1.0,3.54,3.11,3.02,18-25,Laki-laki,Pelajar/Mahasiswa,<1 juta,Motor,Belanja/Rekreasi,Beberapa kali seminggu,5.0,3.0,2.0,3.0,4.0,0
181,eb10ecf3-99e3-563c-ba50-e5dc9598f7d3,1,Kendaraan Pribadi,private_vehicle,24.70,2058.0,0.0,0.00,4.00,3.00,18-25,Laki-laki,Pelajar/Mahasiswa,<1 juta,Motor,Belanja/Rekreasi,Beberapa kali seminggu,5.0,3.0,2.0,3.0,4.0,1
182,126a87e8-cf8a-5bc4-80bd-afd2c5c61335,0,Rekomendasi,time,70.73,10000.0,2.0,0.36,2.96,3.55,18-25,Perempuan,Pelajar/Mahasiswa,1-3 juta,Tidak punya,Sekolah/Kuliah,Beberapa kali seminggu,3.0,2.0,5.0,4.0,5.0,1
182,126a87e8-cf8a-5bc4-80bd-afd2c5c61335,1,Termurah,cost,72.65,5000.0,2.0,0.74,2.47,3.26,18-25,Perempuan,Pelajar/Mahasiswa,1-3 juta,Tidak punya,Sekolah/Kuliah,Beberapa kali seminggu,3.0,2.0,5.0,4.0,5.0,0
182,126a87e8-cf8a-5bc4-80bd-afd2c5c61335,2,Kendaraan Pribadi,private_vehicle,31.70,2641.0,0.0,0.00,4.00,3.00,18-25,Perempuan,Pelajar/Mahasiswa,1-3 juta,Tidak punya,Sekolah/Kuliah,Beberapa kali seminggu,3.0,2.0,5.0,4.0,5.0,0
183,a18eb9d3-8b11-5f76-8d1a-c87176fb0164,0,Rekomendasi,time,22.91,0.0,0.0,0.00,4.09,2.95,18-25,Perempuan,Pelajar/Mahasiswa,<1 juta,Motor,Sekolah/Kuliah,Setiap hari,5.0,3.0,3.0,2.0,3.0,1
183,a18eb9d3-8b11-5f76-8d1a-c87176fb0164,1,Kendaraan Pribadi,private_vehicle,4.40,363.0,0.0,0.00,4.00,3.00,18-25,Perempuan,Pelajar/Mahasiswa,<1 juta,Motor,Sekolah/Kuliah,Setiap hari,5.0,3.0,3.0,2.0,3.0,0
184,8e5f7242-2e4e-5afc-885c-22755a06449c,0,Rekomendasi,time,32.01,5000.0,0.0,0.35,3.37,3.54,18-25,Perempuan,Pelajar/Mahasiswa,<1 juta,Motor,Sekolah/Kuliah,Setiap hari,5.0,3.0,2.0,2.0,2.0,1
184,8e5f7242-2e4e-5afc-885c-22755a06449c,1,Kendaraan Pribadi,private_vehicle,24.50,2041.0,0.0,0.00,4.00,3.00,18-25,Perempuan,Pelajar/Mahasiswa,<1 juta,Motor,Sekolah/Kuliah,Setiap hari,5.0,3.0,2.0,2.0,2.0,0
185,44da20f3-cf1e-50e7-af8f-3c1441eca737,0,Rekomendasi,time,30.90,5000.0,0.0,0.29,3.15,3.61,<18,Perempuan,Pelajar/Mahasiswa,<1 juta,Tidak punya,Sekolah/Kuliah,Beberapa kali seminggu,5.0,4.0,5.0,5.0,4.0,1
185,44da20f3-cf1e-50e7-af8f-3c1441eca737,1,Kendaraan Pribadi,private_vehicle,23.80,1985.0,0.0,0.00,4.00,3.00,<18,Perempuan,Pelajar/Mahasiswa,<1 juta,Tidak punya,Sekolah/Kuliah,Beberapa kali seminggu,5.0,4.0,5.0,5.0,4.0,0
186,ac78833c-3676-5250-ab6e-b57ca0aea88e,0,Rekomendasi,time,12.46,0.0,0.0,0.00,3.90,2.90,18-25,Perempuan,Pelajar/Mahasiswa,<1 juta,Tidak punya,Sekolah/Kuliah,Beberapa kali seminggu,4.0,4.0,4.0,4.0,4.0,1
186,ac78833c-3676-5250-ab6e-b57ca0aea88e,1,Kendaraan Pribadi,private_vehicle,2.30,268.0,0.0,0.00,4.00,3.00,18-25,Perempuan,Pelajar/Mahasiswa,<1 juta,Tidak punya,Sekolah/Kuliah,Beberapa kali seminggu,4.0,4.0,4.0,4.0,4.0,0
186,ac78833c-3676-5250-ab6e-b57ca0aea88e,2,Preferensi Saya,preference,13.28,0.0,0.0,0.00,3.96,3.04,18-25,Perempuan,Pelajar/Mahasiswa,<1 juta,Tidak punya,Sekolah/Kuliah,Beberapa kali seminggu,4.0,4.0,4.0,4.0,4.0,0
187,0a518d9a-26d5-526b-bdc7-4a7346317073,0,Rekomendasi,time,92.29,10000.0,2.0,1.13,2.59,3.07,<18,Perempuan,Pelajar/Mahasiswa,1-3 juta,Mobil,Sekolah/Kuliah,Jarang/tidak pernah,4.0,3.0,5.0,3.0,5.0,1
187,0a518d9a-26d5-526b-bdc7-4a7346317073,1,Termurah,cost,91.02,5000.0,2.0,1.53,2.49,2.85,<18,Perempuan,Pelajar/Mahasiswa,1-3 juta,Mobil,Sekolah/Kuliah,Jarang/tidak pernah,4.0,3.0,5.0,3.0,5.0,0
187,0a518d9a-26d5-526b-bdc7-4a7346317073,2,Kendaraan Pribadi,private_vehicle,34.50,2872.0,0.0,0.00,4.00,3.00,<18,Perempuan,Pelajar/Mahasiswa,1-3 juta,Mobil,Sekolah/Kuliah,Jarang/tidak pernah,4.0,3.0,5.0,3.0,5.0,0
188,e1f9e344-0618-53aa-8a14-7d9e5ee918eb,0,Rekomendasi,time,37.77,5000.0,0.0,1.68,3.62,3.37,<18,Laki-laki,Pelajar/Mahasiswa,<1 juta,Motor dan mobil,Sekolah/Kuliah,Beberapa kali seminggu,5.0,4.0,3.0,5.0,5.0,0
188,e1f9e344-0618-53aa-8a14-7d9e5ee918eb,1,Termurah,cost,47.43,0.0,0.0,2.00,2.79,2.68,<18,Laki-laki,Pelajar/Mahasiswa,<1 juta,Motor dan mobil,Sekolah/Kuliah,Beberapa kali seminggu,5.0,4.0,3.0,5.0,5.0,1
188,e1f9e344-0618-53aa-8a14-7d9e5ee918eb,2,Kendaraan Pribadi,private_vehicle,10.40,1208.0,0.0,0.00,4.00,3.00,<18,Laki-laki,Pelajar/Mahasiswa,<1 juta,Motor dan mobil,Sekolah/Kuliah,Beberapa kali seminggu,5.0,4.0,3.0,5.0,5.0,0
189,1d1127c4-38af-5fde-ace6-0c507b93fe21,0,Rekomendasi,time,48.90,5000.0,1.0,0.58,2.89,3.47,<18,Perempuan,Pelajar/Mahasiswa,<1 juta,Motor,Lainnya,Beberapa kali seminggu,3.0,3.0,3.0,3.0,4.0,1
189,1d1127c4-38af-5fde-ace6-0c507b93fe21,1,Termurah,cost,60.42,5000.0,1.0,0.86,2.69,2.94,<18,Perempuan,Pelajar/Mahasiswa,<1 juta,Motor,Lainnya,Beberapa kali seminggu,3.0,3.0,3.0,3.0,4.0,0
189,1d1127c4-38af-5fde-ace6-0c507b93fe21,2,Kendaraan Pribadi,private_vehicle,7.80,904.0,0.0,0.00,4.00,3.00,<18,Perempuan,Pelajar/Mahasiswa,<1 juta,Motor,Lainnya,Beberapa kali seminggu,3.0,3.0,3.0,3.0,4.0,0
190,cdced3e1-f2a3-5fb2-bd20-c85cca9ecf08,0,Rekomendasi,time,135.36,5000.0,3.0,0.55,1.65,2.50,18-25,Perempuan,Pelajar/Mahasiswa,<1 juta,Motor,Sekolah/Kuliah,Setiap hari,5.0,2.0,2.0,1.0,3.0,0
190,cdced3e1-f2a3-5fb2-bd20-c85cca9ecf08,1,Kendaraan Pribadi,private_vehicle,11.10,1295.0,0.0,0.00,4.00,3.00,18-25,Perempuan,Pelajar/Mahasiswa,<1 juta,Motor,Sekolah/Kuliah,Setiap hari,5.0,2.0,2.0,1.0,3.0,1
191,77062aca-2e6f-59ef-8bde-134a0127ceb4,0,Rekomendasi,time,25.61,5000.0,0.0,0.31,3.26,3.47,18-25,Laki-laki,Pelajar/Mahasiswa,>10 juta,Motor dan mobil,Sekolah/Kuliah,Beberapa kali sebulan,5.0,3.0,5.0,5.0,4.0,1
191,77062aca-2e6f-59ef-8bde-134a0127ceb4,1,Kendaraan Pribadi,private_vehicle,12.30,1025.0,0.0,0.00,4.00,3.00,18-25,Laki-laki,Pelajar/Mahasiswa,>10 juta,Motor dan mobil,Sekolah/Kuliah,Beberapa kali sebulan,5.0,3.0,5.0,5.0,4.0,0
192,03696dc7-1f00-5d55-93e5-b2965c5fd935,0,Rekomendasi,time,118.47,5000.0,2.0,1.72,2.37,2.86,18-25,Laki-laki,Pelajar/Mahasiswa,<1 juta,Motor,Belanja/Rekreasi,Beberapa kali seminggu,4.0,3.0,3.0,5.0,2.0,0
192,03696dc7-1f00-5d55-93e5-b2965c5fd935,1,Kendaraan Pribadi,private_vehicle,22.40,2610.0,0.0,0.00,4.00,3.00,18-25,Laki-laki,Pelajar/Mahasiswa,<1 juta,Motor,Belanja/Rekreasi,Beberapa kali seminggu,4.0,3.0,3.0,5.0,2.0,1
193,0326da64-bf9a-5864-a910-75edb3c28ae7,0,Rekomendasi,time,36.90,0.0,0.0,1.04,2.83,2.59,18-25,Laki-laki,Pelajar/Mahasiswa,<1 juta,Motor,Belanja/Rekreasi,Beberapa kali seminggu,2.0,4.0,4.0,4.0,2.0,0
193,0326da64-bf9a-5864-a910-75edb3c28ae7,1,Kendaraan Pribadi,private_vehicle,12.40,1450.0,0.0,0.00,4.00,3.00,18-25,Laki-laki,Pelajar/Mahasiswa,<1 juta,Motor,Belanja/Rekreasi,Beberapa kali seminggu,2.0,4.0,4.0,4.0,2.0,1
194,81767b6f-f2bd-5ea5-9707-8801f3cf06c3,0,Rekomendasi,time,49.88,5000.0,1.0,1.23,3.16,3.05,18-25,Laki-laki,Pelajar/Mahasiswa,<1 juta,Motor,Lainnya,Beberapa kali seminggu,3.0,4.0,4.0,3.0,4.0,1
194,81767b6f-f2bd-5ea5-9707-8801f3cf06c3,1,Kendaraan Pribadi,private_vehicle,21.90,1827.0,0.0,0.00,4.00,3.00,18-25,Laki-laki,Pelajar/Mahasiswa,<1 juta,Motor,Lainnya,Beberapa kali seminggu,3.0,4.0,4.0,3.0,4.0,0
195,aac7d058-2e29-5a81-ab4a-a13bf01b211d,0,Rekomendasi,time,73.47,5000.0,0.0,1.66,3.66,3.18,18-25,Laki-laki,Pelajar/Mahasiswa,<1 juta,Motor,Sekolah/Kuliah,Jarang/tidak pernah,5.0,5.0,4.0,5.0,5.0,0
195,aac7d058-2e29-5a81-ab4a-a13bf01b211d,1,Kendaraan Pribadi,private_vehicle,31.50,3678.0,0.0,0.00,4.00,3.00,18-25,Laki-laki,Pelajar/Mahasiswa,<1 juta,Motor,Sekolah/Kuliah,Jarang/tidak pernah,5.0,5.0,4.0,5.0,5.0,1
196,7a9845f9-7163-5817-818c-defa4493b22a,0,Rekomendasi,time,93.53,5000.0,1.0,1.11,2.81,3.14,36-50,Perempuan,PNS/TNI/Polri,>10 juta,Motor dan mobil,Kerja,Beberapa kali sebulan,5.0,5.0,5.0,5.0,5.0,0
196,7a9845f9-7163-5817-818c-defa4493b22a,1,Kendaraan Pribadi,private_vehicle,47.40,3950.0,0.0,0.00,4.00,3.00,36-50,Perempuan,PNS/TNI/Polri,>10 juta,Motor dan mobil,Kerja,Beberapa kali sebulan,5.0,5.0,5.0,5.0,5.0,1
197,9d0effcd-43bd-5e10-ab55-69609d064120,0,Rekomendasi,time,112.13,5000.0,2.0,0.72,2.13,2.66,18-25,Perempuan,Pelajar/Mahasiswa,<1 juta,Motor,Sekolah/Kuliah,Setiap hari,5.0,5.0,3.0,5.0,5.0,0
197,9d0effcd-43bd-5e10-ab55-69609d064120,1,Kendaraan Pribadi,private_vehicle,13.90,1620.0,0.0,0.00,4.00,3.00,18-25,Perempuan,Pelajar/Mahasiswa,<1 juta,Motor,Sekolah/Kuliah,Setiap hari,5.0,5.0,3.0,5.0,5.0,1
198,e3606c95-c56c-5b07-b67b-c24c3977b52a,0,Rekomendasi,time,19.84,0.0,0.0,0.32,2.09,2.57,18-25,Perempuan,Pelajar/Mahasiswa,<1 juta,Motor,Sekolah/Kuliah,Setiap hari,5.0,5.0,4.0,4.0,5.0,1
198,e3606c95-c56c-5b07-b67b-c24c3977b52a,1,Kendaraan Pribadi,private_vehicle,10.20,1195.0,0.0,0.00,4.00,3.00,18-25,Perempuan,Pelajar/Mahasiswa,<1 juta,Motor,Sekolah/Kuliah,Setiap hari,5.0,5.0,4.0,4.0,5.0,0
199,0e5942b3-ac7a-5b34-80d4-2f65bb7e938b,0,Rekomendasi,time,26.72,0.0,0.0,0.98,2.95,2.49,18-25,Perempuan,Pelajar/Mahasiswa,3-5 juta,Tidak punya,Sekolah/Kuliah,Jarang/tidak pernah,3.0,3.0,3.0,4.0,4.0,1
199,0e5942b3-ac7a-5b34-80d4-2f65bb7e938b,1,Tercepat,alternative,27.86,5000.0,0.0,0.92,3.82,3.40,18-25,Perempuan,Pelajar/Mahasiswa,3-5 juta,Tidak punya,Sekolah/Kuliah,Jarang/tidak pernah,3.0,3.0,3.0,4.0,4.0,0
199,0e5942b3-ac7a-5b34-80d4-2f65bb7e938b,2,Kendaraan Pribadi,private_vehicle,7.70,638.0,0.0,0.00,4.00,3.00,18-25,Perempuan,Pelajar/Mahasiswa,3-5 juta,Tidak punya,Sekolah/Kuliah,Jarang/tidak pernah,3.0,3.0,3.0,4.0,4.0,0
200,54d6f799-7687-5c10-a9ff-b9b198fdee52,0,Rekomendasi,time,59.93,5000.0,0.0,0.99,3.29,3.32,18-25,Laki-laki,Pelajar/Mahasiswa,<1 juta,Motor,Sekolah/Kuliah,Jarang/tidak pernah,4.0,5.0,4.0,4.0,5.0,1
200,54d6f799-7687-5c10-a9ff-b9b198fdee52,1,Kendaraan Pribadi,private_vehicle,27.30,3185.0,0.0,0.00,4.00,3.00,18-25,Laki-laki,Pelajar/Mahasiswa,<1 juta,Motor,Sekolah/Kuliah,Jarang/tidak pernah,4.0,5.0,4.0,4.0,5.0,0
201,2b2e0830-ef35-57fe-807c-8c025bfc071b,0,Rekomendasi,time,23.52,5000.0,0.0,0.68,3.01,3.68,>50,Perempuan,PNS/TNI/Polri,>10 juta,Motor dan mobil,Kerja,Jarang/tidak pernah,5.0,5.0,5.0,5.0,5.0,0
201,2b2e0830-ef35-57fe-807c-8c025bfc071b,1,Termurah,cost,24.67,0.0,0.0,0.81,2.40,2.30,>50,Perempuan,PNS/TNI/Polri,>10 juta,Motor dan mobil,Kerja,Jarang/tidak pernah,5.0,5.0,5.0,5.0,5.0,0
201,2b2e0830-ef35-57fe-807c-8c025bfc071b,2,Kendaraan Pribadi,private_vehicle,5.20,430.0,0.0,0.00,4.00,3.00,>50,Perempuan,PNS/TNI/Polri,>10 juta,Motor dan mobil,Kerja,Jarang/tidak pernah,5.0,5.0,5.0,5.0,5.0,1
202,a5cc01d1-ab57-5703-81dd-9ff79692b853,0,Rekomendasi,time,48.99,5000.0,1.0,0.47,3.14,3.44,<18,Perempuan,Pelajar/Mahasiswa,<1 juta,Motor,Sekolah/Kuliah,Jarang/tidak pernah,4.0,3.0,3.0,4.0,5.0,1
202,a5cc01d1-ab57-5703-81dd-9ff79692b853,1,Termurah,cost,62.02,5000.0,1.0,0.81,2.70,3.04,<18,Perempuan,Pelajar/Mahasiswa,<1 juta,Motor,Sekolah/Kuliah,Jarang/tidak pernah,4.0,3.0,3.0,4.0,5.0,0
202,a5cc01d1-ab57-5703-81dd-9ff79692b853,2,Kendaraan Pribadi,private_vehicle,7.20,596.0,0.0,0.00,4.00,3.00,<18,Perempuan,Pelajar/Mahasiswa,<1 juta,Motor,Sekolah/Kuliah,Jarang/tidak pernah,4.0,3.0,3.0,4.0,5.0,0
203,c75d755a-8252-5564-871a-8a6e429b42fb,0,Rekomendasi,time,87.23,10000.0,2.0,1.13,2.70,3.10,<18,Perempuan,Pelajar/Mahasiswa,1-3 juta,Mobil,Sekolah/Kuliah,Jarang/tidak pernah,4.0,3.0,5.0,4.0,5.0,0
203,c75d755a-8252-5564-871a-8a6e429b42fb,1,Termurah,cost,93.35,5000.0,2.0,1.45,2.52,3.03,<18,Perempuan,Pelajar/Mahasiswa,1-3 juta,Mobil,Sekolah/Kuliah,Jarang/tidak pernah,4.0,3.0,5.0,4.0,5.0,0
203,c75d755a-8252-5564-871a-8a6e429b42fb,2,Kendaraan Pribadi,private_vehicle,34.40,2863.0,0.0,0.00,4.00,3.00,<18,Perempuan,Pelajar/Mahasiswa,1-3 juta,Mobil,Sekolah/Kuliah,Jarang/tidak pernah,4.0,3.0,5.0,4.0,5.0,1
204,d62cd083-f4d5-5930-8750-95c3ad2745af,0,Rekomendasi,time,108.65,5000.0,2.0,0.75,2.20,2.55,18-25,Perempuan,Pelajar/Mahasiswa,<1 juta,Motor,Sekolah/Kuliah,Setiap hari,5.0,4.0,3.0,5.0,5.0,1
204,d62cd083-f4d5-5930-8750-95c3ad2745af,1,Kendaraan Pribadi,private_vehicle,13.80,1609.0,0.0,0.00,4.00,3.00,18-25,Perempuan,Pelajar/Mahasiswa,<1 juta,Motor,Sekolah/Kuliah,Setiap hari,5.0,4.0,3.0,5.0,5.0,0
205,ac089bc3-2bac-576d-80d7-f9f726cc13a3,0,Rekomendasi,time,57.93,5000.0,0.0,1.26,3.45,3.41,18-25,Laki-laki,Pelajar/Mahasiswa,<1 juta,Motor,Belanja/Rekreasi,Beberapa kali seminggu,4.0,4.0,2.0,4.0,1.0,1
205,ac089bc3-2bac-576d-80d7-f9f726cc13a3,1,Kendaraan Pribadi,private_vehicle,31.20,2599.0,0.0,0.00,4.00,3.00,18-25,Laki-laki,Pelajar/Mahasiswa,<1 juta,Motor,Belanja/Rekreasi,Beberapa kali seminggu,4.0,4.0,2.0,4.0,1.0,0
206,14fc4085-bb1c-59d0-9cec-27f29f5e5666,0,Rekomendasi,time,27.61,5000.0,0.0,0.68,3.14,3.67,>50,Perempuan,PNS/TNI/Polri,>10 juta,Motor dan mobil,Kerja,Jarang/tidak pernah,5.0,5.0,5.0,4.0,5.0,1
206,14fc4085-bb1c-59d0-9cec-27f29f5e5666,1,Termurah,cost,26.05,0.0,0.0,0.82,2.47,2.53,>50,Perempuan,PNS/TNI/Polri,>10 juta,Motor dan mobil,Kerja,Jarang/tidak pernah,5.0,5.0,5.0,4.0,5.0,0
206,14fc4085-bb1c-59d0-9cec-27f29f5e5666,2,Kendaraan Pribadi,private_vehicle,5.70,472.0,0.0,0.00,4.00,3.00,>50,Perempuan,PNS/TNI/Polri,>10 juta,Motor dan mobil,Kerja,Jarang/tidak pernah,5.0,5.0,5.0,4.0,5.0,0
207,a7e8faff-31aa-597b-aed7-7f437f36acc2,0,Rekomendasi,time,49.62,5000.0,0.0,1.30,3.65,3.39,18-25,Laki-laki,Pelajar/Mahasiswa,<1 juta,Motor,Belanja/Rekreasi,Beberapa kali seminggu,4.0,2.0,3.0,5.0,3.0,1
207,a7e8faff-31aa-597b-aed7-7f437f36acc2,1,Kendaraan Pribadi,private_vehicle,20.70,2409.0,0.0,0.00,4.00,3.00,18-25,Laki-laki,Pelajar/Mahasiswa,<1 juta,Motor,Belanja/Rekreasi,Beberapa kali seminggu,4.0,2.0,3.0,5.0,3.0,0
208,d8bee1b4-d7d8-5bbf-b574-e2097026365d,0,Rekomendasi,time,105.08,5000.0,2.0,1.03,1.90,2.62,36-50,Perempuan,PNS/TNI/Polri,>10 juta,Motor dan mobil,Kerja,Beberapa kali sebulan,3.0,4.0,4.0,4.0,4.0,0
208,d8bee1b4-d7d8-5bbf-b574-e2097026365d,1,Kendaraan Pribadi,private_vehicle,30.30,2525.0,0.0,0.00,4.00,3.00,36-50,Perempuan,PNS/TNI/Polri,>10 juta,Motor dan mobil,Kerja,Beberapa kali sebulan,3.0,4.0,4.0,4.0,4.0,1
209,189cc725-3bd8-5f69-be76-efa7f0a66a52,0,Rekomendasi,time,70.42,0.0,0.0,3.83,3.67,2.56,18-25,Laki-laki,Pelajar/Mahasiswa,<1 juta,Motor,Sekolah/Kuliah,Jarang/tidak pernah,5.0,5.0,4.0,5.0,5.0,1
209,189cc725-3bd8-5f69-be76-efa7f0a66a52,1,Kendaraan Pribadi,private_vehicle,16.90,1972.0,0.0,0.00,4.00,3.00,18-25,Laki-laki,Pelajar/Mahasiswa,<1 juta,Motor,Sekolah/Kuliah,Jarang/tidak pernah,5.0,5.0,4.0,5.0,5.0,0
210,3878c933-d522-55fc-98e6-b0513bc4fc47,0,Rekomendasi,time,111.51,5000.0,2.0,0.90,2.12,2.48,18-25,Perempuan,Pelajar/Mahasiswa,<1 juta,Motor dan mobil,Sekolah/Kuliah,Setiap hari,5.0,5.0,5.0,3.0,5.0,0
210,3878c933-d522-55fc-98e6-b0513bc4fc47,1,Kendaraan Pribadi,private_vehicle,23.20,1935.0,0.0,0.00,4.00,3.00,18-25,Perempuan,Pelajar/Mahasiswa,<1 juta,Motor dan mobil,Sekolah/Kuliah,Setiap hari,5.0,5.0,5.0,3.0,5.0,1
211,bd59815b-c876-5f95-8b49-49f30b0b459b,0,Rekomendasi,time,36.54,0.0,0.0,1.08,2.72,2.50,18-25,Perempuan,Pelajar/Mahasiswa,<1 juta,Motor dan mobil,Sekolah/Kuliah,Beberapa kali seminggu,5.0,4.0,4.0,5.0,5.0,1
211,bd59815b-c876-5f95-8b49-49f30b0b459b,1,Tercepat,alternative,37.55,5000.0,0.0,0.93,3.28,3.10,18-25,Perempuan,Pelajar/Mahasiswa,<1 juta,Motor dan mobil,Sekolah/Kuliah,Beberapa kali seminggu,5.0,4.0,4.0,5.0,5.0,0
211,bd59815b-c876-5f95-8b49-49f30b0b459b,2,Kendaraan Pribadi,private_vehicle,7.80,652.0,0.0,0.00,4.00,3.00,18-25,Perempuan,Pelajar/Mahasiswa,<1 juta,Motor dan mobil,Sekolah/Kuliah,Beberapa kali seminggu,5.0,4.0,4.0,5.0,5.0,0
212,c3e890d9-67b4-5fd6-9189-68a43462d240,0,Rekomendasi,time,89.45,5000.0,2.0,0.56,2.08,2.54,18-25,Laki-laki,Pelajar/Mahasiswa,<1 juta,Motor,Belanja/Rekreasi,Beberapa kali seminggu,3.0,2.0,5.0,3.0,1.0,0
212,c3e890d9-67b4-5fd6-9189-68a43462d240,1,Kendaraan Pribadi,private_vehicle,17.20,2011.0,0.0,0.00,4.00,3.00,18-25,Laki-laki,Pelajar/Mahasiswa,<1 juta,Motor,Belanja/Rekreasi,Beberapa kali seminggu,3.0,2.0,5.0,3.0,1.0,1
213,f8db1e2d-5904-5141-99d8-5c596d5b87bc,0,Rekomendasi,time,133.99,5000.0,3.0,0.56,1.51,2.66,18-25,Perempuan,Pelajar/Mahasiswa,<1 juta,Motor,Sekolah/Kuliah,Setiap hari,5.0,3.0,2.0,1.0,2.0,0
213,f8db1e2d-5904-5141-99d8-5c596d5b87bc,1,Kendaraan Pribadi,private_vehicle,11.70,1365.0,0.0,0.00,4.00,3.00,18-25,Perempuan,Pelajar/Mahasiswa,<1 juta,Motor,Sekolah/Kuliah,Setiap hari,5.0,3.0,2.0,1.0,2.0,1
214,f935b04f-06e1-5d1f-b356-8beb1e07aafa,0,Rekomendasi,time,44.92,5000.0,1.0,0.54,2.85,3.46,<18,Perempuan,Pelajar/Mahasiswa,<1 juta,Motor,Sekolah/Kuliah,Jarang/tidak pernah,4.0,3.0,3.0,4.0,5.0,1
214,f935b04f-06e1-5d1f-b356-8beb1e07aafa,1,Termurah,cost,55.82,5000.0,1.0,0.86,2.49,3.24,<18,Perempuan,Pelajar/Mahasiswa,<1 juta,Motor,Sekolah/Kuliah,Jarang/tidak pernah,4.0,3.0,3.0,4.0,5.0,0
214,f935b04f-06e1-5d1f-b356-8beb1e07aafa,2,Kendaraan Pribadi,private_vehicle,6.80,563.0,0.0,0.00,4.00,3.00,<18,Perempuan,Pelajar/Mahasiswa,<1 juta,Motor,Sekolah/Kuliah,Jarang/tidak pernah,4.0,3.0,3.0,4.0,5.0,0
215,3d77737b-4da2-521b-bc00-6fea00c2ba56,0,Rekomendasi,time,31.70,0.0,0.0,1.29,2.61,2.76,18-25,Laki-laki,Pelajar/Mahasiswa,<1 juta,Motor dan mobil,Sekolah/Kuliah,Jarang/tidak pernah,4.0,3.0,3.0,5.0,4.0,1
215,3d77737b-4da2-521b-bc00-6fea00c2ba56,1,Tercepat,alternative,35.39,5000.0,0.0,1.30,3.86,3.16,18-25,Laki-laki,Pelajar/Mahasiswa,<1 juta,Motor dan mobil,Sekolah/Kuliah,Jarang/tidak pernah,4.0,3.0,3.0,5.0,4.0,0
215,3d77737b-4da2-521b-bc00-6fea00c2ba56,2,Kendaraan Pribadi,private_vehicle,8.70,725.0,0.0,0.00,4.00,3.00,18-25,Laki-laki,Pelajar/Mahasiswa,<1 juta,Motor dan mobil,Sekolah/Kuliah,Jarang/tidak pernah,4.0,3.0,3.0,5.0,4.0,0
216,b48f0e6e-5d25-53f3-a646-b65bb33a6ed0,0,Rekomendasi,time,90.25,5000.0,0.0,3.84,3.49,3.21,18-25,Laki-laki,Pelajar/Mahasiswa,<1 juta,Motor dan mobil,Sekolah/Kuliah,Setiap hari,5.0,5.0,5.0,3.0,4.0,1
216,b48f0e6e-5d25-53f3-a646-b65bb33a6ed0,1,Kendaraan Pribadi,private_vehicle,40.50,3373.0,0.0,0.00,4.00,3.00,18-25,Laki-laki,Pelajar/Mahasiswa,<1 juta,Motor dan mobil,Sekolah/Kuliah,Setiap hari,5.0,5.0,5.0,3.0,4.0,0
217,471597e0-4f62-5e8f-b6f6-f70e0318a8a9,0,Rekomendasi,time,26.78,0.0,0.0,0.00,4.01,3.19,18-25,Perempuan,Pelajar/Mahasiswa,1-3 juta,Tidak punya,Sekolah/Kuliah,Beberapa kali seminggu,4.0,1.0,5.0,4.0,4.0,1
217,471597e0-4f62-5e8f-b6f6-f70e0318a8a9,1,Kendaraan Pribadi,private_vehicle,8.60,715.0,0.0,0.00,4.00,3.00,18-25,Perempuan,Pelajar/Mahasiswa,1-3 juta,Tidak punya,Sekolah/Kuliah,Beberapa kali seminggu,4.0,1.0,5.0,4.0,4.0,0
218,447493de-e2d6-511a-9259-5f4222060ce5,0,Rekomendasi,time,51.43,5000.0,1.0,0.56,2.84,3.73,<18,Perempuan,Pelajar/Mahasiswa,<1 juta,Motor,Lainnya,Beberapa kali seminggu,3.0,3.0,3.0,3.0,4.0,1
218,447493de-e2d6-511a-9259-5f4222060ce5,1,Termurah,cost,57.40,5000.0,1.0,0.83,2.52,2.94,<18,Perempuan,Pelajar/Mahasiswa,<1 juta,Motor,Lainnya,Beberapa kali seminggu,3.0,3.0,3.0,3.0,4.0,0
218,447493de-e2d6-511a-9259-5f4222060ce5,2,Kendaraan Pribadi,private_vehicle,7.80,904.0,0.0,0.00,4.00,3.00,<18,Perempuan,Pelajar/Mahasiswa,<1 juta,Motor,Lainnya,Beberapa kali seminggu,3.0,3.0,3.0,3.0,4.0,0
219,ce226d6b-f374-59ee-bcf5-0adf4885ac8e,0,Rekomendasi,time,112.84,5000.0,2.0,0.20,1.94,2.70,18-25,Perempuan,Pelajar/Mahasiswa,<1 juta,Motor,Sekolah/Kuliah,Setiap hari,5.0,3.0,4.0,5.0,3.0,0
219,ce226d6b-f374-59ee-bcf5-0adf4885ac8e,1,Kendaraan Pribadi,private_vehicle,31.10,2588.0,0.0,0.00,4.00,3.00,18-25,Perempuan,Pelajar/Mahasiswa,<1 juta,Motor,Sekolah/Kuliah,Setiap hari,5.0,3.0,4.0,5.0,3.0,1
220,69c03939-4823-5819-98a6-3cc3a0451770,0,Rekomendasi,time,31.01,0.0,0.0,0.63,2.53,2.45,18-25,Laki-laki,Pelajar/Mahasiswa,<1 juta,Motor,Belanja/Rekreasi,Beberapa kali seminggu,2.0,5.0,3.0,3.0,3.0,1
220,69c03939-4823-5819-98a6-3cc3a0451770,1,Kendaraan Pribadi,private_vehicle,13.00,1087.0,0.0,0.00,4.00,3.00,18-25,Laki-laki,Pelajar/Mahasiswa,<1 juta,Motor,Belanja/Rekreasi,Beberapa kali seminggu,2.0,5.0,3.0,3.0,3.0,0
221,11603912-929e-5245-907a-b4b6d980ac06,0,Rekomendasi,time,28.53,5000.0,0.0,0.74,3.40,3.54,18-25,Laki-laki,Pelajar/Mahasiswa,1-3 juta,Motor dan mobil,Sekolah/Kuliah,Beberapa kali seminggu,4.0,3.0,4.0,3.0,5.0,1
221,11603912-929e-5245-907a-b4b6d980ac06,1,Termurah,cost,36.57,0.0,0.0,0.73,2.66,2.40,18-25,Laki-laki,Pelajar/Mahasiswa,1-3 juta,Motor dan mobil,Sekolah/Kuliah,Beberapa kali seminggu,4.0,3.0,4.0,3.0,5.0,0
221,11603912-929e-5245-907a-b4b6d980ac06,2,Kendaraan Pribadi,private_vehicle,9.20,765.0,0.0,0.00,4.00,3.00,18-25,Laki-laki,Pelajar/Mahasiswa,1-3 juta,Motor dan mobil,Sekolah/Kuliah,Beberapa kali seminggu,4.0,3.0,4.0,3.0,5.0,0
222,39a367ef-acfc-5c30-ab43-fbf35b556686,0,Rekomendasi,time,151.71,5000.0,3.0,1.21,1.60,2.44,18-25,Perempuan,Pelajar/Mahasiswa,<1 juta,Motor,Sekolah/Kuliah,Beberapa kali seminggu,3.0,5.0,5.0,5.0,5.0,0
222,39a367ef-acfc-5c30-ab43-fbf35b556686,1,Kendaraan Pribadi,private_vehicle,30.20,2519.0,0.0,0.00,4.00,3.00,18-25,Perempuan,Pelajar/Mahasiswa,<1 juta,Motor,Sekolah/Kuliah,Beberapa kali seminggu,3.0,5.0,5.0,5.0,5.0,1
223,6b2f4aaf-0796-533d-8d7b-159087187a56,0,Rekomendasi,time,147.83,5000.0,2.0,2.55,2.40,2.87,18-25,Laki-laki,Pelajar/Mahasiswa,<1 juta,Motor,Belanja/Rekreasi,Beberapa kali seminggu,3.0,5.0,1.0,2.0,5.0,0
223,6b2f4aaf-0796-533d-8d7b-159087187a56,1,Kendaraan Pribadi,private_vehicle,14.40,1677.0,0.0,0.00,4.00,3.00,18-25,Laki-laki,Pelajar/Mahasiswa,<1 juta,Motor,Belanja/Rekreasi,Beberapa kali seminggu,3.0,5.0,1.0,2.0,5.0,1
224,a2cdf4c6-81aa-5c5d-92e8-bcca4b4be06b,0,Rekomendasi,time,30.61,5000.0,0.0,0.04,4.91,4.93,18-25,Laki-laki,Pelajar/Mahasiswa,<1 juta,Motor,Lainnya,Beberapa kali sebulan,3.0,3.0,4.0,4.0,4.0,1
224,a2cdf4c6-81aa-5c5d-92e8-bcca4b4be06b,1,Kendaraan Pribadi,private_vehicle,29.20,2433.0,0.0,0.00,4.00,3.00,18-25,Laki-laki,Pelajar/Mahasiswa,<1 juta,Motor,Lainnya,Beberapa kali sebulan,3.0,3.0,4.0,4.0,4.0,0
225,c6291900-e9e7-5bfe-b02a-925cc4d116e3,0,Rekomendasi,time,134.87,5000.0,2.0,2.07,2.05,2.62,18-25,Perempuan,Pelajar/Mahasiswa,<1 juta,Motor,Sekolah/Kuliah,Setiap hari,5.0,5.0,5.0,5.0,3.0,0
225,c6291900-e9e7-5bfe-b02a-925cc4d116e3,1,Kendaraan Pribadi,private_vehicle,29.50,3443.0,0.0,0.00,4.00,3.00,18-25,Perempuan,Pelajar/Mahasiswa,<1 juta,Motor,Sekolah/Kuliah,Setiap hari,5.0,5.0,5.0,5.0,3.0,1
226,1ef63e76-b813-5a3f-9b2a-be9730338e58,0,Rekomendasi,time,150.82,5000.0,3.0,1.21,1.79,2.46,18-25,Laki-laki,Pelajar/Mahasiswa,<1 juta,Motor,Sekolah/Kuliah,Setiap hari,5.0,5.0,5.0,4.0,5.0,0
226,1ef63e76-b813-5a3f-9b2a-be9730338e58,1,Kendaraan Pribadi,private_vehicle,30.80,2569.0,0.0,0.00,4.00,3.00,18-25,Laki-laki,Pelajar/Mahasiswa,<1 juta,Motor,Sekolah/Kuliah,Setiap hari,5.0,5.0,5.0,4.0,5.0,1
227,f9558acc-81b5-56b7-a371-8d965cc680b7,0,Rekomendasi,time,45.63,5000.0,1.0,1.22,2.53,2.80,36-50,Perempuan,PNS/TNI/Polri,>10 juta,Motor dan mobil,Kerja,Beberapa kali sebulan,1.0,4.0,5.0,5.0,4.0,1
227,f9558acc-81b5-56b7-a371-8d965cc680b7,1,Kendaraan Pribadi,private_vehicle,41.80,3482.0,0.0,0.00,4.00,3.00,36-50,Perempuan,PNS/TNI/Polri,>10 juta,Motor dan mobil,Kerja,Beberapa kali sebulan,1.0,4.0,5.0,5.0,4.0,0
228,245f3b7d-d60b-5298-aad9-b2fecbc21099,0,Rekomendasi,time,90.56,10000.0,2.0,0.90,2.75,3.03,18-25,Perempuan,Pelajar/Mahasiswa,<1 juta,Motor dan mobil,Sekolah/Kuliah,Jarang/tidak pernah,5.0,3.0,5.0,5.0,5.0,1
228,245f3b7d-d60b-5298-aad9-b2fecbc21099,1,Termurah,cost,97.08,5000.0,2.0,1.19,2.44,2.90,18-25,Perempuan,Pelajar/Mahasiswa,<1 juta,Motor dan mobil,Sekolah/Kuliah,Jarang/tidak pernah,5.0,3.0,5.0,5.0,5.0,0
228,245f3b7d-d60b-5298-aad9-b2fecbc21099,2,Kendaraan Pribadi,private_vehicle,31.90,2658.0,0.0,0.00,4.00,3.00,18-25,Perempuan,Pelajar/Mahasiswa,<1 juta,Motor dan mobil,Sekolah/Kuliah,Jarang/tidak pernah,5.0,3.0,5.0,5.0,5.0,0
229,ea5cf20a-cdf0-5f3c-902d-afb3174d28b5,0,Rekomendasi,time,117.25,5000.0,1.0,3.35,2.97,3.10,18-25,Laki-laki,Pelajar/Mahasiswa,<1 juta,Motor,Belanja/Rekreasi,Beberapa kali seminggu,5.0,3.0,3.0,3.0,4.0,1
229,ea5cf20a-cdf0-5f3c-902d-afb3174d28b5,1,Kendaraan Pribadi,private_vehicle,25.80,2150.0,0.0,0.00,4.00,3.00,18-25,Laki-laki,Pelajar/Mahasiswa,<1 juta,Motor,Belanja/Rekreasi,Beberapa kali seminggu,5.0,3.0,3.0,3.0,4.0,0
230,49dc46da-26f6-58d5-924d-6ee9527a1e27,0,Rekomendasi,time,13.07,0.0,0.0,0.00,3.86,3.00,18-25,Perempuan,Pelajar/Mahasiswa,<1 juta,Tidak punya,Sekolah/Kuliah,Beberapa kali seminggu,4.0,4.0,4.0,5.0,5.0,1
230,49dc46da-26f6-58d5-924d-6ee9527a1e27,1,Kendaraan Pribadi,private_vehicle,2.30,268.0,0.0,0.00,4.00,3.00,18-25,Perempuan,Pelajar/Mahasiswa,<1 juta,Tidak punya,Sekolah/Kuliah,Beberapa kali seminggu,4.0,4.0,4.0,5.0,5.0,0
230,49dc46da-26f6-58d5-924d-6ee9527a1e27,2,Preferensi Saya,preference,13.52,0.0,0.0,0.00,4.05,3.07,18-25,Perempuan,Pelajar/Mahasiswa,<1 juta,Tidak punya,Sekolah/Kuliah,Beberapa kali seminggu,4.0,4.0,4.0,5.0,5.0,0
231,096f0656-bb49-5a2c-976d-f814eee3dfdf,0,Rekomendasi,time,35.15,5000.0,0.0,1.86,3.72,3.16,<18,Laki-laki,Pelajar/Mahasiswa,<1 juta,Motor dan mobil,Sekolah/Kuliah,Beberapa kali seminggu,5.0,4.0,3.0,4.0,5.0,1
231,096f0656-bb49-5a2c-976d-f814eee3dfdf,1,Termurah,cost,46.84,0.0,0.0,2.01,2.99,2.64,<18,Laki-laki,Pelajar/Mahasiswa,<1 juta,Motor dan mobil,Sekolah/Kuliah,Beberapa kali seminggu,5.0,4.0,3.0,4.0,5.0,0
231,096f0656-bb49-5a2c-976d-f814eee3dfdf,2,Kendaraan Pribadi,private_vehicle,10.30,1197.0,0.0,0.00,4.00,3.00,<18,Laki-laki,Pelajar/Mahasiswa,<1 juta,Motor dan mobil,Sekolah/Kuliah,Beberapa kali seminggu,5.0,4.0,3.0,4.0,5.0,0
232,771f6001-60b3-56f6-9e70-25ee3490a209,0,Rekomendasi,time,25.38,0.0,0.0,0.72,2.07,2.83,<18,Laki-laki,Pelajar/Mahasiswa,<1 juta,Tidak punya,Sekolah/Kuliah,Setiap hari,5.0,5.0,3.0,5.0,5.0,1
232,771f6001-60b3-56f6-9e70-25ee3490a209,1,Tercepat,alternative,24.92,0.0,0.0,0.82,2.29,2.77,<18,Laki-laki,Pelajar/Mahasiswa,<1 juta,Tidak punya,Sekolah/Kuliah,Setiap hari,5.0,5.0,3.0,5.0,5.0,0
232,771f6001-60b3-56f6-9e70-25ee3490a209,2,Kendaraan Pribadi,private_vehicle,6.10,509.0,0.0,0.00,4.00,3.00,<18,Laki-laki,Pelajar/Mahasiswa,<1 juta,Tidak punya,Sekolah/Kuliah,Setiap hari,5.0,5.0,3.0,5.0,5.0,0
233,310776de-c004-5f57-a773-472c72afd28e,0,Rekomendasi,time,38.79,5000.0,0.0,0.33,3.34,3.51,<18,Perempuan,Karyawan,>10 juta,Motor dan mobil,Kerja,Jarang/tidak pernah,5.0,3.0,4.0,5.0,5.0,1
233,310776de-c004-5f57-a773-472c72afd28e,1,Kendaraan Pribadi,private_vehicle,20.40,1704.0,0.0,0.00,4.00,3.00,<18,Perempuan,Karyawan,>10 juta,Motor dan mobil,Kerja,Jarang/tidak pernah,5.0,3.0,4.0,5.0,5.0,0
234,2f429453-2abd-55df-b632-7754f2fadee0,0,Rekomendasi,time,27.54,5000.0,0.0,0.22,4.59,5.00,<18,Perempuan,Wiraswasta,5-10 juta,Mobil,Kerja,Beberapa kali seminggu,3.0,4.0,2.0,3.0,4.0,1
234,2f429453-2abd-55df-b632-7754f2fadee0,1,Kendaraan Pribadi,private_vehicle,32.90,2740.0,0.0,0.00,4.00,3.00,<18,Perempuan,Wiraswasta,5-10 juta,Mobil,Kerja,Beberapa kali seminggu,3.0,4.0,2.0,3.0,4.0,0
234,2f429453-2abd-55df-b632-7754f2fadee0,2,Preferensi Saya,preference,27.52,5000.0,0.0,0.23,4.90,4.89,<18,Perempuan,Wiraswasta,5-10 juta,Mobil,Kerja,Beberapa kali seminggu,3.0,4.0,2.0,3.0,4.0,0
235,2411eeab-996a-58d8-a8cc-6ab283e50dac,0,Rekomendasi,time,114.14,5000.0,2.0,1.21,1.85,2.47,36-50,Perempuan,PNS/TNI/Polri,>10 juta,Motor dan mobil,Kerja,Beberapa kali sebulan,4.0,3.0,5.0,3.0,3.0,0
235,2411eeab-996a-58d8-a8cc-6ab283e50dac,1,Kendaraan Pribadi,private_vehicle,32.00,2666.0,0.0,0.00,4.00,3.00,36-50,Perempuan,PNS/TNI/Polri,>10 juta,Motor dan mobil,Kerja,Beberapa kali sebulan,4.0,3.0,5.0,3.0,3.0,1
236,ae5c25e4-52b9-556e-8f15-44da042081c9,0,Rekomendasi,time,52.04,5000.0,0.0,0.99,3.66,3.25,18-25,Laki-laki,Pelajar/Mahasiswa,<1 juta,Motor,Sekolah/Kuliah,Jarang/tidak pernah,5.0,5.0,5.0,5.0,5.0,1
236,ae5c25e4-52b9-556e-8f15-44da042081c9,1,Kendaraan Pribadi,private_vehicle,25.10,2929.0,0.0,0.00,4.00,3.00,18-25,Laki-laki,Pelajar/Mahasiswa,<1 juta,Motor,Sekolah/Kuliah,Jarang/tidak pernah,5.0,5.0,5.0,5.0,5.0,0
237,13e3821d-1658-58b8-8c0d-5eb8cbcd53fc,0,Rekomendasi,time,57.87,5000.0,0.0,1.64,3.74,3.33,<18,Perempuan,Pelajar/Mahasiswa,<1 juta,Tidak punya,Sekolah/Kuliah,Beberapa kali sebulan,4.0,4.0,4.0,4.0,4.0,1
237,13e3821d-1658-58b8-8c0d-5eb8cbcd53fc,1,Kendaraan Pribadi,private_vehicle,27.10,2260.0,0.0,0.00,4.00,3.00,<18,Perempuan,Pelajar/Mahasiswa,<1 juta,Tidak punya,Sekolah/Kuliah,Beberapa kali sebulan,4.0,4.0,4.0,4.0,4.0,0
238,cefa1fec-5505-520c-97cd-c62c83a37040,0,Rekomendasi,time,10.52,0.0,0.0,0.00,3.42,3.59,18-25,Laki-laki,Pelajar/Mahasiswa,<1 juta,Motor,Sekolah/Kuliah,Jarang/tidak pernah,5.0,4.0,4.0,5.0,5.0,1
238,cefa1fec-5505-520c-97cd-c62c83a37040,1,Kendaraan Pribadi,private_vehicle,2.90,344.0,0.0,0.00,4.00,3.00,18-25,Laki-laki,Pelajar/Mahasiswa,<1 juta,Motor,Sekolah/Kuliah,Jarang/tidak pernah,5.0,4.0,4.0,5.0,5.0,0
238,cefa1fec-5505-520c-97cd-c62c83a37040,2,Preferensi Saya,preference,10.41,0.0,0.0,0.00,3.43,3.47,18-25,Laki-laki,Pelajar/Mahasiswa,<1 juta,Motor,Sekolah/Kuliah,Jarang/tidak pernah,5.0,4.0,4.0,5.0,5.0,0
239,20c5376f-1774-57fa-b4a9-10531d32a90a,0,Rekomendasi,time,109.72,5000.0,1.0,2.08,2.84,2.91,36-50,Perempuan,PNS/TNI/Polri,>10 juta,Motor dan mobil,Kerja,Beberapa kali sebulan,3.0,5.0,3.0,4.0,4.0,1
239,20c5376f-1774-57fa-b4a9-10531d32a90a,1,Kendaraan Pribadi,private_vehicle,35.30,2943.0,0.0,0.00,4.00,3.00,36-50,Perempuan,PNS/TNI/Polri,>10 juta,Motor dan mobil,Kerja,Beberapa kali sebulan,3.0,5.0,3.0,4.0,4.0,0
240,51a63027-b4fe-5219-9283-d8907b5fee79,0,Rekomendasi,time,93.81,5000.0,1.0,1.08,2.51,2.98,36-50,Perempuan,PNS/TNI/Polri,>10 juta,Motor dan mobil,Kerja,Beberapa kali sebulan,5.0,5.0,5.0,5.0,4.0,1
240,51a63027-b4fe-5219-9283-d8907b5fee79,1,Kendaraan Pribadi,private_vehicle,45.90,3825.0,0.0,0.00,4.00,3.00,36-50,Perempuan,PNS/TNI/Polri,>10 juta,Motor dan mobil,Kerja,Beberapa kali sebulan,5.0,5.0,5.0,5.0,4.0,0
241,89d94609-0f94-5cc5-8fe3-547caf814fe4,0,Rekomendasi,time,37.84,0.0,0.0,1.21,2.60,2.73,18-25,Laki-laki,Pelajar/Mahasiswa,<1 juta,Motor,Belanja/Rekreasi,Beberapa kali seminggu,1.0,3.0,5.0,4.0,2.0,1
241,89d94609-0f94-5cc5-8fe3-547caf814fe4,1,Kendaraan Pribadi,private_vehicle,17.80,1482.0,0.0,0.00,4.00,3.00,18-25,Laki-laki,Pelajar/Mahasiswa,<1 juta,Motor,Belanja/Rekreasi,Beberapa kali seminggu,1.0,3.0,5.0,4.0,2.0,0
242,89265861-e786-549f-8b4b-aae2f8ab7fe9,0,Rekomendasi,time,124.20,5000.0,2.0,1.06,2.11,2.71,18-25,Perempuan,Pelajar/Mahasiswa,<1 juta,Motor,Sekolah/Kuliah,Setiap hari,5.0,3.0,4.0,5.0,5.0,0
242,89265861-e786-549f-8b4b-aae2f8ab7fe9,1,Kendaraan Pribadi,private_vehicle,30.80,2569.0,0.0,0.00,4.00,3.00,18-25,Perempuan,Pelajar/Mahasiswa,<1 juta,Motor,Sekolah/Kuliah,Setiap hari,5.0,3.0,4.0,5.0,5.0,1
243,9cf8a9ce-002d-5c19-87ab-7c4f42568260,0,Rekomendasi,time,31.12,5000.0,0.0,0.67,3.48,3.56,18-25,Perempuan,Pelajar/Mahasiswa,<1 juta,Motor,Sekolah/Kuliah,Beberapa kali sebulan,3.0,5.0,4.0,3.0,5.0,1
243,9cf8a9ce-002d-5c19-87ab-7c4f42568260,1,Kendaraan Pribadi,private_vehicle,7.50,625.0,0.0,0.00,4.00,3.00,18-25,Perempuan,Pelajar/Mahasiswa,<1 juta,Motor,Sekolah/Kuliah,Beberapa kali sebulan,3.0,5.0,4.0,3.0,5.0,0
244,d37a36d3-0ac9-53b4-89ed-9d4aa4e8d7e1,0,Rekomendasi,time,25.56,5000.0,0.0,0.31,3.40,3.53,18-25,Laki-laki,Pelajar/Mahasiswa,>10 juta,Motor dan mobil,Sekolah/Kuliah,Beberapa kali sebulan,5.0,3.0,5.0,5.0,5.0,1
244,d37a36d3-0ac9-53b4-89ed-9d4aa4e8d7e1,1,Kendaraan Pribadi,private_vehicle,12.40,1033.0,0.0,0.00,4.00,3.00,18-25,Laki-laki,Pelajar/Mahasiswa,>10 juta,Motor dan mobil,Sekolah/Kuliah,Beberapa kali sebulan,5.0,3.0,5.0,5.0,5.0,0
245,dafd55b9-51da-5b5c-b9df-5575d9ea7b50,0,Rekomendasi,time,31.94,5000.0,0.0,0.72,3.49,3.81,18-25,Laki-laki,Pelajar/Mahasiswa,<1 juta,Motor,Belanja/Rekreasi,Beberapa kali seminggu,4.0,5.0,3.0,2.0,4.0,1
245,dafd55b9-51da-5b5c-b9df-5575d9ea7b50,1,Kendaraan Pribadi,private_vehicle,14.40,1681.0,0.0,0.00,4.00,3.00,18-25,Laki-laki,Pelajar/Mahasiswa,<1 juta,Motor,Belanja/Rekreasi,Beberapa kali seminggu,4.0,5.0,3.0,2.0,4.0,0
246,8d77dd41-b9f2-54c3-9762-8e8f431e35e2,0,Rekomendasi,time,72.42,5000.0,1.0,1.21,2.74,3.26,26-35,Laki-laki,PNS/TNI/Polri,5-10 juta,Mobil,Kerja,Jarang/tidak pernah,5.0,3.0,5.0,5.0,5.0,1
246,8d77dd41-b9f2-54c3-9762-8e8f431e35e2,1,Kendaraan Pribadi,private_vehicle,32.40,2696.0,0.0,0.00,4.00,3.00,26-35,Laki-laki,PNS/TNI/Polri,5-10 juta,Mobil,Kerja,Jarang/tidak pernah,5.0,3.0,5.0,5.0,5.0,0
247,7950c116-3200-5f87-92e1-165dd840bf20,0,Rekomendasi,time,52.92,10000.0,1.0,0.19,3.78,4.13,18-25,Perempuan,Pelajar/Mahasiswa,1-3 juta,Motor,Sekolah/Kuliah,Setiap hari,3.0,4.0,3.0,3.0,3.0,1
247,7950c116-3200-5f87-92e1-165dd840bf20,1,Termurah,cost,52.75,5000.0,1.0,0.54,3.28,3.63,18-25,Perempuan,Pelajar/Mahasiswa,1-3 juta,Motor,Sekolah/Kuliah,Setiap hari,3.0,4.0,3.0,3.0,3.0,0
247,7950c116-3200-5f87-92e1-165dd840bf20,2,Kendaraan Pribadi,private_vehicle,26.30,2194.0,0.0,0.00,4.00,3.00,18-25,Perempuan,Pelajar/Mahasiswa,1-3 juta,Motor,Sekolah/Kuliah,Setiap hari,3.0,4.0,3.0,3.0,3.0,0
